index	image	Word	uniqueID	display_label	recognizability_answer	recognizability_RT	recognizability_N-ratings	recognizability_N-correct	recognizability_N-most-common	recognizability_most-common-label	recognizability	recognizability_homonyms	recognizability_close	nameability_N-ratings	nameability_alternative-label	nameability_label1	nameability_label1_moreEdit	nameability_label2	nameability_most-frequent-rating	nameability_naming-consistency	nameability	nameability_SE	nameability_SE-naming-consistency	memorability_cr
26110	acorn.jpg	acorn	acorn	acorn	acorn, acorn, acorn, acorn, acorn, acorn, acorn, acorn, acorn, acorn, acorn, acorn, acorn, acorn	5965, 3339, 10949, 19119, 2782, 4683, 4584, 3296, 39309, 4783, 15641, 3249, 3048, 14508,	14	14	14	acorn	1.0	1.0	1.0	nan	nan	nan	nan	nan	nan	nan	nan	nan	nan	nan
52	acorn/acorn_11s.jpg	acorn	acorn	acorn	acorn, acorn, acorn, acorn, acorn, nut, acorn, acorn, acorn, nut, acorn, acorn, acorn	5351, 2697, 33691, 32031, 14999, 4493, 23489, 23873, 3366, 11152 13148, 15303, 23665,	13	11	11	acorn	0.846153846	0.846153846	0.846153846	18.0	nan	acorn, acorn, acorn, acorn, acorn, acorn, acorn, acorn, acorn, acorn, acorn, acorn, acorn, acorn, acorn, acorn, nut, nut	acorn, acorn, acorn, acorn, acorn, acorn, acorn, acorn, acorn, acorn, acorn, acorn, acorn, acorn, acorn, acorn, nut, nut	nan	acorn	0.888888889	0.888888889	0.074074074	0.074074074	0.820512821
54	acorn/acorn_13s.jpg	acorn	acorn	acorn	acorn, acorn, acorn, acorn, acorn, acorn, acorn, acorn, bead, acorn, acorn, nut, acorn, acorn, acorn, acorn, acorn, mushroom, acorn	9542, 2498, 7093 2195, 26730, 2983 13351, 28107, 15793, 24597, 22737, 5011, 9623, 4929 26167, 3938, 3283, 8938, 3591,	19	16	16	acorn	0.842105263	0.842105263	0.842105263	19.0	nan	acorn, acorn, acorn, acorn, acorn, acorn, acorn, acorn, acorn, acorn, acorn, acorn, acorn, acorn, acorn, acorn, acorn, acorn, nut	acorn, acorn, acorn, acorn, acorn, acorn, acorn, acorn, acorn, acorn, acorn, acorn, acorn, acorn, acorn, acorn, acorn, acorn, nut	grass	acorn	0.947368421	0.947368421	0.051227817	0.051227817	0.775
53	acorn/acorn_12s.jpg	acorn	acorn	acorn	acorn, acorn, acorn, acorn, acorn, acorn, acorn, acorn, acorn, walnut, acorn, acorn, seed, acorn, walnut, acorn, acorn	5861, 10731, 2815, 2077, 26587, 3047, 3134, 3584, 5061, 7837, 2534, 3081, 283608, 2793, 7050, 12902, 3584,	17	14	14	acorn	0.823529412	0.823529412	0.823529412	16.0	nan	acorn, acorn, acorn, acorn, acorn, acorn, acorn, acorn, acorn, acorn, acorn, acorn, acorn, acorn, acorn, acorn	acorn, acorn, acorn, acorn, acorn, acorn, acorn, acorn, acorn, acorn, acorn, acorn, acorn, acorn, acorn, acorn	rock	acorn	1.0	1.0	0.0	0.0	0.87804878
56	acorn/acorn_15n.jpg	acorn	acorn	acorn	acorn, acorn, acorn, acorn, walnut, acorn, nut, acorn, acorn, acorn, shell (fruit/nut), acorn, acorn, acorn, acorn, acorn, acorn	6957 53667, 2994, 6743, 8692, 9065, 6021 25571, 6809, 4999 11645, 22636, 47024, 32557, 3109, 5332, 18958,	17	14	14	acorn	0.823529412	0.823529412	0.823529412	18.0	nan	acorn, acorn, acorn, acorn, acorn, acorn, acorn, acorn, acorn, acorn, acorn, acorn, acorn, acorn, acorn, acorn, acorn, oak	acorn, acorn, acorn, acorn, acorn, acorn, acorn, acorn, acorn, acorn, acorn, acorn, acorn, acorn, acorn, acorn, acorn, oak	leaves	acorn	0.944444444	0.944444444	0.053990295	0.053990295	0.682926829
46	acorn/acorn_05s.jpg	acorn	acorn	acorn	acorn, acorn, acorn, acorn, acorn, burrito, nut, nut, acorn, acorn, acorn, acorn, acorn, acorn	7324, 3595, 9549, 4332, 7391, 53335, 10080, 46289, 3625, 5158, 29247, 21322, 7100, 3523,	14	11	11	acorn	0.785714286	0.785714286	0.785714286	19.0	nan	acorn, acorn, acorn, acorn, acorn, acorn, acorn, acorn, acorn, acorn, acorn, acorn, acorn, acorn, acorn, acorn, acorn, acorn, fruit	acorn, acorn, acorn, acorn, acorn, acorn, acorn, acorn, acorn, acorn, acorn, acorn, acorn, acorn, acorn, acorn, acorn, acorn, fruit	leaves	acorn	0.947368421	0.947368421	0.051227817	0.051227817	0.85
43	acorn/acorn_02n.jpg	acorn	acorn	acorn	acorn, acorn, nut, acorn, chocolate, acorn, acorn, koala, acorn, acorn, acorn, acorn, nut, acorn, acorn, acorn, bomb, acorn, acorn	7192, 14177, 4703, 2323, 6478 15941, 3185, 6858, 5134, 9312, 4771, 19711, 6031, 8131, 9839, 2500, 8153, 3554, 9710,	19	14	14	acorn	0.736842105	0.736842105	0.736842105	17.0	nan	acorn, acorn, acorn, acorn, acorn, acorn, acorn, acorn, acorn, acorn, acorn, acorn, acorn, acorn, acorn, chestnut, nut	acorn, acorn, acorn, acorn, acorn, acorn, acorn, acorn, acorn, acorn, acorn, acorn, acorn, acorn, acorn, chestnut, nut	leaves	acorn	0.882352941	0.882352941	0.07814249	0.07814249	0.585365854
44	acorn/acorn_03s.jpg	acorn	acorn	acorn	acorn, acorn, acorn, acorn, acorn, leaf, acorn, acorn, walnut, acorn, salami	3197, 13207, 7786, 6991, 5076, 6744, 23494 6029, 9728, 15603, 19651,	11	8	8	acorn	0.727272727	0.727272727	0.727272727	18.0	nan	acorn, acorn, acorn, acorn, acorn, acorn, acorn, acorn, acorn, acorn, acorn, acorn, acorn, acorn, acorn, acorn, acorn, nut	acorn, acorn, acorn, acorn, acorn, acorn, acorn, acorn, acorn, acorn, acorn, acorn, acorn, acorn, acorn, acorn, acorn, nut	leaf	acorn	0.944444444	0.944444444	0.053990295	0.053990295	0.875
51	acorn/acorn_10s.jpg	acorn	acorn	acorn	tree, acorn, acorn, acorn, fruit, acorn, acorn, acorn, acorn, fruit, acorn	19788, 159616, 10956, 4701, 5626, 28361, 7224, 4157, 2927, 40807, 9679,	11	8	8	acorn	0.727272727	0.727272727	0.727272727	19.0	nan	acorn, acorn, acorn, acorn, acorn, acorn, acorn, acorn, acorn, acorn, acorn, acorn, acorn, acorn, acorn, acorn, acorn, fruit, vegetable	acorn, acorn, acorn, acorn, acorn, acorn, acorn, acorn, acorn, acorn, acorn, acorn, acorn, acorn, acorn, acorn, acorn, fruit, vegetable	green	acorn	0.894736842	0.894736842	0.0704059	0.0704059	0.85
48	acorn/acorn_07s.jpg	acorn	acorn	acorn	acorn, acorn, raccoon, acorn, leaf, fruit, acorn, acorn, acorn, acorn, nut, acorn, acorn	2814, 7871, 8203, 2870, 11634, 6047, 5902, 14053 14628 37214, 6632, 4710, 4136,	13	9	9	acorn	0.692307692	0.692307692	0.692307692	17.0	nan	acorn, acorn, acorn, acorn, acorn, acorn, acorn, acorn, acorn, acorn, acorn, acorn, acorn, acorn, acorn, leaf, nut	acorn, acorn, acorn, acorn, acorn, acorn, acorn, acorn, acorn, acorn, acorn, acorn, acorn, acorn, acorn, leaf, nut	leaves	acorn	0.882352941	0.882352941	0.07814249	0.07814249	0.75
47	acorn/acorn_06s.jpg	acorn	acorn	acorn	nut, acorn, acorn, acorn, flower, acorn, fruit, plant, acorn, acorn, acorn, acorn	7717, 2869, 8070, 53409, 151841, 40287, 12160 32373 5126, 18285, 4676, 4885,	12	8	8	acorn	0.666666667	0.666666667	0.666666667	19.0	nan	acorn, acorn, acorn, acorn, acorn, acorn, acorn, acorn, acorn, acorn, acorn, acorn, acorn, acorn, acorn, acorn, acorn, acorn, tree	acorn, acorn, acorn, acorn, acorn, acorn, acorn, acorn, acorn, acorn, acorn, acorn, acorn, acorn, acorn, acorn, acorn, acorn, tree	leaves	acorn	0.947368421	0.947368421	0.051227817	0.051227817	0.578947368
45	acorn/acorn_04s.jpg	acorn	acorn	acorn	nut, acorn, acorn, seed, acorn, nut, acorn, nut, acorn, acorn, acorn, acorn	22199, 4463, 2302, 5392, 4445, 5082, 3471, 12891, 69079, 21844, 3665, 3014,	12	8	8	acorn	0.666666667	0.666666667	0.666666667	18.0	nan	acorn, acorn, acorn, acorn, acorn, acorn, acorn, acorn, acorn, acorn, acorn, acorn, acorn, acorn, acorn, acorn, acorn, nut	acorn, acorn, acorn, acorn, acorn, acorn, acorn, acorn, acorn, acorn, acorn, acorn, acorn, acorn, acorn, acorn, acorn, nut	table	acorn	0.944444444	0.944444444	0.053990295	0.053990295	0.871794872
57	acorn/acorn_16n.jpg	acorn	acorn	acorn	flower, fruit, acorn, acorn, acorn, acorn, acorn, acorn, buckle, acorn, acorn, acorn, fruit, nut, acorn	6686, 4415, 3772, 4075, 4443, 2392, 4973 17672, 43279, 6833, 13223, 32660, 34166, 7905, 22022,	15	10	10	acorn	0.666666667	0.666666667	0.666666667	17.0	nan	acorn, acorn, acorn, acorn, acorn, acorn, acorn, acorn, acorn, acorn, acorn, acorn, acorn, acorn, flower, hip, seed	acorn, acorn, acorn, acorn, acorn, acorn, acorn, acorn, acorn, acorn, acorn, acorn, acorn, acorn, flower, hip, seed	leaf	acorn	0.823529412	0.823529412	0.092459441	0.092459441	0.575
55	acorn/acorn_14n.jpg	acorn	acorn	acorn	acorn, acorn, foot, acorn, acorn, acorn, coconut, acorn, acorn, acorn, fruit, acorn, acorn, tackle (fishing accessory), fruit, coconut	2419, 13690, 24300, 4816, 2843, 14223 107392, 3101, 17550, 49772, 6129, 4704, 5881, 3343, 7016, 5126,	16	10	10	acorn	0.625	0.625	0.625	20.0	nan	acorn, acorn, acorn, acorn, acorn, acorn, acorn, acorn, acorn, acorn, acorn, acorn, acorn, acorn, acorn, acorn, acorn, acorn, acorn, acorn	acorn, acorn, acorn, acorn, acorn, acorn, acorn, acorn, acorn, acorn, acorn, acorn, acorn, acorn, acorn, acorn, acorn, acorn, acorn, acorn	leaves	acorn	1.0	1.0	0.0	0.0	0.846153846
42	acorn/acorn_01b.jpg	acorn	acorn	acorn	walnut, acorn, peanut, pinecone, acorn, acorn, acorn, acorn, acorn, acorn, fruit, acorn, nut, nut, acorn	2926, 3441, 13600, 46857, 10442, 578721, 2285, 37963 12949 37318, 7767, 6644, 5609, 4981, 2726,	15	9	9	acorn	0.6	0.6	0.6	18.0	nan	acorn, acorn, acorn, acorn, acorn, acorn, acorn, acorn, acorn, acorn, acorn, acorn, acorn, acorn, acorn, acorn, nut, nut	acorn, acorn, acorn, acorn, acorn, acorn, acorn, acorn, acorn, acorn, acorn, acorn, acorn, acorn, acorn, acorn, nut, nut	basket	acorn	0.888888889	0.888888889	0.074074074	0.074074074	0.714285714
49	acorn/acorn_08s.jpg	acorn	acorn	acorn	acorn, walnut, acorn, acorn, fruit, fruit, acorn, acorn, almond, fruit, acorn, acorn	5212, 9527 30375 58038, 8919, 5507, 17649, 27376, 18025 6775, 4183, 8777,	12	7	7	acorn	0.583333333	0.583333333	0.583333333	19.0	nan	acorn, acorn, acorn, acorn, acorn, acorn, acorn, acorn, acorn, acorn, acorn, acorn, acorn, acorn, acorn, acorn, acorn, acorn, thing	acorn, acorn, acorn, acorn, acorn, acorn, acorn, acorn, acorn, acorn, acorn, acorn, acorn, acorn, acorn, acorn, acorn, acorn, thing	nan	acorn	0.947368421	0.947368421	0.051227817	0.051227817	0.87804878
50	acorn/acorn_09s.jpg	acorn	acorn	acorn	nut, acorn, acorn, shell (fruit/nut), dandelion, acorn, torpedo, grass, acorn, coconut, acorn, robe, acorn, dandelion, cashew, acorn	6742, 4153 7147, 26757 12487, 4507, 13350 10915 18005 16920, 3719, 29597, 5686, 59638, 8663, 2836,	16	7	7	acorn	0.4375	0.4375	0.4375	19.0	nan	acorn, acorn, acorn, acorn, acorn, acorn, acorn, acorn, acorn, acorn, acorn, acorn, acorn, acorn, acorn, acorn, acorn, acorn, nut	acorn, acorn, acorn, acorn, acorn, acorn, acorn, acorn, acorn, acorn, acorn, acorn, acorn, acorn, acorn, acorn, acorn, acorn, nut	branches	acorn	0.947368421	0.947368421	0.051227817	0.051227817	0.658536585
156	airplane/airplane_08n.jpg	airplane	airplane	airplane	airplane, airplane, airplane, airplane, airplane, airplane, airplane, airplane, airplane, airplane, airplane, airplane, airplane	10917, 4068, 9543, 40916, 12160, 9935, 3275, 26770, 3762, 22498, 7957, 84894, 7780,	13	13	13	airplane	1.0	1.0	1.0	19.0	nan	airplane, airplane, airplane, airplane, airplane, airplane, airplane, airplane, airplane, airplane, airplane, airplane, airplane, airplane, airplane, airplane, airplane, jet, jet	airplane, airplane, airplane, airplane, airplane, airplane, airplane, airplane, airplane, airplane, airplane, airplane, airplane, airplane, airplane, airplane, airplane, jet, jet	sky	airplane	0.894736842	0.894736842	0.0704059	0.0704059	0.75
160	airplane/airplane_12n.jpg	airplane	airplane	airplane	airplane, airplane, airplane, airplane, airplane, airplane, airplane, airplane, airplane, airplane, airplane, flipper (shoe), airplane, airplane, airplane, airplane	7024, 4860, 69091, 20100, 6062, 11951 8859, 4565, 16014, 4856, 3992, 10337, 5278, 27293, 3679, 4910,	16	15	15	airplane	0.9375	0.9375	0.9375	18.0	nan	aircraft, airplane, airplane, airplane, airplane, airplane, airplane, airplane, airplane, airplane, airplane, airplane, airplane, airplane, airplane, airplane, airplane, jet	aircraft, airplane, airplane, airplane, airplane, airplane, airplane, airplane, airplane, airplane, airplane, airplane, airplane, airplane, airplane, airplane, airplane, jet	sky	airplane	0.888888889	0.888888889	0.074074074	0.074074074	0.846153846
157	airplane/airplane_09n.jpg	airplane	airplane	airplane	airplane, jet, airplane, airplane, airplane, airplane, airplane, airplane, airplane, airplane, airplane, airplane, airplane, airplane, airplane, airplane	8251, 22058, 14510, 9607 6119, 5033, 9425 2560, 3560, 40583, 6736, 8155, 6891, 3262, 113442, 4691,	16	15	15	airplane	0.9375	0.9375	0.9375	14.0	nan	airplane, airplane, airplane, airplane, airplane, airplane, airplane, airplane, airplane, airplane, airplane, jet, jet plane, passenger plane	airplane, airplane, airplane, airplane, airplane, airplane, airplane, airplane, airplane, airplane, airplane, jet, jet plane, passenger plane	sky	airplane	0.785714286	0.785714286	0.109664211	0.109664211	0.829268293
159	airplane/airplane_11n.jpg	airplane	airplane	airplane	airplane, airplane, airplane, airplane, airplane, airplane, airplane, airplane, airplane, airplane, airplane, airplane, airplane, jet, airplane	11446, 3865, 3695, 36879, 42943, 4042, 3241, 6855, 16367, 7853 3201, 6860, 7063, 9763, 12891,	15	14	14	airplane	0.933333333	0.933333333	0.933333333	19.0	nan	airplane, airplane, airplane, airplane, airplane, airplane, airplane, airplane, airplane, airplane, airplane, airplane, airplane, airplane, airplane, airplane, airplane, jet, jet	airplane, airplane, airplane, airplane, airplane, airplane, airplane, airplane, airplane, airplane, airplane, airplane, airplane, airplane, airplane, airplane, airplane, jet, jet	runway	airplane	0.894736842	0.894736842	0.0704059	0.0704059	0.756097561
26117	airplane.jpg	airplane	airplane	airplane	airplane, jet, airplane, airplane, airplane, airplane, airplane, airplane, airplane, airplane, airplane, airplane, airplane, airplane, airplane	50707, 23737, 14397, 7889, 7778, 4259, 3335, 6126, 6699, 4744 4039, 6490, 2953, 2368, 14012,	15	14	14	airplane	0.933333333	0.933333333	0.933333333	nan	nan	nan	nan	nan	nan	nan	nan	nan	nan	nan
152	airplane/airplane_04n.jpg	airplane	airplane	airplane	airplane, airplane, airplane, airplane, airplane, jet, airplane, airplane, airplane, airplane, airplane	5844, 4635 2895, 5353, 3495 10113, 4811, 14984, 12332 2610, 3694,	11	10	10	airplane	0.909090909	0.909090909	0.909090909	19.0	nan	airplane, airplane, airplane, airplane, airplane, airplane, airplane, airplane, airplane, airplane, airplane, airplane, airplane, airplane, airplane, airplane, airplane, jet, jet	airplane, airplane, airplane, airplane, airplane, airplane, airplane, airplane, airplane, airplane, airplane, airplane, airplane, airplane, airplane, airplane, airplane, jet, jet	grass	airplane	0.894736842	0.894736842	0.0704059	0.0704059	0.833333333
154	airplane/airplane_06n.jpg	airplane	airplane	airplane	airplane, airplane, airplane, airplane, airplane, airplane, aircraft carrier, airplane, airplane, airplane, airplane, airplane, airplane, jet, airplane	6136, 4807, 11392, 13684, 27126, 3715, 68215 7691, 6190, 4876, 14059, 7387, 11405, 7470, 2674,	15	13	13	airplane	0.866666667	0.866666667	0.866666667	17.0	nan	airplane, airplane, airplane, airplane, airplane, airplane, airplane, airplane, airplane, airplane, airplane, airplane, airplane, airplane, airplane, jet, jet	airplane, airplane, airplane, airplane, airplane, airplane, airplane, airplane, airplane, airplane, airplane, airplane, airplane, airplane, airplane, jet, jet	runway	airplane	0.882352941	0.882352941	0.07814249	0.07814249	0.707317073
153	airplane/airplane_05n.jpg	airplane	airplane	airplane	airplane, airplane, airplane, airplane, airplane, airplane, jet, jet, airplane, airplane, airplane, airplane, airplane, wing (airplane), airplane, airplane, airplane, airplane, airplane, airplane	5781, 17804, 29468, 7180, 5903, 13476, 9305, 5204, 4041, 8699, 4804, 26479, 20357, 20355, 28317 45496, 5805, 6593, 5978, 29584,	20	17	17	airplane	0.85	0.85	0.9	19.0	nan	airplane, airplane, airplane, airplane, airplane, airplane, airplane, airplane, airplane, airplane, airplane, airplane, airplane, airplane, airplane, airplane, airplane, airplane, airplane	airplane, airplane, airplane, airplane, airplane, airplane, airplane, airplane, airplane, airplane, airplane, airplane, airplane, airplane, airplane, airplane, airplane, airplane, airplane	tarmac	airplane	1.0	1.0	0.0	0.0	0.772727273
158	airplane/airplane_10n.jpg	airplane	airplane	airplane	airplane, airplane, aircraft carrier, airplane, jet, airplane, jet, airplane, airplane, airplane, wing (airplane), airplane, airplane, airplane, airplane, airplane, airplane	3962, 5634, 6046, 4362, 21761, 50890, 36861, 4394, 5205, 4288, 19615, 40351 4144, 6378, 4083, 8220, 2638	17	13	13	airplane	0.764705882	0.764705882	0.823529412	18.0	nan	airplane, airplane, airplane, airplane, airplane, airplane, airplane, airplane, airplane, airplane, airplane, airplane, cloth, glider, jet, jet plane, large jet, private plane	airplane, airplane, airplane, airplane, airplane, airplane, airplane, airplane, airplane, airplane, airplane, airplane, cloth, glider, jet, jet plane, large jet, private plane	wall	airplane	0.666666667	0.666666667	0.111111111	0.111111111	0.80952381
155	airplane/airplane_07n.jpg	airplane	airplane	airplane	jet, airplane, airplane, jet, airplane, airplane, airplane, airplane, airplane, rocket, airplane, jet, airplane, airplane, airplane	6070 5839, 8114, 7130, 3136, 5038, 3581, 5486, 17742, 23549, 4525, 5645, 22528, 4099, 3084,	15	11	11	airplane	0.733333333	0.733333333	0.733333333	19.0	nan	aircraft, airplane, airplane, airplane, airplane, airplane, airplane, airplane, airplane, airplane, airplane, airplane, airplane, airplane, airplane, airplane, airplane, airplane, jet	aircraft, airplane, airplane, airplane, airplane, airplane, airplane, airplane, airplane, airplane, airplane, airplane, airplane, airplane, airplane, airplane, airplane, airplane, jet	sky	airplane	0.894736842	0.894736842	0.0704059	0.0704059	0.820512821
149	airplane/airplane_01b.jpg	airplane	airplane	airplane	helicopter, wing (airplane), airplane, aircraft carrier, airplane, airplane, airplane, airplane, airplane, airplane, airplane, airplane, airplane, helicopter	8214, 6913, 3625, 13217, 8243, 17518, 10404, 19334 7609, 9725, 9604, 9162, 42250, 10774,	14	10	10	airplane	0.714285714	0.714285714	0.785714286	15.0	nan	airplane, airplane, airplane, airplane, airplane, airplane, airplane, airplane, airplane, airplane, airplane, airplane, airplane, airplane, seaplane	airplane, airplane, airplane, airplane, airplane, airplane, airplane, airplane, airplane, airplane, airplane, airplane, airplane, airplane, seaplane	nan	airplane	0.933333333	0.933333333	0.064406119	0.064406119	0.720930233
151	airplane/airplane_03n.jpg	airplane	airplane	airplane	honeycomb, engine, airplane, airplane, airplane, airplane, jet, jet, airplane, airplane, airplane, airplane, jet, airplane, jet	12784, 2955, 6330, 9828, 4302, 4655, 13623, 13914, 5217, 10312, 58483, 60204, 27863, 268554, 7639,	15	9	9	airplane	0.6	0.6	0.6	19.0	nan	aircraft, airplane, airplane, airplane, airplane, airplane, airplane, airplane, airplane, airplane, airplane, airplane, airplane, airplane, jet, jet, jet, jet plane, private jet	aircraft, airplane, airplane, airplane, airplane, airplane, airplane, airplane, airplane, airplane, airplane, airplane, airplane, airplane, jet, jet, jet, jet plane, private jet	sky	airplane	0.684210526	0.684210526	0.106639205	0.106639205	0.8
150	airplane/airplane_02n.jpg	airplane	airplane	airplane	airplane, airplane, airplane, jet, jet, jet, airplane, jet, arrow, airplane, airplane, airplane, jet, airplane, airplane, airplane, jet	12068, 3405, 10499, 81401, 17749 10041, 13002, 3405, 6518, 10514, 12995, 12516, 56650, 5230, 6430, 8033, 10813	17	10	10	airplane	0.588235294	0.588235294	0.588235294	18.0	nan	airplane, airplane, airplane, airplane, airplane, airplane, airplane, airplane, airplane, airplane, airplane, airplane, airplane, jet, jet, jet, jet, jet plane	airplane, airplane, airplane, airplane, airplane, airplane, airplane, airplane, airplane, airplane, airplane, airplane, airplane, jet, jet, jet, jet, jet plane	hanger	airplane	0.722222222	0.722222222	0.105571799	0.105571799	0.840909091
437	apple/apple_05s.jpg	apple	apple	apple	apple, apple, apple, apple, apple, apple, apple, apple, apple, apple, apple, apple, apple, apple, apple, apple, apple, apple	4781, 2687, 1845 5822, 3233 4645, 2370, 6321, 2910, 6004, 5151, 4720, 4180, 5546, 3695, 3294, 3033, 3548,	18	18	18	apple	1.0	1.0	1.0	20.0	nan	apple, apple, apple, apple, apple, apple, apple, apple, apple, apple, apple, apple, apple, apple, apple, apple, apple, apple, apple, apple	apple, apple, apple, apple, apple, apple, apple, apple, apple, apple, apple, apple, apple, apple, apple, apple, apple, apple, apple, apple	stems	apple	1.0	1.0	0.0	0.0	0.769230769
442	apple/apple_10s.jpg	apple	apple	apple	apple, apple, apple, apple, apple, apple, apple, apple, apple, apple, apple, apple, apple, apple, apple	2883, 3519, 3714, 6091, 4389, 3990, 4262, 4756, 4861, 5430, 2983, 27506, 4744, 4950, 3186,	15	15	15	apple	1.0	1.0	1.0	19.0	nan	apple, apple, apple, apple, apple, apple, apple, apple, apple, apple, apple, apple, apple, apple, apple, apple, apple, apple, apple	apple, apple, apple, apple, apple, apple, apple, apple, apple, apple, apple, apple, apple, apple, apple, apple, apple, apple, apple	nan	apple	1.0	1.0	0.0	0.0	0.822222222
438	apple/apple_06s.jpg	apple	apple	apple	apple, apple, apple, apple, apple, apple, apple, apple, apple, apple, apple, apple, apple, apple	3656, 9647, 8770, 5840, 4828, 4544, 6262, 4960 5003, 3343, 3577, 3725, 5862, 6842,	14	14	14	apple	1.0	1.0	1.0	16.0	nan	apple, apple, apple, apple, apple, apple, apple, apple, apple, apple, apple, apple, apple, apple, apple, apple	apple, apple, apple, apple, apple, apple, apple, apple, apple, apple, apple, apple, apple, apple, apple, apple	table	apple	1.0	1.0	0.0	0.0	0.880952381
440	apple/apple_08s.jpg	apple	apple	apple	apple, apple, apple, apple, apple, apple, apple, apple, apple, apple, apple, apple	8664, 4040 5175, 4103, 4428, 3637, 3742, 3515, 5236, 5466, 2619, 3319,	12	12	12	apple	1.0	1.0	1.0	20.0	nan	apple, apple, apple, apple, apple, apple, apple, apple, apple, apple, apple, apple, apple, apple, apple, apple, apple, apple, apple, apple	apple, apple, apple, apple, apple, apple, apple, apple, apple, apple, apple, apple, apple, apple, apple, apple, apple, apple, apple, apple	leaves	apple	1.0	1.0	0.0	0.0	0.813953488
26137	apple.jpg	apple	apple	apple	apple, apple, apple, apple, apple, apple, apple, apple, apple, apple, apple, apple	17323, 4432, 10667, 2649, 21647, 2713, 3221, 5631, 6508, 30689, 6006, 2478,	12	12	12	apple	1.0	1.0	1.0	nan	nan	nan	nan	nan	nan	nan	nan	nan	nan	nan
434	apple/apple_02s.jpg	apple	apple	apple	apple, apple, apple, apple, apple, apple, apple, apple, apple, apple, apple, apple, apple, apple, apple, apple, manhole, apple	4602, 2795, 12899, 7009 4814, 2891, 4259, 4367, 5167 6469, 10449, 8158, 5518, 6452, 3628, 19299, 4260, 4061,	18	17	17	apple	0.944444444	0.944444444	0.944444444	19.0	nan	apple, apple, apple, apple, apple, apple, apple, apple, apple, apple, apple, apple, apple, apple, apple, apple, apple, apple, apple	apple, apple, apple, apple, apple, apple, apple, apple, apple, apple, apple, apple, apple, apple, apple, apple, apple, apple, apple	basket	apple	1.0	1.0	0.0	0.0	0.875
441	apple/apple_09s.jpg	apple	apple	apple	apple, apple, apple, apple, apple, goose, apple, apple, apple, apple, apple, apple, apple, apple, apple, apple, apple	12023, 13917, 2100, 10681, 3193, 15196 11317, 6011, 6870, 4603, 3311, 2366, 3842, 5014, 7597 2625, 5350,	17	16	16	apple	0.941176471	0.941176471	0.941176471	17.0	nan	apple, apple, apple, apple, apple, apple, apple, apple, apple, apple, apple, apple, apple, apple, apple, apple, apple	apple, apple, apple, apple, apple, apple, apple, apple, apple, apple, apple, apple, apple, apple, apple, apple, apple	nan	apple	1.0	1.0	0.0	0.0	0.95
444	apple/apple_12s.jpg	apple	apple	apple	apple, apple, apple, apple, apple, apple, apple, apple tree, apple, apple, apple, apple, apple, apple, apple, apple, apple	4257, 3950, 5834, 5752, 3612, 4399, 5054, 5474, 5723, 3399, 3797, 5287, 4527, 4156, 4627, 3386, 3987,	17	16	16	apple	0.941176471	0.941176471	1.0	19.0	nan	apple, apple, apple, apple, apple, apple, apple, apple, apple, apple, apple, apple, apple, apple, apple, apple, apple, apple, well	apple, apple, apple, apple, apple, apple, apple, apple, apple, apple, apple, apple, apple, apple, apple, apple, apple, apple, well	tree	apple	0.947368421	0.947368421	0.051227817	0.051227817	0.780487805
433	apple/apple_01b.jpg	apple	apple	apple	apple, fruit, apple, apple, apple, apple, apple, apple, apple, apple, apple, apple, apple, apple, apple, apple	13575, 22229, 4670, 5133, 6818, 4234, 9356, 7792, 6293, 5642, 5861, 5731, 5284, 6988, 18421, 2574,	16	15	15	apple	0.9375	0.9375	0.9375	18.0	nan	apple, apple, apple, apple, apple, apple, apple, apple, apple, apple, apple, apple, apple, apple, apple, apple, apple, apple	apple, apple, apple, apple, apple, apple, apple, apple, apple, apple, apple, apple, apple, apple, apple, apple, apple, apple	stem	apple	1.0	1.0	0.0	0.0	0.952380952
439	apple/apple_07s.jpg	apple	apple	apple	apple, apple, fruit, apple, apple, apple, apple, apple, apple, apple, apple, apple, apple, apple, apple	3816, 6532, 10677, 3793, 4556, 5976, 3159, 7603, 4711, 3775, 4345, 4739, 7783, 4117, 2383,	15	14	14	apple	0.933333333	0.933333333	0.933333333	17.0	nan	apple, apple, apple, apple, apple, apple, apple, apple, apple, apple, apple, apple, apple, apple, apple, fruit, photo	apple, apple, apple, apple, apple, apple, apple, apple, apple, apple, apple, apple, apple, apple, apple, fruit, photo	basket	apple	0.882352941	0.882352941	0.07814249	0.07814249	0.659090909
443	apple/apple_11s.jpg	apple	apple	apple	apple, apple, apple, apple tree, apple, apple, apple, apple tree, apple, apple, apple tree, apple, apple, apple, apple	2975 4114, 3584, 14172, 3904, 5255, 6548, 10940, 2934, 3944, 7279, 5929, 2960 2484, 5357,	15	12	12	apple	0.8	0.8	1.0	20.0	nan	apple, apple, apple, apple, apple, apple, apple, apple, apple, apple, apple, apple, apple, apple, apple, apple, apple, apple, apple, apple	apple, apple, apple, apple, apple, apple, apple, apple, apple, apple, apple, apple, apple, apple, apple, apple, apple, apple, apple, apple	tree	apple	1.0	1.0	0.0	0.0	0.8
436	apple/apple_04s.jpg	apple	apple	apple	apple, apple tree, apple, apple, apple tree, apple, apple, apple tree, apple, apple, apple, apple, apple, apple, apple	4262, 8413, 5281, 7071, 126691, 2617, 11145, 3918 13198, 3949, 5906, 4055, 4292, 6339, 11008,	15	12	12	apple	0.8	0.8	1.0	16.0	nan	apple, apple, apple, apple, apple, apple, apple, apple, apple, apple, apple, apple, apple, apple, apple, apple	apple, apple, apple, apple, apple, apple, apple, apple, apple, apple, apple, apple, apple, apple, apple, apple	leaves	apple	1.0	1.0	0.0	0.0	0.717948718
435	apple/apple_03s.jpg	apple	apple	apple	apple, apple tree, apple tree, apple, apple, apple tree, apple, apple, apple, apple, apple, fruit	9705, 9333, 10412, 11996, 8228, 6679, 8174, 8862, 65270, 5317, 2791, 7994,	12	8	8	apple	0.666666667	0.666666667	0.916666667	20.0	nan	apple, apple, apple, apple, apple, apple, apple, apple, apple, apple, apple, apple, apple, apple, apple, apple, apple, apple, apple, apple	apple, apple, apple, apple, apple, apple, apple, apple, apple, apple, apple, apple, apple, apple, apple, apple, apple, apple, apple, apple	leaves	apple	1.0	1.0	0.0	0.0	0.897435897
1650	bed/bed_07n.jpg	bed	bed	bed	bed, bed, bed, bed, bed, bed, bed, bed, bed, bed, bed, bed, bed, bed, bed, bed	245275, 2182, 5213, 13137, 4891, 2009, 7374, 4923, 7653, 3677, 4717, 4982 2537, 5318, 6722, 2391,	16	16	16	bed	1.0	1.0	1.0	20.0	nan	bed, bed, bed, bed, bed, bed, bed, bed, bed, bed, bed, bed, bed, bed, bed, bed, bed, bed, bed, bed	bed, bed, bed, bed, bed, bed, bed, bed, bed, bed, bed, bed, bed, bed, bed, bed, bed, bed, bed, bed	pillows	bed	1.0	1.0	0.0	0.0	0.829268293
1649	bed/bed_06n.jpg	bed	bed	bed	bed, bed, bed, bed, bed, bed, bed, bed, bed, bed, bed, bed, bed, bed, bed, bed	4958, 8548, 27940, 13984, 4657, 12727 2911, 2468, 4366, 7823, 17046, 4109, 9434, 4776, 4262, 4433,	16	16	16	bed	1.0	1.0	1.0	15.0	nan	bed, bed, bed, bed, bed, bed, bed, bed, bed, bed, bed, bed, bed, bed, bed	bed, bed, bed, bed, bed, bed, bed, bed, bed, bed, bed, bed, bed, bed, bed	pillow	bed	1.0	1.0	0.0	0.0	0.775
1646	bed/bed_03s.jpg	bed	bed	bed	bed, bed, bed, bed, bed, bed, bed, bed, bed, bed, bed, bed, bed, bed, bed	2567, 6283 6668, 8182, 5761, 7123, 29441, 6791, 6211, 4784 4338, 12676 4112 4250, 5016,	15	15	15	bed	1.0	1.0	1.0	19.0	nan	bed, bed, bed, bed, bed, bed, bed, bed, bed, bed, bed, bed, bed, bed, bed, bed, bed, bed, bed	bed, bed, bed, bed, bed, bed, bed, bed, bed, bed, bed, bed, bed, bed, bed, bed, bed, bed, bed	bedroom	bed	1.0	1.0	0.0	0.0	0.8
1657	bed/bed_14s.jpg	bed	bed	bed	bed, bed, bed, bed, bed, bed, bed, bed, bed, bed, bed, bed, bed, bed	3647, 4008, 3232, 2319, 8446, 6380, 13117, 4869, 4968, 6574, 4540, 3528, 8127, 2663,	14	14	14	bed	1.0	1.0	1.0	16.0	nan	bed, bed, bed, bed, bed, bed, bed, bed, bed, bed, bed, bed, bed, bed, bed, bed	bed, bed, bed, bed, bed, bed, bed, bed, bed, bed, bed, bed, bed, bed, bed, bed	rug	bed	1.0	1.0	0.0	0.0	0.717948718
1648	bed/bed_05n.jpg	bed	bed	bed	bed, bed, bed, bed, bed, bed, bed, bed, bed, bed, bed, bed, bed, bed	5165, 2271 4406, 25085, 3964, 2400, 5085, 4674, 7965, 5085, 2798 7032, 7573, 2345	14	14	14	bed	1.0	1.0	1.0	19.0	nan	bed, bed, bed, bed, bed, bed, bed, bed, bed, bed, bed, bed, bed, bed, bed, bed, bed, bed, brown quilt	bed, bed, bed, bed, bed, bed, bed, bed, bed, bed, bed, bed, bed, bed, bed, bed, bed, bed, brown quilt	bed	bed	0.947368421	0.947368421	0.051227817	0.051227817	0.692307692
1655	bed/bed_12s.jpg	bed	bed	bed	bed, bed, bed, bed, bed, bed, bed, bed, bed, bed, bed, bed, bed, bed, bed, bed, bed, bed, bed, bed	4677, 3547, 3462, 3458, 4630, 5182, 4358, 4211 5576, 3279, 5119, 4790, 35415, 6949, 4101, 2875, 2644, 17152, 4646, 3390,	20	20	20	bed	1.0	1.0	1.0	18.0	nan	bed, bed, bed, bed, bed, bed, bed, bed, bed, bed, bed, bed, bed, bed, bed, bed, bed, comforter	bed, bed, bed, bed, bed, bed, bed, bed, bed, bed, bed, bed, bed, bed, bed, bed, bed, comforter	pillows	bed	0.944444444	0.944444444	0.053990295	0.053990295	0.675
1660	bed/bed_17s.jpg	bed	bed	bed	bed, bed, bed, bed, bed, bed, bed, bed, bed, bed, bed, bed, bed, bed, bed, pillow, bed, bed, bed, bed	25624, 4952, 3269, 3977, 4119, 3212, 2285, 8470, 4405, 6627 3894, 5126, 5447, 5102, 8872, 5631, 5333 6864, 4495, 2099,	20	19	19	bed	0.95	0.95	0.95	18.0	nan	bed, bed, bed, bed, bed, bed, bed, bed, bed, bed, bed, bed, bed, bed, bed, bed, bed, bed	bed, bed, bed, bed, bed, bed, bed, bed, bed, bed, bed, bed, bed, bed, bed, bed, bed, bed	pillows	bed	1.0	1.0	0.0	0.0	0.829268293
1663	bed/bed_20n.jpg	bed	bed	bed	bed, bed, bed, bed, bed, bed, cot, bed, bed, bed, bed, bed, bed, bed, bed, bed, bed	14210, 6953, 9391, 11283, 2980, 2648, 16981, 56697 5667, 7553, 7438, 3837, 25063 5851 3983, 4218, 2520,	17	16	16	bed	0.941176471	0.941176471	0.941176471	18.0	nan	bed, bed, bed, bed, bed, bed, bed, bed, bed, bed, bed, bed, bed, bed, bed, bed, bed, childs room	bed, bed, bed, bed, bed, bed, bed, bed, bed, bed, bed, bed, bed, bed, bed, bed, bed, childs room	bedroom	bed	0.944444444	0.944444444	0.053990295	0.053990295	0.853658537
1647	bed/bed_04s.jpg	bed	bed	bed	bed, bed, bed, bed, bed, bed, bed, bed, bathrobe, bed, bed, bed, bed, bed, bed, bed, bed	7939, 4772, 3543, 5076, 5846, 3833, 25951, 23616, 7069, 7338, 2218, 12983, 47047, 3268, 4445, 5636, 4137,	17	16	16	bed	0.941176471	0.941176471	0.941176471	17.0	nan	bed, bed, bed, bed, bed, bed, bed, bed, bed, bed, bed, bed, bed, bed, bed, bed, cot	bed, bed, bed, bed, bed, bed, bed, bed, bed, bed, bed, bed, bed, bed, bed, bed, cot	window	bed	0.941176471	0.941176471	0.057067206	0.057067206	0.625
1664	bed/bed_21n.jpg	bed	bed	bed	bed, bed, bed, bed, bed, bed, bed, bed, bed, bed, bed, bed, coat, bed, bed, bed	2721, 1957, 5988, 6951, 6472, 2474, 4405, 5915, 23237, 20888, 6816, 17132, 11688, 5006 4939, 3038,	16	15	15	bed	0.9375	0.9375	0.9375	17.0	nan	bed, bed, bed, bed, bed, bed, bed, bed, bed, bed, bed, bed, bed, bed, bed, bed, bed	bed, bed, bed, bed, bed, bed, bed, bed, bed, bed, bed, bed, bed, bed, bed, bed, bed	furniture	bed	1.0	1.0	0.0	0.0	0.692307692
1662	bed/bed_19n.jpg	bed	bed	bed	bed, bed, bed, bed, cushion, bed, bed, bed, bed, bed, bed, bed, bed, bed, bed, bed	6128, 6627, 4439, 8071, 6439, 5167, 4729, 3632, 6216, 6174, 6535, 13627, 11618, 5743, 5197, 10929,	16	15	15	bed	0.9375	0.9375	0.9375	19.0	nan	bed, bed, bed, bed, bed, bed, bed, bed, bed, bed, bed, bed, bed, bed, bed, bed, bed, comforter, comforter	bed, bed, bed, bed, bed, bed, bed, bed, bed, bed, bed, bed, bed, bed, bed, bed, bed, comforter, comforter	wall hangings	bed	0.894736842	0.894736842	0.0704059	0.0704059	0.75
26215	bed.jpg	bed	bed	bed	bed, bed, bed, pillow, bed, bed, bed, bed, bed, bed, bed, bed, bed, bed, bed, bed	7137 6956, 7121, 3870, 5297, 3434, 6203, 5527, 5477, 5583 8021, 9198, 4030, 18811, 16420, 3082,	16	15	15	bed	0.9375	0.9375	0.9375	nan	nan	nan	nan	nan	nan	nan	nan	nan	nan	nan
1644	bed/bed_01b.jpg	bed	bed	bed	bed, bed, bed, bed, bed, bed, sofa bed, bed, bed, bed, bed, bed, bed, bed, bed	6192, 4105, 3563, 9493, 3920, 2698, 7443, 2796, 4160, 3446, 7538, 3137, 5034, 11426, 2830	15	14	14	bed	0.933333333	0.933333333	1.0	20.0	nan	bed, bed, bed, bed, bed, bed, bed, bed, bed, bed, bed, bed, bed, bed, bed, bed, bed, bed, bed, bed	bed, bed, bed, bed, bed, bed, bed, bed, bed, bed, bed, bed, bed, bed, bed, bed, bed, bed, bed, bed	comforter	bed	1.0	1.0	0.0	0.0	0.875
1651	bed/bed_08s.jpg	bed	bed	bed	bed, bed, bed, bed, bed, bed, bed, bed, bed, bed, bed, bed, cot, bed	3746 8082, 6075 5944, 4133, 3734, 18962, 4667, 3710, 3858, 7133, 4080, 25116, 35999,	14	13	13	bed	0.928571429	0.928571429	0.928571429	17.0	nan	bed, bed, bed, bed, bed, bed, bed, bed, bed, bed, bed, bed, bed, bed, bed, bed, bed	bed, bed, bed, bed, bed, bed, bed, bed, bed, bed, bed, bed, bed, bed, bed, bed, bed	blankets	bed	1.0	1.0	0.0	0.0	0.8
1665	bed/bed_22s.jpg	bed	bed	bed	bed, bed, bed, pillow, bed, bed, bed, bed, bed, bed, bed, bed, bed, bed	4528, 9259, 5988, 3696, 6667, 2312 5479, 5044, 3718, 7246, 13113, 6348, 3879 3393,	14	13	13	bed	0.928571429	0.928571429	0.928571429	15.0	nan	bat, bed, bed, bed, bed, bed, bed, bed, bed, bed, bed, bed, bed, bed, bed	bat, bed, bed, bed, bed, bed, bed, bed, bed, bed, bed, bed, bed, bed, bed	pillows	bed	0.933333333	0.933333333	0.064406119	0.064406119	0.906976744
1653	bed/bed_10s.jpg	bed	bed	bed	bed, bed, bed, bed, bed, sofa bed, bed, bed, bed, bed	5920, 5133, 3246, 2675, 6561, 10769, 6135, 3557, 3604, 5985,	10	9	9	bed	0.9	0.9	1.0	14.0	nan	bat, bed, bed, bed, bed, bed, bed, bed, bed, bed, bed, bed, bed, bed	bat, bed, bed, bed, bed, bed, bed, bed, bed, bed, bed, bed, bed, bed	shelves	bed	0.928571429	0.928571429	0.068830294	0.068830294	0.772727273
1645	bed/bed_02s.jpg	bed	bed	bed	bed, cot, bed, bed, bed, bed, bed, bed, cot, bed, bed, bed, bed, bed, bed, bed	4498, 6582, 3444, 4197, 5278, 14308, 11199, 4799, 5121, 10704, 7421, 8542, 38650, 3221 2332, 5687,	16	14	14	bed	0.875	0.875	0.875	19.0	nan	bead frame, bed, bed, bed, bed, bed, bed, bed, bed, bed, bed, bed, bed, bed, bed, bed, bed, bed, bed	bead frame, bed, bed, bed, bed, bed, bed, bed, bed, bed, bed, bed, bed, bed, bed, bed, bed, bed, bed	wardrobe	bed	0.947368421	0.947368421	0.051227817	0.051227817	0.794871795
1656	bed/bed_13s.jpg	bed	bed	bed	bed, bed, bed, bed, air mattress, bed, bed, bed, bed, bed, bed, sofa bed, bed, bed, bed	3950 8517, 4900, 3885, 25660, 9220, 11974, 6077, 7014, 3443, 4647, 3300, 3274, 3595, 4244,	15	13	13	bed	0.866666667	0.866666667	0.933333333	19.0	nan	bed, bed, bed, bed, bed, bed, bed, bed, bed, bed, bed, bed, bed, bed, bed, bed, bed, bed, bed	bed, bed, bed, bed, bed, bed, bed, bed, bed, bed, bed, bed, bed, bed, bed, bed, bed, bed, bed	bedding	bed	1.0	1.0	0.0	0.0	0.725
1654	bed/bed_11n.jpg	bed	bed	bed	bed, bed, bed, bed, bed, bed, bed, wall, bed, bed, bed, bed, bed, bed, mattress	78031, 3736, 4398, 37248, 5313, 9562, 2898, 36339, 6898, 14842, 5104, 7001, 2507 4031, 10429,	15	13	13	bed	0.866666667	0.866666667	0.866666667	18.0	nan	bed, bed, bed, bed, bed, bed, bed, bed, bed, bed, bed, bed, bed, bed, bed, cot, pillow, queen size	bed, bed, bed, bed, bed, bed, bed, bed, bed, bed, bed, bed, bed, bed, bed, cot, pillow, queen size	pillows	bed	0.833333333	0.833333333	0.087841046	0.087841046	0.8
1661	bed/bed_18n.jpg	bed	bed	bed	bed, bed, bed, bed, bed, bed, bed, bag, bed, sofa bed, bed, bed	3843, 10709, 4794 3201, 4207, 4911, 3544, 78054, 4276, 6983, 5126, 5464,	12	10	10	bed	0.833333333	0.833333333	0.916666667	16.0	nan	bed, bed, bed, bed, bed, bed, bed, bed, bed, bed, bed, bed, bed, bed, bed, bed	bed, bed, bed, bed, bed, bed, bed, bed, bed, bed, bed, bed, bed, bed, bed, bed	purse	bed	1.0	1.0	0.0	0.0	0.717948718
1652	bed/bed_09n.jpg	bed	bed	bed	mattress, cot, bed, coat, bed, bed, bed, bed, bed, bed, bed, bed, bed, bed, cot, bed	14664, 5406, 5458, 6533, 30902, 8473, 5108, 4300, 11007, 4999, 4440, 2626, 5757, 2554, 5304, 150216,	16	12	12	bed	0.75	0.75	0.75	17.0	nan	bed, bed, bed, bed, bed, bed, bed, bed, bed, bed, bed, bed, bed, bed, bed, bed, bed	bed, bed, bed, bed, bed, bed, bed, bed, bed, bed, bed, bed, bed, bed, bed, bed, bed	blanket	bed	1.0	1.0	0.0	0.0	0.875
1659	bed/bed_16n.jpg	bed	bed	bed	bed, bed, bed, bed, bed, window, window, bed, bed, bed, bed, wind chimes, bed, window, bed	9860, 4202, 7846, 2667, 30591, 5479, 13645, 11111, 7804, 4605, 23786, 6058, 5059 6345, 3315,	15	11	11	bed	0.733333333	0.733333333	0.733333333	20.0	nan	bed, bed, bed, bed, bed, bed, bed, bed, bed, bed, bed, bed, bed, bed, bed, bed, bed, bed, bed, bed	bed, bed, bed, bed, bed, bed, bed, bed, bed, bed, bed, bed, bed, bed, bed, bed, bed, bed, bed, bed	bedroom	bed	1.0	1.0	0.0	0.0	0.829268293
1658	bed/bed_15n.jpg	bed	bed	bed	bed, cart, bed, bed, bed, bed, dollhouse, bed, bed, bed, sofa bed, cot	5669, 9318, 8965, 4613, 3813, 2871 22532, 8664, 5711, 2488 29428 5265,	12	8	8	bed	0.666666667	0.666666667	0.75	20.0	nan	bed, bed, bed, bed, bed, bed, bed, bed, bed, bed, bed, bed, bed, bed, bed, bed, bed, bed, bed, bed	bed, bed, bed, bed, bed, bed, bed, bed, bed, bed, bed, bed, bed, bed, bed, bed, bed, bed, bed, bed	bedroom	bed	1.0	1.0	0.0	0.0	0.894736842
1904	bike/bike_20s.jpg	bike	bike	bike (bicycle)	bike (bicycle), bike (bicycle), bike (bicycle), bike (bicycle), bike (bicycle), bike (bicycle), bike (bicycle), bike (bicycle), bike (bicycle), bike (bicycle), bike (bicycle), bike (bicycle), bike (bicycle), bike (bicycle)	3982, 4279, 12668, 9296, 2979, 31683, 65058, 2563, 4620, 4628, 2201, 16368, 7429, 4012,	14	14	14	bike (bicycle)	1.0	1.0	1.0	15.0	nan	bicycle, bicycle, bicycle, bicycle, bicycle, bicycle, bicycle, bike, bike, bike, bike, bike, bike, bike, bike	bicycle, bicycle, bicycle, bicycle, bicycle, bicycle, bicycle, bike, bike, bike, bike, bike, bike, bike, bike	bike rack	bike	0.533333333	0.533333333	0.128812238	0.128812238	0.842105263
1889	bike/bike_05s.jpg	bike	bike	bike (bicycle)	bike (bicycle), bike (bicycle), bike (bicycle), bike (bicycle), bike (bicycle), bike (bicycle), bike (bicycle), bike (bicycle), bike (bicycle), bike (bicycle), bike (bicycle), bike (bicycle), bike (bicycle), handlebar (bicycle), bike (bicycle), bike (bicycle), bike (bicycle)	2769, 19902, 4497 11175, 5195 5548, 6529, 5975, 9653, 8089, 76442, 6059, 92611, 39191, 5479, 4709, 8292,	17	16	16	bike (bicycle)	0.941176471	0.941176471	0.941176471	19.0	nan	bicycle, bicycle, bicycle, bicycle, bicycle, bicycle, bicycle, bicycle, bicycle, bicycle, bicycle, bicycle, bicycle, bicycle, bicycle, bike, bike, bike, bike	bicycle, bicycle, bicycle, bicycle, bicycle, bicycle, bicycle, bicycle, bicycle, bicycle, bicycle, bicycle, bicycle, bicycle, bicycle, bike, bike, bike, bike	nan	bicycle	0.789473684	0.210526316	0.09352877	0.09352877	0.625
26230	bike.jpg	bike	bike	bike (bicycle)	bike (bicycle), bike (bicycle), bike (bicycle), bike (bicycle), bike (bicycle), bike (bicycle), bike (bicycle), bike (bicycle), bike (bicycle), bike (bicycle), bike (bicycle), bike (bicycle), bike (bicycle), handlebar (bicycle), bike (bicycle), bike (bicycle), bike (bicycle)	6991, 4807, 2932 28770, 5434, 17340, 125726, 15103, 6570, 4128, 75037, 5702, 4039, 6868, 4841, 3929, 5315,	17	16	16	bike (bicycle)	0.941176471	0.941176471	0.941176471	nan	nan	nan	nan	nan	nan	nan	nan	nan	nan	nan
1893	bike/bike_09s.jpg	bike	bike	bike (bicycle)	bike (bicycle), bike (bicycle), bike (bicycle), bike (bicycle), bike (bicycle), bike (bicycle), bike (bicycle), bike (bicycle), bike (bicycle), bike (bicycle), bike (bicycle), bike (bicycle), bike (bicycle), handlebar (bicycle), bike (bicycle), bike (bicycle)	7025, 8102, 2742, 54323, 26611, 6978, 3142, 4917 10632, 13704, 7134, 2836, 4558, 4459, 8560, 3019,	16	15	15	bike (bicycle)	0.9375	0.9375	0.9375	17.0	nan	bicycle, bicycle, bicycle, bicycle, bicycle, bicycle, bicycle, bicycle, bicycle, bike, bike, bike, bike, bike, bike, bike, bike	bicycle, bicycle, bicycle, bicycle, bicycle, bicycle, bicycle, bicycle, bicycle, bike, bike, bike, bike, bike, bike, bike, bike	nan	bicycle	0.529411765	0.470588235	0.121057825	0.121057825	0.761904762
1901	bike/bike_17s.jpg	bike	bike	bike (bicycle)	bike (bicycle), bike (bicycle), cymbal, bike (bicycle), bike (bicycle), bike (bicycle), bike (bicycle), bike (bicycle), bike (bicycle), bike (bicycle), bike (bicycle), bike (bicycle), bike (bicycle)	5943, 4421, 60029, 4152, 4228, 8403, 6347, 9901, 6571, 3929, 29888, 13425, 3133,	13	12	12	bike (bicycle)	0.923076923	0.923076923	0.923076923	17.0	nan	bicycle, bicycle, bicycle, bicycle, bicycle, bicycle, bicycle, bicycle, bicycle, bicycle, bicycle, bike, bike, bike, bike, bike, bike	bicycle, bicycle, bicycle, bicycle, bicycle, bicycle, bicycle, bicycle, bicycle, bicycle, bicycle, bike, bike, bike, bike, bike, bike	nan	bicycle	0.647058824	0.352941176	0.115904043	0.115904043	0.7
1895	bike/bike_11s.jpg	bike	bike	bike (bicycle)	bike (bicycle), bike (bicycle), handlebar (bicycle), bike (bicycle), bike (bicycle), bike (bicycle), bike (bicycle), bike (bicycle), bike (bicycle), bike (bicycle), bike (bicycle), bike (bicycle)	3133, 8058, 26701, 3053, 8370, 7720, 6129 6902 3307, 54905, 4389, 3636,	12	11	11	bike (bicycle)	0.916666667	0.916666667	0.916666667	16.0	nan	bicycle, bicycle, bicycle, bicycle, bicycle, bicycle, bicycle, bicycle, bicycle, bicycle, bicycle, bicycle, bike, bike, bike, bike	bicycle, bicycle, bicycle, bicycle, bicycle, bicycle, bicycle, bicycle, bicycle, bicycle, bicycle, bicycle, bike, bike, bike, bike	people	bicycle	0.75	0.25	0.108253175	0.108253175	0.666666667
1888	bike/bike_04s.jpg	bike	bike	bike (bicycle)	bike (bicycle), bike (bicycle), bike (bicycle), bike (bicycle), bike (bicycle), bike (bicycle), bike (bicycle), bike (bicycle), bike (bicycle), bike (bicycle), tree, bike (bicycle), bike (bicycle), handlebar (bicycle), bike (bicycle), bike (bicycle), bike (bicycle)	41935, 6635, 4681, 12243, 5833, 4384, 42013, 3831, 4302, 16549, 5710, 5277, 4349, 5426, 4798, 66585, 3998,	17	15	15	bike (bicycle)	0.882352941	0.882352941	0.882352941	16.0	nan	bicycle, bicycle, bicycle, bicycle, bicycle, bicycle, bicycle, bicycle, bicycle, bicycle, bicycle, bicycle, bike, bike, bike, bike	bicycle, bicycle, bicycle, bicycle, bicycle, bicycle, bicycle, bicycle, bicycle, bicycle, bicycle, bicycle, bike, bike, bike, bike	bicycles	bicycle	0.75	0.25	0.108253175	0.108253175	0.714285714
1891	bike/bike_07s.jpg	bike	bike	bike (bicycle)	bike (bicycle), bike (bicycle), bike (bicycle), bike (bicycle), bike (bicycle), bike (bicycle), bike (bicycle), bike (bicycle), cymbal, bike (bicycle), bike (bicycle), bike (bicycle), handlebar (bicycle), bike (bicycle), bike (bicycle), bike (bicycle)	6377, 3068, 8132, 3991, 6845, 27881, 6207, 4803, 9018, 15370, 5362, 2808, 31845, 3691, 4643, 4678,	16	14	14	bike (bicycle)	0.875	0.875	0.875	18.0	nan	bicycle, bicycle, bicycle, bicycle, bicycle, bicycle, bicycle, bicycle, bicycle, bicycle, bicycle, bicycle, bike, bike, bike, bike, bike, bike	bicycle, bicycle, bicycle, bicycle, bicycle, bicycle, bicycle, bicycle, bicycle, bicycle, bicycle, bicycle, bike, bike, bike, bike, bike, bike	tree	bicycle	0.666666667	0.333333333	0.111111111	0.111111111	0.775
1887	bike/bike_03s.jpg	bike	bike	bike (bicycle)	bike (bicycle), bike (bicycle), bike (bicycle), bike (bicycle), bike (bicycle), handlebar (bicycle), bike (bicycle), cart, bike (bicycle), bike (bicycle), bike (bicycle), bike (bicycle), bike (bicycle), bike (bicycle), bike (bicycle), bike (bicycle)	92630, 3170, 30431, 40874, 4666, 70244, 2935 17525, 6073, 12271 5933, 9342, 6656 6522 4752, 5173,	16	14	14	bike (bicycle)	0.875	0.875	0.875	19.0	nan	bicycle, bicycle, bicycle, bicycle, bicycle, bicycle, bicycle, bicycle, bicycle, bicycle, bicycle, bicycle, bicycle, bicycle, bike, bike, bike, bike, bike	bicycle, bicycle, bicycle, bicycle, bicycle, bicycle, bicycle, bicycle, bicycle, bicycle, bicycle, bicycle, bicycle, bicycle, bike, bike, bike, bike, bike	box	bicycle	0.736842105	0.263157895	0.101022618	0.101022618	0.725
1896	bike/bike_12n.jpg	bike	bike	bike (bicycle)	cymbal, bike (bicycle), bike (bicycle), bike (bicycle), bike (bicycle), bike (bicycle), bike (bicycle), handlebar (bicycle), bike (bicycle), bike (bicycle), bike (bicycle), bike (bicycle), bike (bicycle), bike (bicycle), bike (bicycle), bike (bicycle)	10076, 2509, 3336, 49217, 19671, 21587, 5460, 41743, 50253, 98982, 5456 14692, 4744, 3573, 4038, 85379,	16	14	14	bike (bicycle)	0.875	0.875	0.875	17.0	nan	bicycle, bicycle, bicycle, bicycle, bicycle, bicycle, bicycle, bicycle, bicycle, bicycle, bicycle, bicycle, bicycle, bike, bike, bike, bike	bicycle, bicycle, bicycle, bicycle, bicycle, bicycle, bicycle, bicycle, bicycle, bicycle, bicycle, bicycle, bicycle, bike, bike, bike, bike	bicycle	bicycle	0.764705882	0.235294118	0.102879368	0.102879368	0.789473684
1894	bike/bike_10s.jpg	bike	bike	bike (bicycle)	bike (bicycle), bike (bicycle), bike (bicycle), bike (bicycle), handlebar (bicycle), bike (bicycle), bike (bicycle), bike (bicycle), bike (bicycle), bike (bicycle), bike (bicycle), bike (bicycle), bike (bicycle), handlebar (bicycle), bike (bicycle)	3044, 37650 55701, 4231, 18109, 4703, 13019, 32661, 6520, 7500, 4591, 9158, 35216, 160789 5880,	15	13	13	bike (bicycle)	0.866666667	0.866666667	0.866666667	17.0	nan	bicycle, bicycle, bicycle, bicycle, bicycle, bicycle, bicycle, bicycle, bicycle, bike, bike, bike, bike, bike, bike, bike, bike	bicycle, bicycle, bicycle, bicycle, bicycle, bicycle, bicycle, bicycle, bicycle, bike, bike, bike, bike, bike, bike, bike, bike	driveway	bicycle	0.529411765	0.470588235	0.121057825	0.121057825	0.55
1900	bike/bike_16s.jpg	bike	bike	bike (bicycle)	bike (bicycle), bike (bicycle), bike (bicycle), bike (bicycle), bike (bicycle), bike (bicycle), bike (bicycle), bike (bicycle), handlebar (bicycle), bib, bike (bicycle), bike (bicycle), bike (bicycle)	2734, 3216, 5450, 6028 6618, 32926, 3597 7518, 29195, 12011, 8806, 8630, 4498,	13	11	11	bike (bicycle)	0.846153846	0.846153846	0.846153846	19.0	nan	bicycle, bicycle, bicycle, bicycle, bicycle, bicycle, bicycle, bicycle, bicycle, bicycle, bicycle, bicycle, bicycle, bike, bike, bike, bike, bike, bike	bicycle, bicycle, bicycle, bicycle, bicycle, bicycle, bicycle, bicycle, bicycle, bicycle, bicycle, bicycle, bicycle, bike, bike, bike, bike, bike, bike	bicycle	bicycle	0.684210526	0.315789474	0.106639205	0.106639205	0.725
1892	bike/bike_08s.jpg	bike	bike	bike (bicycle)	handlebar (bicycle), bike (bicycle), bike (bicycle), handlebar (bicycle), cymbal, bike (bicycle), bike (bicycle), bike (bicycle), bike (bicycle), bike (bicycle), bike (bicycle), bike (bicycle), bike (bicycle), bike (bicycle), bike (bicycle), bike (bicycle), bike (bicycle), bike (bicycle)	6480, 9821, 7438, 11932, 22711, 39957, 2837 5800 5078, 7148, 5262 4872, 6856, 10193, 4801, 5043, 2887, 3538,	18	15	15	bike (bicycle)	0.833333333	0.833333333	0.833333333	17.0	nan	bicycle, bicycle, bicycle, bicycle, bicycle, bicycle, bicycle, bicycle, bicycle, bicycle, bike, bike, bike, bike, bike, bike, bike	bicycle, bicycle, bicycle, bicycle, bicycle, bicycle, bicycle, bicycle, bicycle, bicycle, bike, bike, bike, bike, bike, bike, bike	sign	bicycle	0.588235294	0.411764706	0.119364625	0.119364625	0.682926829
1898	bike/bike_14s.jpg	bike	bike	bike (bicycle)	bike (bicycle), handlebar (bicycle), bike (bicycle), bike (bicycle), bike (bicycle), bike (bicycle), bike (bicycle), handlebar (bicycle), bike (bicycle), bike (bicycle), bike (bicycle), bike (bicycle)	3775, 31213, 4160, 3726, 6564, 72754, 7196, 7456, 32927 5064, 14101, 4518	12	10	10	bike (bicycle)	0.833333333	0.833333333	0.833333333	15.0	nan	bicycle, bicycle, bicycle, bicycle, bicycle, bicycle, bicycle, bicycle, bicycle, bike, bike, bike, bike, bike, bike	bicycle, bicycle, bicycle, bicycle, bicycle, bicycle, bicycle, bicycle, bicycle, bike, bike, bike, bike, bike, bike	parking lot	bicycle	0.6	0.4	0.126491106	0.126491106	0.552631579
1905	bike/bike_21s.jpg	bike	bike	bike (bicycle)	bike (bicycle), bike (bicycle), bike (bicycle), bike (bicycle), bike (bicycle), bike (bicycle), bike (bicycle), bike (bicycle), dirt bike (vehicle), bike (bicycle), handlebar (bicycle), bike (bicycle), bike (bicycle), bag, bike (bicycle), bike (bicycle), bike (bicycle)	5341, 5872, 3690, 6494, 15017, 4873, 10813 8071 72705, 17446 6791, 24406, 9952, 30006, 7592, 5831, 3943,	17	14	14	bike (bicycle)	0.823529412	0.882352941	0.882352941	17.0	nan	bicycle, bicycle, bicycle, bicycle, bike, bike, bike, bike, bike, bike, bike, bike, bike, bike, bike, bike, two wheeler	bicycle, bicycle, bicycle, bicycle, bike, bike, bike, bike, bike, bike, bike, bike, bike, bike, bike, bike, two wheeler	backpacks	bike	0.705882353	0.705882353	0.110510169	0.110510169	0.564102564
1906	bike/bike_22s.jpg	bike	bike	bike (bicycle)	bike (bicycle), bike (bicycle), bike (bicycle), bike (bicycle), handlebar (bicycle), bike (bicycle), handlebar (bicycle), handlebar (bicycle), bike (bicycle), bike (bicycle), bike (bicycle), bike (bicycle), bike (bicycle), bike (bicycle), bike (bicycle), bike (bicycle)	5758, 4204, 54812, 15015, 6912 3900, 7984, 14436, 5350, 120409, 4558 9591 4287, 4769, 2846, 11411,	16	13	13	bike (bicycle)	0.8125	0.8125	0.8125	18.0	nan	bicycle, bicycle, bicycle, bicycle, bicycle, bicycle, bicycle, bicycle, bicycle, bike, bike, bike, bike, bike, bike, bike, bike, cycle	bicycle, bicycle, bicycle, bicycle, bicycle, bicycle, bicycle, bicycle, bicycle, bike, bike, bike, bike, bike, bike, bike, bike, cycle	trees	bicycle	0.5	0.444444444	0.117121395	0.11785113	0.714285714
1899	bike/bike_15s.jpg	bike	bike	bike (bicycle)	bike (bicycle), bike (bicycle), bike (bicycle), handlebar (bicycle), bike (bicycle), bike (bicycle), bike (bicycle), bike (bicycle), bike (bicycle), bike (bicycle), bike (bicycle), bike (bicycle), handlebar (bicycle), bike (bicycle), scooter, bike (bicycle)	154143, 10771, 4426, 6553, 7526, 14040, 4816, 5834, 6585, 3041, 5790, 5076, 10552, 7316 7215, 5519,	16	13	13	bike (bicycle)	0.8125	0.8125	0.8125	16.0	nan	bicycle, bicycle, bicycle, bicycle, bicycle, bicycle, bicycle, bicycle, bicycle, bicycle, bicycle, bike, bike, bike, bike, bike	bicycle, bicycle, bicycle, bicycle, bicycle, bicycle, bicycle, bicycle, bicycle, bicycle, bicycle, bike, bike, bike, bike, bike	nan	bicycle	0.6875	0.3125	0.115878101	0.115878101	0.675675676
1886	bike/bike_02s.jpg	bike	bike	bike (bicycle)	bike (bicycle), bike (bicycle), bike (bicycle), bike (bicycle), bike (bicycle), electric chair, bike (bicycle), bike (bicycle), bike (bicycle), bike (bicycle), bike (bicycle), bike (bicycle), bike (bicycle), bike (bicycle), motorcycle, handlebar (bicycle), bike (bicycle), bike (bicycle), handlebar (bicycle), bike (bicycle), bike (bicycle)	14492, 12744, 6943, 6377, 9056, 8157, 2812, 7696, 7087, 6069, 70960, 111035 2823, 2779, 7317, 7425, 6928, 3054, 4905, 3786, 6389,	21	17	17	bike (bicycle)	0.80952381	0.80952381	0.80952381	16.0	nan	bicycle, bicycle, bicycle, bicycle, bicycle, bicycle, bicycle, bicycle, bicycle, bike, bike, bike, bike, bike, bike, bike	bicycle, bicycle, bicycle, bicycle, bicycle, bicycle, bicycle, bicycle, bicycle, bike, bike, bike, bike, bike, bike, bike	buildings	bicycle	0.5625	0.4375	0.124019593	0.124019593	0.769230769
1903	bike/bike_19s.jpg	bike	bike	bike (bicycle)	bike (bicycle), bike (bicycle), bike (bicycle), bike (bicycle), bike (bicycle), bike (bicycle), bike (bicycle), handlebar (bicycle), bike (bicycle), handlebar (bicycle), bike (bicycle), motorcycle, bike (bicycle), bike (bicycle), bike (bicycle)	3646, 3685, 5478, 5204, 8600, 5479, 37413, 48429, 3661, 18256, 5659, 10778 4819, 9233, 3029,	15	12	12	bike (bicycle)	0.8	0.8	0.8	16.0	nan	bicycle, bicycle, bicycle, bicycle, bicycle, bicycle, bicycle, bicycle, bike, bike, bike, bike, bike, bike, bike, bike	bicycle, bicycle, bicycle, bicycle, bicycle, bicycle, bicycle, bicycle, bike, bike, bike, bike, bike, bike, bike, bike	rack	bicycle	0.5	0.5	0.125	0.125	0.87804878
1902	bike/bike_18s.jpg	bike	bike	bike (bicycle)	bike (bicycle), bike (bicycle), bike (bicycle), bike (bicycle), bike (bicycle), bike (bicycle), bike (bicycle), handlebar (bicycle), handlebar (bicycle), cymbal, gazelle, bike (bicycle), bike (bicycle), bib, bike (bicycle), bike (bicycle), bike (bicycle), bike (bicycle), bike (bicycle)	3725, 4805, 5736, 3514, 6424, 6183, 6297, 6675, 31873, 33505, 28604, 20339, 3209, 19868, 4599, 6872, 4524, 5689, 4020,	19	14	14	bike (bicycle)	0.736842105	0.736842105	0.736842105	18.0	nan	bicycle, bicycle, bicycle, bicycle, bicycle, bicycle, bicycle, bicycle, bicycle, bicycle, bicycle, bicycle, bike, bike, bike, bike, bike, bike	bicycle, bicycle, bicycle, bicycle, bicycle, bicycle, bicycle, bicycle, bicycle, bicycle, bicycle, bicycle, bike, bike, bike, bike, bike, bike	basket	bicycle	0.666666667	0.333333333	0.111111111	0.111111111	0.585365854
1907	bike/bike_23s.jpg	bike	bike	bike (bicycle)	bike (bicycle), bike (bicycle), bike (bicycle), bike (bicycle), bike (bicycle), bike (bicycle), handlebar (bicycle), scooter, bike (bicycle), handlebar (bicycle), bike (bicycle), bike (bicycle), handlebar (bicycle), bike (bicycle), bike (bicycle), bike (bicycle), handlebar (bicycle)	3830, 3333, 9225, 7426, 8699, 4866, 6812, 4995, 5352, 10850, 4362, 2787, 15728, 9577, 4812, 3039, 5969,	17	12	12	bike (bicycle)	0.705882353	0.705882353	0.705882353	19.0	nan	bicycle, bicycle, bicycle, bicycle, bicycle, bicycle, bicycle, bicycle, bicycle, bicycle, bike, bike, bike, bike, bike, bike, bike, bike, cycle	bicycle, bicycle, bicycle, bicycle, bicycle, bicycle, bicycle, bicycle, bicycle, bicycle, bike, bike, bike, bike, bike, bike, bike, bike, cycle	grass	bicycle	0.526315789	0.421052632	0.113268966	0.114548882	0.675
1897	bike/bike_13s.jpg	bike	bike	bike (bicycle)	handlebar (bicycle), bike (bicycle), bike (bicycle), bike (bicycle), bike (bicycle), paddle, bike (bicycle), girl, rim (tire rim), bike (bicycle), bike (bicycle), cymbal, bike (bicycle), bike (bicycle), bike (bicycle)	110922, 14696, 4898, 2938, 6758, 20808, 52191, 14507, 16163, 93486, 7774, 6801, 6303, 5174, 5088,	15	10	10	bike (bicycle)	0.666666667	0.666666667	0.666666667	20.0	nan	bicycle, bicycle, bicycle, bicycle, bicycle, bicycle, bicycle, bicycle, bicycle, bicycle, bike, bike, bike, bike, bike, bike, bike, bike, bike, bike	bicycle, bicycle, bicycle, bicycle, bicycle, bicycle, bicycle, bicycle, bicycle, bicycle, bike, bike, bike, bike, bike, bike, bike, bike, bike, bike	legs	bicycle	0.5	0.5	0.111803399	0.111803399	0.714285714
1890	bike/bike_06s.jpg	bike	bike	bike (bicycle)	bike (bicycle), motorcycle, bike (bicycle), bike (bicycle), bike (bicycle), bike (bicycle), bike (bicycle), bike (bicycle), handlebar (bicycle), bike (bicycle), scooter, bikini, handlebar (bicycle), bike (bicycle)	3965, 26329, 6416, 5340, 11441, 15273, 6948, 3759, 7157, 3363, 4854, 12666, 6092, 3403,	14	9	9	bike (bicycle)	0.642857143	0.642857143	0.642857143	19.0	nan	bicycle, bicycle, bicycle, bicycle, bicycle, bicycle, bicycle, bicycle, bicycle, bicycle, bicycle, bicycle, bicycle, bike, bike, bike, bike, bike, bike	bicycle, bicycle, bicycle, bicycle, bicycle, bicycle, bicycle, bicycle, bicycle, bicycle, bicycle, bicycle, bicycle, bike, bike, bike, bike, bike, bike	building	bicycle	0.684210526	0.315789474	0.106639205	0.106639205	0.722222222
1885	bike/bike_01b.jpg	bike	bike	bike (bicycle)	bike (bicycle), bike (bicycle), motorcycle, cable, bike (bicycle), bike (bicycle), bike (bicycle), bike (bicycle), bike (bicycle), bike (bicycle), bike (bicycle), handlebar (bicycle), bike (bicycle), bike (bicycle), scooter, scooter, handlebar (bicycle), bike (bicycle), handlebar (bicycle)	22607 75779, 11896, 150079, 12118, 4165, 2883, 12578, 7614 6011, 10181, 7647, 2565, 8143 4775, 5302, 7075, 4599, 4182,	19	12	12	bike (bicycle)	0.631578947	0.631578947	0.631578947	18.0	nan	bicycle, bicycle, bicycle, bicycle, bicycle, bicycle, bicycle, bicycle, bicycle, bike, bike, bike, bike, bike, bike, bike, bike, bike	bicycle, bicycle, bicycle, bicycle, bicycle, bicycle, bicycle, bicycle, bicycle, bike, bike, bike, bike, bike, bike, bike, bike, bike	ne	bicycle	0.5	0.5	0.11785113	0.11785113	0.825
2291	blueberry/blueberry_05s.jpg	blueberry	blueberry	blueberry	blueberry, blueberry, blueberry, blueberry, grape, blueberry, blueberry, blueberry, blueberry	2551, 6285, 2635, 4538, 12348, 3056, 10095, 16424, 2753,	9	8	8	blueberry	0.888888889	0.888888889	0.888888889	18.0	blueberry	blueberry, blueberry, blueberry, blueberry, blueberry, blueberry, blueberry, blueberry, blueberry, blueberry, blueberry, blueberry, blueberry, blueberry, blueberry, blueberry, blueberry, blueberry	blueberry, blueberry, blueberry, blueberry, blueberry, blueberry, blueberry, blueberry, blueberry, blueberry, blueberry, blueberry, blueberry, blueberry, blueberry, blueberry, blueberry, blueberry	bowl	blueberry	1.0	1.0	0.0	0.0	0.88372093
2288	blueberry/blueberry_02s.jpg	blueberry	blueberry	blueberry	blueberry, berry, blueberry, blueberry, blueberry, blueberry, blueberry, seed, blueberry, blueberry, blueberry, berry	33288, 6707, 8263 5040, 10009, 2858, 5350, 7036, 13288, 48602, 6541, 5662,	12	9	9	blueberry	0.75	0.75	0.75	14.0	blueberry	blueberry, blueberry, blueberry, blueberry, blueberry, blueberry, blueberry, blueberry, blueberry, blueberry, blueberry, blueberry, blueberry, blueberry	blueberry, blueberry, blueberry, blueberry, blueberry, blueberry, blueberry, blueberry, blueberry, blueberry, blueberry, blueberry, blueberry, blueberry	bowl	blueberry	1.0	1.0	0.0	0.0	0.769230769
2296	blueberry/blueberry_10s.jpg	blueberry	blueberry	blueberry	blueberry, blueberry, blueberry, blueberry, cherry, blueberry, fruit, blueberry, blueberry, leaf, blueberry, blueberry, plug, blueberry, blueberry	9310, 8382, 4560, 8265, 7638, 7384, 8622, 3225, 20157, 3648, 3682, 10896, 3601, 6667 4831,	15	11	11	blueberry	0.733333333	0.733333333	0.733333333	18.0	blueberry	berry, blueberry, blueberry, blueberry, blueberry, blueberry, blueberry, blueberry, blueberry, blueberry, blueberry, blueberry, blueberry, blueberry, blueberry, flower, fruit, grape	berry, blueberry, blueberry, blueberry, blueberry, blueberry, blueberry, blueberry, blueberry, blueberry, blueberry, blueberry, blueberry, blueberry, blueberry, flower, fruit, grape	leaves	blueberry	0.777777778	0.777777778	0.097990789	0.097990789	0.871794872
2289	blueberry/blueberry_03s.jpg	blueberry	blueberry	blueberry	blueberry, blueberry, blueberry, blueberry, blueberry, berry, blueberry, blueberry, berry, blueberry, blueberry, fruit, berry	5503, 4287, 8876, 9448, 2960, 2211, 6286, 3538, 2630, 4017 29505, 12353, 2468,	13	9	9	blueberry	0.692307692	0.692307692	0.692307692	20.0	blueberry	blueberry, blueberry, blueberry, blueberry, blueberry, blueberry, blueberry, blueberry, blueberry, blueberry, blueberry, blueberry, blueberry, blueberry, blueberry, blueberry, blueberry, blueberry, blueberry, blueberry	blueberry, blueberry, blueberry, blueberry, blueberry, blueberry, blueberry, blueberry, blueberry, blueberry, blueberry, blueberry, blueberry, blueberry, blueberry, blueberry, blueberry, blueberry, blueberry, blueberry	nan	blueberry	1.0	1.0	0.0	0.0	0.823076923
2295	blueberry/blueberry_09s.jpg	blueberry	blueberry	blueberry	berry, blueberry, blueberry, blueberry, blueberry, blackberry, blueberry, blueberry, blueberry, blueberry, shell (fruit/nut), berry, berry, berry, blueberry, blueberry, blueberry	2979, 3586 7477, 10639, 31424, 32850, 17394, 14183, 30998, 13683, 10738, 3691, 1653, 3381, 6236, 5014, 5396,	17	11	11	blueberry	0.647058824	0.647058824	0.647058824	17.0	blueberry	blackberry, blueberry, blueberry, blueberry, blueberry, blueberry, blueberry, blueberry, blueberry, blueberry, blueberry, blueberry, blueberry, blueberry, blueberry, blueberry, grape	blackberry, blueberry, blueberry, blueberry, blueberry, blueberry, blueberry, blueberry, blueberry, blueberry, blueberry, blueberry, blueberry, blueberry, blueberry, blueberry, grape	blue	blueberry	0.882352941	0.882352941	0.07814249	0.07814249	0.675
2292	blueberry/blueberry_06n.jpg	blueberry	blueberry	blueberry	berry, blueberry, blueberry, blueberry, blueberry, berry, blackberry, blueberry, blueberry, berry, blueberry, blueberry, grape, blueberry	3183, 13335, 2879 2746 11333, 5211, 10296, 4107, 14980, 6194, 2414, 9421, 9177, 10102,	14	9	9	blueberry	0.642857143	0.642857143	0.642857143	17.0	blueberry	berry, blueberry, blueberry, blueberry, blueberry, blueberry, blueberry, blueberry, blueberry, blueberry, blueberry, blueberry, blueberry, blueberry, blueberry, blueberry, blueberry	berry, blueberry, blueberry, blueberry, blueberry, blueberry, blueberry, blueberry, blueberry, blueberry, blueberry, blueberry, blueberry, blueberry, blueberry, blueberry, blueberry	bowl	blueberry	0.941176471	0.941176471	0.057067206	0.057067206	0.837837838
2287	blueberry/blueberry_01b.jpg	blueberry	blueberry	blueberry	blueberry, blueberry, blueberry, blueberry, blueberry, berry, blueberry, berry, blueberry, bead, fruit	35866, 7816, 3129, 4220, 3918, 3094, 5048, 4500, 13070, 72007, 3376,	11	7	7	blueberry	0.636363636	0.636363636	0.636363636	17.0	blueberry	blueberry, blueberry, blueberry, blueberry, blueberry, blueberry, blueberry, blueberry, blueberry, blueberry, blueberry, blueberry, blueberry, blueberry, blueberry, blueberry, blueberry	blueberry, blueberry, blueberry, blueberry, blueberry, blueberry, blueberry, blueberry, blueberry, blueberry, blueberry, blueberry, blueberry, blueberry, blueberry, blueberry, blueberry	nan	blueberry	1.0	1.0	0.0	0.0	0.804878049
2293	blueberry/blueberry_07s.jpg	blueberry	blueberry	blueberry	blueberry, berry, berry, blueberry, blueberry, grape, blueberry, blueberry, blueberry, blueberry, blueberry, grape, blueberry, blueberry, grape, berry	27756, 2832, 17423, 4959 7294, 6727, 10411 3552, 3633, 4246 3287, 4719, 20159, 4555, 3944, 3696,	16	10	10	blueberry	0.625	0.625	0.625	17.0	blueberry	blueberry, blueberry, blueberry, blueberry, blueberry, blueberry, blueberry, blueberry, blueberry, blueberry, blueberry, blueberry, blueberry, blueberry, blueberry, blueberry, blueberry	blueberry, blueberry, blueberry, blueberry, blueberry, blueberry, blueberry, blueberry, blueberry, blueberry, blueberry, blueberry, blueberry, blueberry, blueberry, blueberry, blueberry	bowl	blueberry	1.0	1.0	0.0	0.0	0.75
2294	blueberry/blueberry_08s.jpg	blueberry	blueberry	blueberry	berry, blueberry, blueberry, blueberry, blueberry, fruit, blueberry, plum, blueberry, blueberry, blackberry, blueberry, fruit, blueberry, berry	6746 5747, 5334, 5172, 31867, 13878 5228, 2701, 3569, 5811 21869, 8313, 7928, 6376, 3110,	15	9	9	blueberry	0.6	0.6	0.6	20.0	blueberry	berry, blueberry, blueberry, blueberry, blueberry, blueberry, blueberry, blueberry, blueberry, blueberry, blueberry, blueberry, blueberry, blueberry, blueberry, blueberry, blueberry, blueberry, blueberry, blueberry	berry, blueberry, blueberry, blueberry, blueberry, blueberry, blueberry, blueberry, blueberry, blueberry, blueberry, blueberry, blueberry, blueberry, blueberry, blueberry, blueberry, blueberry, blueberry, blueberry	bowl	blueberry	0.95	0.95	0.048733972	0.048733972	0.88372093
2298	blueberry/blueberry_12n.jpg	blueberry	blueberry	blueberry	berry, blueberry, berry, cranberry, grape, blueberry, blueberry, blueberry, blueberry, blueberry, blueberry, berry	3115, 3716 2672, 11110, 35457, 5318, 8048, 12482, 12855, 9278, 9058 4180,	12	7	7	blueberry	0.583333333	0.583333333	0.583333333	19.0	blueberry	berry, blueberry, blueberry, blueberry, blueberry, blueberry, blueberry, blueberry, blueberry, blueberry, blueberry, blueberry, blueberry, blueberry, blueberry, blueberry, blueberry, blueberry, blueberry	berry, blueberry, blueberry, blueberry, blueberry, blueberry, blueberry, blueberry, blueberry, blueberry, blueberry, blueberry, blueberry, blueberry, blueberry, blueberry, blueberry, blueberry, blueberry	grass	blueberry	0.947368421	0.947368421	0.051227817	0.051227817	0.85
2290	blueberry/blueberry_04n.jpg	blueberry	blueberry	blueberry	blueberry, fruit, blueberry, grape, blueberry, blueberry, fruit, berry, bin (storage), blueberry, fruit, blueberry, fruit, blueberry, berry, blueberry, blueberry, blueberry	4678, 31550, 13197, 29712, 28080, 5721, 7668, 5355, 11379, 14659, 3933 11118, 9811, 11248, 2419, 13775, 7840, 7695,	18	10	10	blueberry	0.555555556	0.555555556	0.555555556	18.0	blueberry	blueberry, blueberry, blueberry, blueberry, blueberry, blueberry, blueberry, blueberry, blueberry, blueberry, blueberry, blueberry, blueberry, blueberry, blueberry, blueberry, blueberry, grape	blueberry, blueberry, blueberry, blueberry, blueberry, blueberry, blueberry, blueberry, blueberry, blueberry, blueberry, blueberry, blueberry, blueberry, blueberry, blueberry, blueberry, grape	basket	blueberry	0.944444444	0.944444444	0.053990295	0.053990295	0.823076923
26256	blueberry.jpg	blueberry	blueberry	blueberry	blueberry, blueberry, grape, blueberry, grape, blueberry, blueberry, berry, grape, blueberry, fruit, berry, blueberry, blueberry, berry, berry, berry, blueberry, berry	3628, 7279, 9130, 2446, 5268, 3760, 5078, 3781, 14532, 3092, 5956, 3356, 6730, 12823, 3088, 2752, 6379, 3038, 3353,	19	9	9	blueberry	0.473684211	0.473684211	0.473684211	nan	nan	nan	nan	nan	nan	nan	nan	nan	nan	nan
2297	blueberry/blueberry_11n.jpg	blueberry	blueberry	blueberry	berry, grape, blueberry, blueberry, berry, blackberry, blueberry, grape, berry, blueberry, blueberry, berry	5881, 12163, 4542 5717, 10612, 15099, 5316, 6565 4725, 6057 4208, 4238,	12	5	5	blueberry	0.416666667	0.416666667	0.416666667	18.0	blueberry	blueberry, blueberry, blueberry, blueberry, blueberry, blueberry, blueberry, blueberry, blueberry, blueberry, blueberry, blueberry, blueberry, blueberry, blueberry, blueberry, blueberry, blueberry	blueberry, blueberry, blueberry, blueberry, blueberry, blueberry, blueberry, blueberry, blueberry, blueberry, blueberry, blueberry, blueberry, blueberry, blueberry, blueberry, blueberry, blueberry	bowl	blueberry	1.0	1.0	0.0	0.0	0.804878049
2376	boat/boat_13s.jpg	boat	boat	boat	boat, boat, boat, boat, boat, boat, boat, boat, boat, boat, boat, boat, boat, boat, boat, boat	4164, 3298, 5355, 7407, 3088 5453, 58091, 10317, 3713, 5236, 6955, 23670, 3350, 2953, 11886, 2672,	16	16	16	boat	1.0	1.0	1.0	17.0	nan	boat, boat, boat, boat, boat, boat, boat, boat, boat, boat, boat, boat, boat, boat, boat, boat, boat	boat, boat, boat, boat, boat, boat, boat, boat, boat, boat, boat, boat, boat, boat, boat, boat, boat	water	boat	1.0	1.0	0.0	0.0	0.775
2372	boat/boat_09s.jpg	boat	boat	boat	boat, boat, boat, boat, boat, boat, boat, boat, boat, boat, boat	8874, 2844, 48817, 2865, 4448, 3311, 3639, 9641, 6914, 5121, 2549	11	11	11	boat	1.0	1.0	1.0	19.0	nan	boat, boat, boat, boat, boat, boat, boat, boat, boat, boat, boat, boat, boat, boat, boat, boat, boat, dingy, raft	boat, boat, boat, boat, boat, boat, boat, boat, boat, boat, boat, boat, boat, boat, boat, boat, boat, dingy, raft	water	boat	0.894736842	0.894736842	0.0704059	0.0704059	0.780487805
2364	boat/boat_01b.jpg	boat	boat	boat	boat, boat, boat, boat, boat, boat, boat, boat, boat, boat, boat, boat, boat, boat, boat, boat, boat, boat, sailboat, boat, boat	4643, 5469, 5278, 13460, 4820, 3613 3463, 6590, 4305, 11997, 5827 8854, 5056 5767, 6403, 4647, 11772, 3214, 9301, 4950, 3010,	21	20	20	boat	0.952380952	0.952380952	1.0	15.0	nan	boat, boat, boat, boat, boat, boat, boat, boat, boat, boat, boat, boat, boat, boat, boat	boat, boat, boat, boat, boat, boat, boat, boat, boat, boat, boat, boat, boat, boat, boat	water	boat	1.0	1.0	0.0	0.0	0.761904762
2368	boat/boat_05s.jpg	boat	boat	boat	boat, speedboat, boat, boat, boat, boat, boat, boat, boat, boat, boat, boat, boat, boat, boat	6294, 7916, 2623, 3097, 7163, 2868, 4992, 3781, 5986 10206, 5651, 2928, 20226, 4862, 3176,	15	14	14	boat	0.933333333	0.933333333	1.0	16.0	nan	boat, boat, boat, boat, boat, boat, boat, boat, boat, boat, boat, boat, boat, boat, boat, boat	boat, boat, boat, boat, boat, boat, boat, boat, boat, boat, boat, boat, boat, boat, boat, boat	water	boat	1.0	1.0	0.0	0.0	0.76744186
2373	boat/boat_10s.jpg	boat	boat	boat	boat, boat, boat, boat, boat, boat, boat, boat, boat, boat, boat, canoe, boat, boat	10543, 3664, 6355, 2574, 4210, 3647, 11195, 7064, 3249, 4024, 6500, 5025, 7489, 3091,	14	13	13	boat	0.928571429	0.928571429	0.928571429	14.0	nan	boat, boat, boat, boat, boat, boat, boat, boat, boat, boat, boat, boat, canoe, canoe	boat, boat, boat, boat, boat, boat, boat, boat, boat, boat, boat, boat, canoe, canoe	water	boat	0.857142857	0.857142857	0.093521953	0.093521953	0.72972973
2371	boat/boat_08s.jpg	boat	boat	boat	boat, canoe, boat, boat, boat, boat, boat, boat, boat, boat, boat, boat, boat, boat	20899, 6020, 2925, 3855, 7907, 2851, 3504 21625, 10675, 29850, 3845, 2889, 13985, 4245,	14	13	13	boat	0.928571429	0.928571429	0.928571429	19.0	nan	boat, boat, boat, boat, boat, boat, boat, boat, boat, boat, canoe, canoe, canoe, canoe, canoe, canoe, canoe, canoe, wooden canoe	boat, boat, boat, boat, boat, boat, boat, boat, boat, boat, canoe, canoe, canoe, canoe, canoe, canoe, canoe, canoe, wooden canoe	lake	boat	0.526315789	0.526315789	0.114548882	0.114548882	0.725
2366	boat/boat_03s.jpg	boat	boat	boat	boat, boat, boat, boat, boat, boat, boat, speedboat, boat, boat	13930, 34381, 10977 4579 6519, 7554, 13280, 8331, 3280, 3727,	10	9	9	boat	0.9	0.9	1.0	17.0	nan	boat, boat, boat, boat, boat, boat, boat, boat, boat, boat, boat, boat, boat, boat, boat, boat, canoe	boat, boat, boat, boat, boat, boat, boat, boat, boat, boat, boat, boat, boat, boat, boat, boat, canoe	lake	boat	0.941176471	0.941176471	0.057067206	0.057067206	0.738095238
2378	boat/boat_15s.jpg	boat	boat	boat	boat, ship, boat, boat, boat, boat, boat, boat, boat, boat, boat, boat, boat, boat, submarine	22943 3753, 3821, 4283 21822, 14601, 22296, 46474, 6234, 5035, 4885, 16510, 3939, 3246, 8799	15	13	13	boat	0.866666667	0.866666667	0.866666667	18.0	nan	boart, boat, boat, boat, boat, boat, boat, boat, boat, boat, boat, boat, boat, boat, boat, boat, boat, ship	boart, boat, boat, boat, boat, boat, boat, boat, boat, boat, boat, boat, boat, boat, boat, boat, boat, ship	flag	boat	0.888888889	0.888888889	0.074074074	0.074074074	0.56097561
2375	boat/boat_12s.jpg	boat	boat	boat	speedboat, boat, boat, boat, boat, boat, boat, boat, boat, boat, boat, boat, speedboat, boat	7884, 4708, 4126, 23680, 9968, 6249, 4861, 4082, 32049, 4054, 6216, 9928, 4309, 2201,	14	12	12	boat	0.857142857	0.857142857	1.0	20.0	nan	boat, boat, boat, boat, boat, boat, boat, boat, boat, boat, boat, boat, boat, boat, boat, boat, boat, boat, boat, boat	boat, boat, boat, boat, boat, boat, boat, boat, boat, boat, boat, boat, boat, boat, boat, boat, boat, boat, boat, boat	flag	boat	1.0	1.0	0.0	0.0	0.871794872
2367	boat/boat_04s.jpg	boat	boat	boat	boat, boat, boat, boat, boat, boat, boat, boat, boat, ship, boat, boat, yacht	6816, 5060, 12637, 22011, 10575, 4877, 6708 7198, 4870, 4376, 8317, 5800 8130	13	11	11	boat	0.846153846	0.846153846	0.846153846	19.0	nan	boat, boat, boat, boat, boat, boat, boat, boat, boat, boat, boat, boat, boat, boat, boat, boat, boat, boat, boat	boat, boat, boat, boat, boat, boat, boat, boat, boat, boat, boat, boat, boat, boat, boat, boat, boat, boat, boat	grass	boat	1.0	1.0	0.0	0.0	0.658536585
2370	boat/boat_07n.jpg	boat	boat	boat	crane (tower crane), ship, boat, boat, boat, boat, boat, boat, boat, boat, boat, boat, boat, boat, boat, car, boat	10997, 6222 3486, 38544, 3676, 18182 6713 16451, 11787, 4094, 8403, 7218, 23177, 16903, 3166, 4110, 6843,	17	14	14	boat	0.823529412	0.823529412	0.823529412	19.0	nan	boat, boat, boat, boat, boat, boat, boat, boat, boat, boat, boat, boat, boat, boat, boat, boat, boat, boat, boat	boat, boat, boat, boat, boat, boat, boat, boat, boat, boat, boat, boat, boat, boat, boat, boat, boat, boat, boat	nan	boat	1.0	1.0	0.0	0.0	0.609756098
2369	boat/boat_06n.jpg	boat	boat	boat	boat, speedboat, boat, boat, boat, boat, car, boat, trolley (streetcar), boat, boat, boat, boat, boat, boat, boat	3665, 8152, 64117, 24347, 5990, 48639, 20252, 6099, 7988, 3311, 71438, 31478 29210 104465, 2840, 3091	16	13	13	boat	0.8125	0.8125	0.875	16.0	nan	boat, boat, boat, boat, boat, boat, boat, boat, boat, boat, boat, boat, boat, boat, boat, boat	boat, boat, boat, boat, boat, boat, boat, boat, boat, boat, boat, boat, boat, boat, boat, boat	garage	boat	1.0	1.0	0.0	0.0	0.875
2365	boat/boat_02s.jpg	boat	boat	boat	boat, boat, boat, boat, boat, boat, parking meter, boat, boat, boat, boat, boat, boat, sailboat, ship, boat	2874, 4186, 10306, 4033, 3486, 7423 45749, 10701, 4229, 3386, 3989, 2628, 2782, 4720, 4709, 2977,	16	13	13	boat	0.8125	0.8125	0.875	15.0	nan	boat, boat, boat, boat, boat, boat, boat, boat, boat, boat, boat, boat, boat, boat, boat	boat, boat, boat, boat, boat, boat, boat, boat, boat, boat, boat, boat, boat, boat, boat	nan	boat	1.0	1.0	0.0	0.0	0.605263158
26261	boat.jpg	boat	boat	boat	boat, boat, cruise ship, boat, sailboat, boat, boat, boat, boat, boat, boat, boat, sailboat, boat, boat, boat	21782, 7130, 14599, 4089, 4871, 3911, 5303, 1731 8402, 4886, 22800, 2328, 5161, 2909, 4031, 2814,	16	13	13	boat	0.8125	0.8125	0.9375	nan	nan	nan	nan	nan	nan	nan	nan	nan	nan	nan
2374	boat/boat_11n.jpg	boat	boat	boat	ship, boat, ship, boat, ship, boat, boat, boat, boat, boat, boat, boat, boat	5164, 4753, 14158, 23784, 4109, 4499, 3592, 8245, 4414, 5406, 2813, 3679, 2729,	13	10	10	boat	0.769230769	0.769230769	0.769230769	18.0	nan	boat, boat, boat, boat, boat, boat, boat, boat, boat, boat, boat, boat, boat, boat, ship, ship, yacht, yacht	boat, boat, boat, boat, boat, boat, boat, boat, boat, boat, boat, boat, boat, boat, ship, ship, yacht, yacht	nan	boat	0.777777778	0.777777778	0.097990789	0.097990789	0.829268293
2377	boat/boat_14n.jpg	boat	boat	boat	boat, boat, boat, boat, boat, boat, boat, boat, ship, sailboat, boat, ship, boat, yacht, sailboat, boat, sailboat, sailboat, boat	116714, 2774, 3252 4220, 10259, 18041, 8636, 4453, 8021, 5278 17107, 8904, 19126, 18009, 8872 6078, 4741 10628, 3736,	19	12	12	boat	0.631578947	0.631578947	0.842105263	18.0	nan	boat, boat, boat, boat, boat, boat, boat, boat, boat, boat, boat, boat, boat, boat, boat, marine architecture,ship, ship, yacht	boat, boat, boat, boat, boat, boat, boat, boat, boat, boat, boat, boat, boat, boat, boat, marine architecture,ship, ship, yacht	beach	boat	0.833333333	0.833333333	0.087841046	0.087841046	0.725
2591	boot/boot_13s.jpg	boot	boot	boot	boot, shoe, boot, boot, boot, boot, boot, boot, boot, boot, boot, boot, boot, boot, boot	21437, 5706, 4555, 2504, 4174, 14517, 4369, 82834, 15117, 6390, 4838, 3261, 2930 7189, 3781	15	14	14	boot	0.933333333	0.933333333	0.933333333	19.0	nan	boot, boot, boot, boot, boot, boot, boot, boot, boot, boot, boot, boot, boot, boot, boot, boot, boot, boot, boot	boot, boot, boot, boot, boot, boot, boot, boot, boot, boot, boot, boot, boot, boot, boot, boot, boot, boot, boot	nan	boot	1.0	1.0	0.0	0.0	0.902439024
2590	boot/boot_12s.jpg	boot	boot	boot	boot, boot, shoe, boot, boot, boot, boot, shoe, boot, boot, boot, boot, boot	10459, 8204, 4842, 6194, 5262 10419, 4856, 35479, 35297, 3601, 9867, 2872, 3421	13	11	11	boot	0.846153846	0.846153846	0.846153846	20.0	nan	boot, boot, boot, boot, boot, boot, boot, boot, boot, boot, boot, boot, boot, boot, boot, boot, boot, boot, boot, shoe	boot, boot, boot, boot, boot, boot, boot, boot, boot, boot, boot, boot, boot, boot, boot, boot, boot, boot, boot, shoe	jeans	boot	0.95	0.95	0.048733972	0.048733972	0.947368421
2592	boot/boot_14s.jpg	boot	boot	boot	boot, boot, boot, shopping cart, boot, boot, boot, boot, pants, boot, shoe	78367, 62506, 3326, 18674, 5516, 51806 5359, 3669, 5433, 3003, 3884,	11	8	8	boot	0.727272727	0.727272727	0.727272727	18.0	nan	boot, boot, boot, boot, boot, boot, boot, boot, boot, boot, boot, boot, boot, boot, boot, boot, boot, boot	boot, boot, boot, boot, boot, boot, boot, boot, boot, boot, boot, boot, boot, boot, boot, boot, boot, boot	nan	boot	1.0	1.0	0.0	0.0	0.875
2582	boot/boot_04s.jpg	boot	boot	boot	boot, zipper, boot, rock, shoe, boot, boot, boot, boot, boot, boot	5397, 6979, 91021, 138374, 49817, 6476, 12502, 3809, 5923, 3831, 3571	11	8	8	boot	0.727272727	0.727272727	0.727272727	17.0	nan	boot, boot, boot, boot, boot, boot, boot, boot, boot, boot, boot, boot, boot, boot, boot, boot, zipper	boot, boot, boot, boot, boot, boot, boot, boot, boot, boot, boot, boot, boot, boot, boot, boot, zipper	boot	boot	0.941176471	0.941176471	0.057067206	0.057067206	0.85
2581	boot/boot_03s.jpg	boot	boot	boot	boot, boot, boot, boot, boot, boot, shoe, shoe, shoehorn, boot, shoe, boot	19408, 4908, 11142, 9199 28067, 6817, 4182, 8613, 12310, 9365, 6918, 3233,	12	8	8	boot	0.666666667	0.666666667	0.666666667	18.0	nan	boot, boot, boot, boot, boot, boot, boot, boot, boot, boot, boot, boot, boot, boot, boot, boot, boot, boot	boot, boot, boot, boot, boot, boot, boot, boot, boot, boot, boot, boot, boot, boot, boot, boot, boot, boot	table	boot	1.0	1.0	0.0	0.0	0.71120108
2594	boot/boot_16s.jpg	boot	boot	boot	boot, shoe, boot, boot, boot, shoe, book, shoe, boot, boot, boot, boot	49301, 7389, 17390 3230, 4150, 9489 2870, 10046, 10240, 2823, 3113, 4875	12	8	8	boot	0.666666667	0.666666667	0.666666667	18.0	nan	boot, boot, boot, boot, boot, boot, boot, boot, boot, boot, boot, boot, boot, boot, boot, boot, boot, boot	boot, boot, boot, boot, boot, boot, boot, boot, boot, boot, boot, boot, boot, boot, boot, boot, boot, boot	grasses	boot	1.0	1.0	0.0	0.0	0.785714286
2583	boot/boot_05s.jpg	boot	boot	boot	boot, boot, boot, shoe, shoe, boot, boot, boot, leg, sock	23047 4237 7620, 5207, 10608 9884, 50751, 5228, 11669, 10622,	10	6	6	boot	0.6	0.6	0.6	20.0	nan	boot, boot, boot, boot, boot, boot, boot, boot, boot, boot, boot, boot, boot, boot, boot, boot, boot, boot, boot, boot	boot, boot, boot, boot, boot, boot, boot, boot, boot, boot, boot, boot, boot, boot, boot, boot, boot, boot, boot, boot	wall	boot	1.0	1.0	0.0	0.0	0.804878049
2586	boot/boot_08s.jpg	boot	boot	boot	boot, boot, boot, boot, shoe, shoe, boot, shoe, shoe, shoe, shoe, boot, boot, boot, boot	13002, 5137, 32589, 24377, 14284, 8130, 6643, 5155, 7396, 9797, 2922, 17268, 7745 3620, 2976,	15	9	9	boot	0.6	0.6	0.6	19.0	nan	boot, boot, boot, boot, boot, boot, boot, boot, boot, boot, boot, boot, boot, boot, boot, boot, boot, boot, leg	boot, boot, boot, boot, boot, boot, boot, boot, boot, boot, boot, boot, boot, boot, boot, boot, boot, boot, leg	legs	boot	0.947368421	0.947368421	0.051227817	0.051227817	0.75
2588	boot/boot_10s.jpg	boot	boot	boot	boot, shoe, shoe, boot, shoe, shoe, boot, boot, shoe, shoe, boot, boot, boot, shoe, boot	4485, 5831, 7919, 5272, 6959, 6849, 74825, 5444, 5384, 4517, 11377, 11930, 13318, 3325, 4017,	15	8	8	boot	0.533333333	0.533333333	0.533333333	19.0	nan	boot, boot, boot, boot, boot, boot, boot, boot, boot, boot, boot, boot, boot, boot, boot, boot, boot, bundeswehr, shoe	boot, boot, boot, boot, boot, boot, boot, boot, boot, boot, boot, boot, boot, boot, boot, boot, boot, bundeswehr, shoe	grass	boot	0.894736842	0.894736842	0.0704059	0.0704059	0.738095238
2585	boot/boot_07s.jpg	boot	boot	boot	wind sock (wind sleeve), boot, boot, shoe, boot, boot, boot, leggings, pants, leg, pants, boot, boot, boot, shoe, shoe	5141, 4430, 5604, 4630, 14087, 18719, 55369, 5541, 4310, 7623 4107, 5029, 6792, 19256 6764, 4598,	16	8	8	boot	0.5	0.5	0.5	19.0	nan	boot, boot, boot, boot, boot, boot, boot, boot, boot, boot, boot, boot, boot, boot, boot, boot, boot, boot, shoe	boot, boot, boot, boot, boot, boot, boot, boot, boot, boot, boot, boot, boot, boot, boot, boot, boot, boot, shoe	nan	boot	0.947368421	0.947368421	0.051227817	0.051227817	0.805555556
2589	boot/boot_11s.jpg	boot	boot	boot	boot, boot, boot, ski boots, snowshoe, boot, ski boots, boot, shoe, snowshoe, shoe, ski boots, snowshoe, boot, boot, boot, ski boots	2398, 94969, 81689, 35462, 100129, 11635, 8583, 3307, 5078, 10199, 70955, 11251, 30034, 6741, 3884 5679, 6334,	17	8	8	boot	0.470588235	0.470588235	0.705882353	19.0	nan	boot, boot, boot, boot, boot, boot, boot, boot, boot, boot, boot, boot, boot, boot, boot, boot, boot, boot, mukluk	boot, boot, boot, boot, boot, boot, boot, boot, boot, boot, boot, boot, boot, boot, boot, boot, boot, boot, mukluk	sw	boot	0.947368421	0.947368421	0.051227817	0.051227817	0.731707317
2579	boot/boot_01b.jpg	boot	boot	boot	shoe, boot, shoe, shoe, shoe, boot, boot, boot, shoe, shoe, boot, shoe, boot, shoe, boot, shoe, boot	5181, 2802, 8142, 6128 8878, 2768, 4469, 8607, 10205, 4391, 9602, 5167, 5388, 3312, 72587, 3195, 3347,	17	8	9	shoe	0.470588235	0.470588235	0.470588235	18.0	nan	boot, boot, boot, boot, boot, boot, boot, boot, boot, boot, boot, boot, boot, boot, boot, boot, boot, shoe	boot, boot, boot, boot, boot, boot, boot, boot, boot, boot, boot, boot, boot, boot, boot, boot, boot, shoe	wood	boot	0.944444444	0.944444444	0.053990295	0.053990295	0.902439024
2587	boot/boot_09s.jpg	boot	boot	boot	boot, shoe, snowshoe, ski boots, shoe, boot, boot, ski boots, boot, shoe, shoe, shoe, boot, boot	11247, 93915, 23520, 5753, 42679, 557315, 3886, 15066, 7473, 3949, 5085, 9584, 9606, 13857,	14	6	6	boot	0.428571429	0.428571429	0.571428571	16.0	nan	boot, boot, boot, boot, boot, boot, boot, boot, boot, boot, boot, boot, boot, boot, boot, shoe	boot, boot, boot, boot, boot, boot, boot, boot, boot, boot, boot, boot, boot, boot, boot, shoe	sw	boot	0.9375	0.9375	0.060515365	0.060515365	0.763157895
2584	boot/boot_06s.jpg	boot	boot	boot	ski boots, boot, shoe, shoe, ski boots, ski boots, shoe, boot, shoe, boot, boot, ski boots, shoe, ski boots, boot, boot, boot	21760, 8406, 7951, 7808, 30279, 3731, 7889, 4269, 16651, 59561, 4442, 28864, 5506, 10149, 5480, 4531, 3819,	17	7	7	boot	0.411764706	0.411764706	0.705882353	20.0	nan	boot, boot, boot, boot, boot, boot, boot, boot, boot, boot, boot, boot, boot, boot, boot, boot, boot, boot, boot, shopes	boot, boot, boot, boot, boot, boot, boot, boot, boot, boot, boot, boot, boot, boot, boot, boot, boot, boot, boot, shopes	table	boot	0.95	0.95	0.048733972	0.048733972	0.725
2580	boot/boot_02s.jpg	boot	boot	boot	boot, shoe, boot, boot, shoe, shoe, shoe, shoe, boot, shoe, shoe, shoe, boot	2321, 54597, 4986, 4990, 5054, 6390, 10154, 5471, 3564, 7186, 4428, 5823, 2171,	13	5	8	shoe	0.384615385	0.384615385	0.384615385	17.0	nan	boot, boot, boot, boot, boot, boot, boot, boot, boot, boot, boot, boot, boot, boot, shoe, shoe, timberland	boot, boot, boot, boot, boot, boot, boot, boot, boot, boot, boot, boot, boot, boot, shoe, shoe, timberland	jeans and legs	boot	0.823529412	0.823529412	0.092459441	0.092459441	0.75
2593	boot/boot_15s.jpg	boot	boot	boot	ski boots, boot, shoe, boot, shoe, shoe, shoe, boot, ski boots	19242 5469, 22293, 17346, 8052 4955, 6450, 4006, 6908,	9	3	4	shoe	0.333333333	0.333333333	0.555555556	16.0	nan	boot, boot, boot, boot, boot, boot, boot, boot, boot, boot, boot, boot, boot, boot, shoe, snow shoes	boot, boot, boot, boot, boot, boot, boot, boot, boot, boot, boot, boot, boot, boot, shoe, snow shoes	nan	boot	0.875	0.875	0.082679728	0.082679728	0.85
26276	boot.jpg	boot	boot	boot	shoe, shoe polish, shoe, shoe, boot, shoe, boot, boot, shoe, shoe, armor, shoe, shoe	4351, 53711, 6016, 5151, 6500, 10206, 2858, 10203, 8955, 4986, 57717, 15600, 13476,	13	3	8	shoe	0.230769231	0.230769231	0.230769231	nan	nan	nan	nan	nan	nan	nan	nan	nan	nan	nan
2706	bowl/bowl_06n.jpg	bowl	bowl	bowl	bowl, bowl, bowl, bowl, bowl, bowl, bowl, bowl, bowl, bowl, bowl, bowl, bowl, bowl, bowl, bowl	4110, 8088, 4655, 11115, 27894 2288, 7886, 6903, 6639, 15951, 7575, 40164, 6284, 7262, 4986, 4307,	16	16	16	bowl	1.0	1.0	1.0	15.0	nan	bowl, bowl, bowl, bowl, bowl, bowl, bowl, bowl, bowl, bowl, bowl, bowl, bowl, bowl, bowl	bowl, bowl, bowl, bowl, bowl, bowl, bowl, bowl, bowl, bowl, bowl, bowl, bowl, bowl, bowl	nan	bowl	1.0	1.0	0.0	0.0	0.853658537
2709	bowl/bowl_09s.jpg	bowl	bowl	bowl	bowl, bowl, bowl, bowl, bowl, bowl, bowl, bowl, bowl, bowl, bowl, bowl	13878, 7829, 9481, 5555, 3537, 3581, 53696, 3216, 10238 4092, 5241, 4708,	12	12	12	bowl	1.0	1.0	1.0	19.0	nan	bowl, bowl, bowl, bowl, bowl, bowl, bowl, bowl, bowl, bowl, bowl, bowl, bowl, bowl, bowl, bowl, bowl, bowl, bowl	bowl, bowl, bowl, bowl, bowl, bowl, bowl, bowl, bowl, bowl, bowl, bowl, bowl, bowl, bowl, bowl, bowl, bowl, bowl	white table	bowl	1.0	1.0	0.0	0.0	0.675
2703	bowl/bowl_03s.jpg	bowl	bowl	bowl	bowl, bowl, bowl, bowl, bowl, bowl, bowl, bowl, bowl, bowl, cup, bowl, bowl, bowl, cap (bottle cap), bowl, bowl, bowl, bowl	8876, 2909, 5723, 6915, 4493, 5966, 54335, 3270, 2808, 2898, 4100, 8774, 4326, 6556, 34017, 6108, 10319, 4835, 4067,	19	17	17	bowl	0.894736842	0.894736842	0.894736842	18.0	nan	bowl, bowl, bowl, bowl, bowl, bowl, bowl, bowl, bowl, bowl, bowl, bowl, bowl, bowl, bowl, bowl, bowl, bowl	bowl, bowl, bowl, bowl, bowl, bowl, bowl, bowl, bowl, bowl, bowl, bowl, bowl, bowl, bowl, bowl, bowl, bowl	nan	bowl	1.0	1.0	0.0	0.0	0.775
2701	bowl/bowl_01b.jpg	bowl	bowl	bowl	bowl, cup, cup, bowl, bowl, bowl, bowl, bowl, bowl, bowl, bowl, bowl, bowl, bowl, bowl, bowl, bowl	4828, 5616, 5455, 2637, 7896 6078, 2647, 8782, 6512, 23592, 7611, 6718 10064, 3371, 5862, 4149, 6959,	17	15	15	bowl	0.882352941	0.882352941	0.882352941	18.0	nan	bowl, bowl, bowl, bowl, bowl, bowl, bowl, bowl, bowl, bowl, bowl, bowl, bowl, bowl, bowl, bowl, bowl, bowl	bowl, bowl, bowl, bowl, bowl, bowl, bowl, bowl, bowl, bowl, bowl, bowl, bowl, bowl, bowl, bowl, bowl, bowl	table	bowl	1.0	1.0	0.0	0.0	0.785714286
2712	bowl/bowl_12s.jpg	bowl	bowl	bowl	bowl, bowl, bowl, cup, bowl, bowl, bowl, cup, bowl, bowl, bowl, bowl, bowl, bowl	6416, 4467 4548, 5113, 5942, 6774, 5343, 6599, 3557, 7294, 6087, 40575, 3242, 4420,	14	12	12	bowl	0.857142857	0.857142857	0.857142857	19.0	nan	bowl, bowl, bowl, bowl, bowl, bowl, bowl, bowl, bowl, bowl, bowl, bowl, bowl, bowl, bowl, bowl, bowl, bowl, bowl	bowl, bowl, bowl, bowl, bowl, bowl, bowl, bowl, bowl, bowl, bowl, bowl, bowl, bowl, bowl, bowl, bowl, bowl, bowl	nan	bowl	1.0	1.0	0.0	0.0	0.692948718
26284	bowl.jpg	bowl	bowl	bowl	bowl, bowl, bowl, cup, bow (decoration), bowl, bowl, bowl, bowl, bowl, bowl, bowl	3730, 5283, 4017, 2826, 4022, 17649, 5349, 6258, 5956, 8012, 5703, 5606,	12	10	10	bowl	0.833333333	0.833333333	0.833333333	nan	nan	nan	nan	nan	nan	nan	nan	nan	nan	nan
2708	bowl/bowl_08s.jpg	bowl	bowl	bowl	bowl, bowl, bull, bowl, cup, bowl, bowl, bowl, bowl, bowl, cup, bowl, bowl, bowl, bowl, bowl, bowl	5859, 11907, 6631, 4150, 5853, 3076 4268, 3189, 2843 3359, 12932, 8687, 9157, 4229, 2410, 12086, 3274,	17	14	14	bowl	0.823529412	0.823529412	0.823529412	17.0	nan	bowl, bowl, bowl, bowl, bowl, bowl, bowl, bowl, bowl, bowl, bowl, bowl, bowl, bowl, bowl, cup, thing	bowl, bowl, bowl, bowl, bowl, bowl, bowl, bowl, bowl, bowl, bowl, bowl, bowl, bowl, bowl, cup, thing	cardboard	bowl	0.882352941	0.882352941	0.07814249	0.07814249	0.69047619
2702	bowl/bowl_02s.jpg	bowl	bowl	bowl	bowl, bowl, bowl, bowl, bowl, cup, cup, bowl, bowl, bowl, bowl, cup, bowl, bowl	13245, 3872, 6032, 6641, 7955, 5131, 3079 5198 4018, 9625, 6639, 4755, 3056, 37440,	14	11	11	bowl	0.785714286	0.785714286	0.785714286	17.0	nan	bowl, bowl, bowl, bowl, bowl, bowl, bowl, bowl, bowl, bowl, bowl, bowl, bowl, bowl, bowl, bowl, bowl	bowl, bowl, bowl, bowl, bowl, bowl, bowl, bowl, bowl, bowl, bowl, bowl, bowl, bowl, bowl, bowl, bowl	table	bowl	1.0	1.0	0.0	0.0	0.756097561
2707	bowl/bowl_07n.jpg	bowl	bowl	bowl	pot, bowl, cup, bowl, bowl, bowl, bowl, cup, measuring cup, bowl, bowl, bowl, bowl, bowl, bowl, bowl	13846, 4246, 4665, 7953, 7098, 23038, 3796, 3879, 6364, 15509, 221064 11113, 12034, 6469, 4242, 4687	16	12	12	bowl	0.75	0.75	0.75	16.0	nan	bowl, bowl, bowl, bowl, bowl, bowl, bowl, bowl, bowl, bowl, bowl, bowl, bowl, bowl, bowl, cup	bowl, bowl, bowl, bowl, bowl, bowl, bowl, bowl, bowl, bowl, bowl, bowl, bowl, bowl, bowl, cup	nan	bowl	0.9375	0.9375	0.060515365	0.060515365	0.825
2704	bowl/bowl_04s.jpg	bowl	bowl	bowl	bowl, bowl, bowl, bowl, bowl, bowl, cup, bowl, bowl, cup, bowl, bazooka, bowl, cup, bowl	11384, 200126, 3735, 28382, 3823 3877, 4842, 2897, 9324, 5387, 4260, 15844, 5077, 29861, 5517,	15	11	11	bowl	0.733333333	0.733333333	0.733333333	18.0	nan	bowl, bowl, bowl, bowl, bowl, bowl, bowl, bowl, bowl, bowl, bowl, bowl, bowl, bowl, bowl, bowl, bowl, dish	bowl, bowl, bowl, bowl, bowl, bowl, bowl, bowl, bowl, bowl, bowl, bowl, bowl, bowl, bowl, bowl, bowl, dish	counter	bowl	0.944444444	0.944444444	0.053990295	0.053990295	0.780487805
2710	bowl/bowl_10n.jpg	bowl	bowl	bowl	bowl, bowl, mug, potholder, bowl, bowl, cup, bowl, bowl, bowl, bowl, bowl, cup, bowl	6528, 27064, 5605, 19530 3355, 17656, 4220, 8800, 9198 2798, 5009, 6973 118268, 4064,	14	10	10	bowl	0.714285714	0.714285714	0.714285714	18.0	nan	bowl, bowl, bowl, bowl, bowl, bowl, bowl, bowl, bowl, bowl, bowl, bowl, bowl, bowl, bowl, bowl, bowl, pottery	bowl, bowl, bowl, bowl, bowl, bowl, bowl, bowl, bowl, bowl, bowl, bowl, bowl, bowl, bowl, bowl, bowl, pottery	counter	bowl	0.944444444	0.944444444	0.053990295	0.053990295	0.780487805
2705	bowl/bowl_05s.jpg	bowl	bowl	bowl	boulder, bowl, bowl, bowl, bowl, cup, bowl, bowl, bowl, pot, bowl, barnacle, bowl, bowl, tab (pull tab)	7760, 115752, 29379, 13411, 20183, 6633, 45350, 16608, 6416, 4434, 7222, 11576, 9626, 9958, 5367,	15	10	10	bowl	0.666666667	0.666666667	0.666666667	19.0	nan	bowl, bowl, bowl, bowl, bowl, bowl, bowl, bowl, bowl, bowl, bowl, bowl, bowl, bowl, bowl, bowl, bowl, bowl, bowl	bowl, bowl, bowl, bowl, bowl, bowl, bowl, bowl, bowl, bowl, bowl, bowl, bowl, bowl, bowl, bowl, bowl, bowl, bowl	pottery	bowl	1.0	1.0	0.0	0.0	0.756097561
2711	bowl/bowl_11s.jpg	bowl	bowl	bowl	bowler hat, bowl, cup, pot, bowl, cup, cup, bowl, bowl	3111, 4138, 9466, 8820, 8027, 6734, 5227, 5832, 2510,	9	4	4	bowl	0.444444444	0.444444444	0.555555556	19.0	nan	bowl, bowl, bowl, bowl, bowl, bowl, bowl, bowl, bowl, bowl, bowl, bowl, bowl, bowl, bowl, cup, cup, mug, pot	bowl, bowl, bowl, bowl, bowl, bowl, bowl, bowl, bowl, bowl, bowl, bowl, bowl, bowl, bowl, cup, cup, mug, pot	counter	bowl	0.789473684	0.789473684	0.09352877	0.09352877	0.684210526
3054	broccoli/broccoli_08s.jpg	broccoli	broccoli	broccoli	broccoli, broccoli, broccoli, broccoli, broccoli, broccoli, broccoli, broccoli, broccoli, broccoli, broccoli	4506, 4136, 24814, 21634 1922, 4334, 4261, 22919, 3357, 13302, 5554	11	11	11	broccoli	1.0	1.0	1.0	18.0	nan	broccoli, broccoli, broccoli, broccoli, broccoli, broccoli, broccoli, broccoli, broccoli, broccoli, broccoli, broccoli, broccoli, broccoli, broccoli, broccoli, broccoli, broccoli	broccoli, broccoli, broccoli, broccoli, broccoli, broccoli, broccoli, broccoli, broccoli, broccoli, broccoli, broccoli, broccoli, broccoli, broccoli, broccoli, broccoli, broccoli	bowl	broccoli	1.0	1.0	0.0	0.0	0.846153846
3048	broccoli/broccoli_02s.jpg	broccoli	broccoli	broccoli	broccoli, broccoli, broccoli, broccoli, broccoli, broccoli, broccoli, broccoli, broccoli, broccoli	4983, 6804, 5697, 7239, 2185, 4317, 8438, 3587, 2985, 4716,	10	10	10	broccoli	1.0	1.0	1.0	17.0	nan	broccoli, broccoli, broccoli, broccoli, broccoli, broccoli, broccoli, broccoli, broccoli, broccoli, broccoli, broccoli, broccoli, broccoli, broccoli, broccoli, broccoli	broccoli, broccoli, broccoli, broccoli, broccoli, broccoli, broccoli, broccoli, broccoli, broccoli, broccoli, broccoli, broccoli, broccoli, broccoli, broccoli, broccoli	pot	broccoli	1.0	1.0	0.0	0.0	0.8
3047	broccoli/broccoli_01b.jpg	broccoli	broccoli	broccoli	broccoli, broccoli, broccoli, broccoli, fruit, broccoli, broccoli, broccoli, broccoli, broccoli, broccoli, broccoli, broccoli, broccoli, broccoli, broccoli, broccoli, broccoli	6397, 10086, 12619, 16498, 10164, 5118, 4015, 12418, 7338, 2582, 5273, 7637, 13982, 3810, 23935, 7514, 4749, 5594,	18	17	17	broccoli	0.944444444	0.944444444	0.944444444	17.0	nan	broccoli, broccoli, broccoli, broccoli, broccoli, broccoli, broccoli, broccoli, broccoli, broccoli, broccoli, broccoli, broccoli, broccoli, broccoli, broccoli, broccoli	broccoli, broccoli, broccoli, broccoli, broccoli, broccoli, broccoli, broccoli, broccoli, broccoli, broccoli, broccoli, broccoli, broccoli, broccoli, broccoli, broccoli	wood	broccoli	1.0	1.0	0.0	0.0	0.87804878
3055	broccoli/broccoli_09s.jpg	broccoli	broccoli	broccoli	broccoli, broccoli, broccoli, broccoli, broccoli, broccoli, broccoli, vegetable, broccoli, broccoli, broccoli, broccoli, broccoli, broccoli, broccoli, broccoli, broccoli	15048, 6859, 2703, 2607, 20261, 9935, 9133, 13137, 3651, 1837 18211, 7284, 118126, 2487, 2287, 5444, 3047,	17	16	16	broccoli	0.941176471	0.941176471	0.941176471	19.0	nan	broccoli, broccoli, broccoli, broccoli, broccoli, broccoli, broccoli, broccoli, broccoli, broccoli, broccoli, broccoli, broccoli, broccoli, broccoli, broccoli, broccoli, broccoli, broccoli	broccoli, broccoli, broccoli, broccoli, broccoli, broccoli, broccoli, broccoli, broccoli, broccoli, broccoli, broccoli, broccoli, broccoli, broccoli, broccoli, broccoli, broccoli, broccoli	nan	broccoli	1.0	1.0	0.0	0.0	0.88372093
3051	broccoli/broccoli_05s.jpg	broccoli	broccoli	broccoli	broccoli, broccoli, broccoli, broccoli, broccoli, broccoli, broccoli, broccoli, garbage, broccoli, broccoli, broccoli, broccoli, broccoli, broccoli, broccoli, broccoli	2864, 10416, 3784, 3607, 6823, 3768, 3138, 17138, 29889, 14677, 6174 8176, 10696, 2940, 44062, 20659, 4740,	17	16	16	broccoli	0.941176471	0.941176471	0.941176471	18.0	nan	broccoli, broccoli, broccoli, broccoli, broccoli, broccoli, broccoli, broccoli, broccoli, broccoli, broccoli, broccoli, broccoli, broccoli, broccoli, broccoli, broccoli, broccoli	broccoli, broccoli, broccoli, broccoli, broccoli, broccoli, broccoli, broccoli, broccoli, broccoli, broccoli, broccoli, broccoli, broccoli, broccoli, broccoli, broccoli, broccoli	nan	broccoli	1.0	1.0	0.0	0.0	0.880952381
3049	broccoli/broccoli_03s.jpg	broccoli	broccoli	broccoli	broccoli, broccoli, broccoli, broccoli, broccoli, broccoli, broccoli, broccoli, vegetable, broccoli, broccoli, broccoli, broccoli, broccoli, broccoli, broccoli	9091, 9428, 4851, 9405 3380, 9751, 2809, 12372, 7781, 12319, 9290, 64657, 5198, 36190, 7357, 2860	16	15	15	broccoli	0.9375	0.9375	0.9375	17.0	nan	broccoli, broccoli, broccoli, broccoli, broccoli, broccoli, broccoli, broccoli, broccoli, broccoli, broccoli, broccoli, broccoli, broccoli, broccoli, broccoli, broccoli	broccoli, broccoli, broccoli, broccoli, broccoli, broccoli, broccoli, broccoli, broccoli, broccoli, broccoli, broccoli, broccoli, broccoli, broccoli, broccoli, broccoli	nan	broccoli	1.0	1.0	0.0	0.0	0.9
3059	broccoli/broccoli_13s.jpg	broccoli	broccoli	broccoli	broccoli, broccoli, broccoli, cabbage, broccoli, broccoli, broccoli, broccoli, broccoli, broccoli, broccoli, broccoli, broccoli, broccoli, broccoli	6393, 11065, 3230, 22104, 5279, 4329, 5967, 118053, 5013, 7256, 14184, 11510, 4269, 6443, 3798	15	14	14	broccoli	0.933333333	0.933333333	0.933333333	18.0	nan	broccoli, broccoli, broccoli, broccoli, broccoli, broccoli, broccoli, broccoli, broccoli, broccoli, broccoli, broccoli, broccoli, broccoli, broccoli, broccoli, broccoli, broccoli	broccoli, broccoli, broccoli, broccoli, broccoli, broccoli, broccoli, broccoli, broccoli, broccoli, broccoli, broccoli, broccoli, broccoli, broccoli, broccoli, broccoli, broccoli	plate	broccoli	1.0	1.0	0.0	0.0	0.875
3057	broccoli/broccoli_11s.jpg	broccoli	broccoli	broccoli	broccoli, broccoli, broccoli, broccoli, broccoli, broccoli, broccoli, broccoli, broccoli, broccoli, broccoli, cabbage, broccoli, broccoli	3751, 5811 5843, 4100, 25168, 35659, 9661, 11193, 9004, 5486 3621, 12358, 3606, 3048,	14	13	13	broccoli	0.928571429	0.928571429	0.928571429	17.0	nan	broccoli, broccoli, broccoli, broccoli, broccoli, broccoli, broccoli, broccoli, broccoli, broccoli, broccoli, broccoli, broccoli, broccoli, broccoli, rocket, superfood	broccoli, broccoli, broccoli, broccoli, broccoli, broccoli, broccoli, broccoli, broccoli, broccoli, broccoli, broccoli, broccoli, broccoli, broccoli, rocket, superfood	nan	broccoli	0.882352941	0.882352941	0.07814249	0.07814249	0.785714286
3052	broccoli/broccoli_06s.jpg	broccoli	broccoli	broccoli	broccoli, broccoli, broccoli, broccoli, broccoli, broccoli, cabbage, broccoli, broccoli, broccoli, broccoli, broccoli	6439 9120, 6529 4101, 10708, 5880, 7544, 3520, 16784, 4050 12744, 17078,	12	11	11	broccoli	0.916666667	0.916666667	0.916666667	19.0	nan	broccoli, broccoli, broccoli, broccoli, broccoli, broccoli, broccoli, broccoli, broccoli, broccoli, broccoli, broccoli, broccoli, broccoli, broccoli, broccoli, broccoli, broccoli, broccoli	broccoli, broccoli, broccoli, broccoli, broccoli, broccoli, broccoli, broccoli, broccoli, broccoli, broccoli, broccoli, broccoli, broccoli, broccoli, broccoli, broccoli, broccoli, broccoli	plate	broccoli	1.0	1.0	0.0	0.0	0.7
3050	broccoli/broccoli_04s.jpg	broccoli	broccoli	broccoli	broccoli, broccoli, broccoli, broccoli, broccoli, broccoli, broccoli, cauliflower, broccoli, broccoli, broccoli	2864, 6582 4820, 5916, 4324, 4552, 4286, 5321, 36395, 5347, 4048,	11	10	10	broccoli	0.909090909	0.909090909	0.909090909	15.0	nan	broccoli, broccoli, broccoli, broccoli, broccoli, broccoli, broccoli, broccoli, broccoli, broccoli, broccoli, broccoli, broccoli, broccoli, broccoli	broccoli, broccoli, broccoli, broccoli, broccoli, broccoli, broccoli, broccoli, broccoli, broccoli, broccoli, broccoli, broccoli, broccoli, broccoli	plate	broccoli	1.0	1.0	0.0	0.0	0.829268293
3058	broccoli/broccoli_12s.jpg	broccoli	broccoli	broccoli	vegetable, broccoli, broccoli, vegetable, broccoli, broccoli, broccoli, broccoli, broccoli, broccoli, broccoli, broccoli, broccoli, broccoli, broccoli, broccoli	5110, 5616, 3875, 12616, 4095, 8141, 22312, 7468 26166, 5625, 2998, 3507, 6797, 13491, 77322, 2841,	16	14	14	broccoli	0.875	0.875	0.875	18.0	nan	braque, broccoli, broccoli, broccoli, broccoli, broccoli, broccoli, broccoli, broccoli, broccoli, broccoli, broccoli, broccoli, broccoli, broccoli, broccoli, broccoli, broccoli	braque, broccoli, broccoli, broccoli, broccoli, broccoli, broccoli, broccoli, broccoli, broccoli, broccoli, broccoli, broccoli, broccoli, broccoli, broccoli, broccoli, broccoli	plate	broccoli	0.944444444	0.944444444	0.053990295	0.053990295	0.952380952
3060	broccoli/broccoli_14s.jpg	broccoli	broccoli	broccoli	broccoli, broccoli, broccoli, broccoli, broccoli, vegetable, broccoli, broccoli, broccoli, vegetable, broccoli, broccoli, broccoli, broccoli, broccoli	4132, 6524, 3433, 22060, 15602, 5384, 13268, 25782, 4955 7361, 4244, 21644, 5498, 5397, 3569,	15	13	13	broccoli	0.866666667	0.866666667	0.866666667	19.0	nan	broccoli, broccoli, broccoli, broccoli, broccoli, broccoli, broccoli, broccoli, broccoli, broccoli, broccoli, broccoli, broccoli, broccoli, broccoli, broccoli, broccoli, broccoli, broccoli	broccoli, broccoli, broccoli, broccoli, broccoli, broccoli, broccoli, broccoli, broccoli, broccoli, broccoli, broccoli, broccoli, broccoli, broccoli, broccoli, broccoli, broccoli, broccoli	nan	broccoli	1.0	1.0	0.0	0.0	0.9
3056	broccoli/broccoli_10s.jpg	broccoli	broccoli	broccoli	vegetable, broccoli, broccoli, broccoli, broccoli, broccoli, broccoli, broccoli, cabbage, broccoli, broccoli, broccoli, broccoli	4050, 6252, 11844, 5643, 4572, 5457, 4180, 7128, 22907, 6378 4127 13216 13829	13	11	11	broccoli	0.846153846	0.846153846	0.846153846	18.0	nan	broccoli, broccoli, broccoli, broccoli, broccoli, broccoli, broccoli, broccoli, broccoli, broccoli, broccoli, broccoli, broccoli, broccoli, broccoli, broccoli, broccoli, broccoli	broccoli, broccoli, broccoli, broccoli, broccoli, broccoli, broccoli, broccoli, broccoli, broccoli, broccoli, broccoli, broccoli, broccoli, broccoli, broccoli, broccoli, broccoli	nan	broccoli	1.0	1.0	0.0	0.0	0.853658537
3053	broccoli/broccoli_07s.jpg	broccoli	broccoli	broccoli	broccoli, broccoli, broccoli, vegetable, vegetable, broccoli, broccoli, broccoli, broccoli, broccoli, broccoli	2992, 8111, 8953, 14750, 25297, 4633, 3809, 3208, 29330, 3091, 3351,	11	9	9	broccoli	0.818181818	0.818181818	0.818181818	18.0	nan	broccoli, broccoli, broccoli, broccoli, broccoli, broccoli, broccoli, broccoli, broccoli, broccoli, broccoli, broccoli, broccoli, broccoli, broccoli, broccoli, broccoli, green vegs	broccoli, broccoli, broccoli, broccoli, broccoli, broccoli, broccoli, broccoli, broccoli, broccoli, broccoli, broccoli, broccoli, broccoli, broccoli, broccoli, broccoli, green vegs	nan	broccoli	0.944444444	0.944444444	0.053990295	0.053990295	0.829268293
26308	broccoli.jpg	broccoli	broccoli	broccoli	vegetable, broccoli, broccoli, broccoli, broccoli, broccoli, broccoli, broccoli, cabbage, garbage, broccoli, broccoli, broccoli, broccoli, broccoli, cabbage	19258, 4431, 4527, 2446, 7407, 3183, 5116, 3475, 3679 26384, 8906, 8416, 11472, 8789, 3253, 2920,	16	12	12	broccoli	0.75	0.75	0.75	nan	nan	nan	nan	nan	nan	nan	nan	nan	nan	nan
3388	bus/bus_10n.jpg	bus	bus	bus	bus, bus, bus, bus, bus, bus, bus, bus, bus, bus, bus, bus, bus, bus, bus, bus	8452, 3893, 5111 3617 11172, 2954, 64637, 8098, 2747, 7123, 6987, 3875, 25252, 7399, 5765, 4428,	16	16	16	bus	1.0	1.0	1.0	18.0	nan	bus, bus, bus, bus, bus, bus, bus, bus, bus, bus, bus, bus, bus, bus, bus, bus, bus, bus	bus, bus, bus, bus, bus, bus, bus, bus, bus, bus, bus, bus, bus, bus, bus, bus, bus, bus	red sign	bus	1.0	1.0	0.0	0.0	0.894736842
3384	bus/bus_06n.jpg	bus	bus	bus	bus, bus, bus, bus, bus, bus, bus, bus, bus, bus, bus, bus, bus, bus, bus, bus	2804, 4323, 23903, 2677, 3814, 8465, 7068, 3689, 17212, 8680, 6684, 2708, 4183, 3374, 15699, 2605,	16	16	16	bus	1.0	1.0	1.0	17.0	nan	bus, bus, bus, bus, bus, bus, bus, bus, bus, bus, bus, bus, bus, bus, bus, bus, bus	bus, bus, bus, bus, bus, bus, bus, bus, bus, bus, bus, bus, bus, bus, bus, bus, bus	road	bus	1.0	1.0	0.0	0.0	0.744186047
3385	bus/bus_07n.jpg	bus	bus	bus	bus, bus, bus, bus, bus, bus, bus, bus, bus, bus, bus, bus, bus, bus	2917 218781, 2798, 4869, 4191, 4089, 5422, 5371, 11308, 2384, 5007, 6034, 3416, 6658,	14	14	14	bus	1.0	1.0	1.0	16.0	nan	bus, bus, bus, bus, bus, bus, bus, bus, bus, bus, bus, bus, bus, bus, bus, bus	bus, bus, bus, bus, bus, bus, bus, bus, bus, bus, bus, bus, bus, bus, bus, bus	windows	bus	1.0	1.0	0.0	0.0	0.820512821
3382	bus/bus_04n.jpg	bus	bus	bus	bus, bus, bus, bus, bus, bus, bus, bus, bus, bus, bus, bus, bus	6498, 6439, 4467, 12100, 6786, 4242, 2274, 4253, 3427, 6932, 2779, 5251, 1992,	13	13	13	bus	1.0	1.0	1.0	17.0	nan	bus, bus, bus, bus, bus, bus, bus, bus, bus, bus, bus, bus, bus, bus, bus, bus, bus	bus, bus, bus, bus, bus, bus, bus, bus, bus, bus, bus, bus, bus, bus, bus, bus, bus	nan	bus	1.0	1.0	0.0	0.0	0.818181818
3386	bus/bus_08s.jpg	bus	bus	bus	bus, bus, bus, bus, bus, bus, bus, bus, bus, bus, bus, bus	5489, 4422, 5873 25598, 4271, 5990, 3644, 3173, 3646, 5165, 5747 2703	12	12	12	bus	1.0	1.0	1.0	19.0	nan	bus, bus, bus, bus, bus, bus, bus, bus, bus, bus, bus, bus, bus, bus, bus, bus, bus, bus, bus	bus, bus, bus, bus, bus, bus, bus, bus, bus, bus, bus, bus, bus, bus, bus, bus, bus, bus, bus	road	bus	1.0	1.0	0.0	0.0	0.6
3383	bus/bus_05n.jpg	bus	bus	bus	bus, bus, bus, bus, bus, bus, bus, bus, bus, bus, bus, bus, bus	4884, 3144, 3787, 6502, 2961, 5792, 6085, 4989, 5344 16393 2276 4968, 4050,	13	13	13	bus	1.0	1.0	1.0	19.0	nan	bus, bus, bus, bus, bus, bus, bus, bus, bus, bus, bus, bus, bus, bus, bus, bus, bus, bus, light rail	bus, bus, bus, bus, bus, bus, bus, bus, bus, bus, bus, bus, bus, bus, bus, bus, bus, bus, light rail	trees	bus	0.947368421	0.947368421	0.051227817	0.051227817	0.772727273
3389	bus/bus_11n.jpg	bus	bus	bus	bus, bus, bus, bus, bus, bus, bus, bus, bus, bus, bus, bus, bus, bus, bus	6409, 7847, 16644, 3478, 4919, 9390, 21453, 4116, 2673, 4109, 6782, 8185, 2378, 2675, 6446,	15	15	15	bus	1.0	1.0	1.0	17.0	nan	bus, bus, bus, bus, bus, bus, bus, bus, bus, bus, bus, bus, bus, bus, bus, bus, shuttle	bus, bus, bus, bus, bus, bus, bus, bus, bus, bus, bus, bus, bus, bus, bus, bus, shuttle	bus stop	bus	0.941176471	0.941176471	0.057067206	0.057067206	0.769230769
26333	bus.jpg	bus	bus	bus	bus, bus, bus, bus, bus, bus, bus, bus, bus, bus, bus, bus, bus, bus, bus, bus	6877, 3017, 5070, 6209, 2821, 4424, 9109, 4251, 5198, 3877, 7058, 3707, 4658, 5075, 3018, 2790	16	16	16	bus	1.0	1.0	1.0	nan	nan	nan	nan	nan	nan	nan	nan	nan	nan	nan
3387	bus/bus_09n.jpg	bus	bus	bus	bus, bus, bus, bus, bus, bus, bus, bus, bus, bus, bus, bus, bus, van	4948, 5011, 8871, 3981, 6494, 6528, 3898, 6931, 4114, 4712, 3157, 2744, 3510, 9986,	14	13	13	bus	0.928571429	0.928571429	0.928571429	17.0	nan	bus, bus, bus, bus, bus, bus, bus, bus, bus, bus, bus, bus, bus, bus, bus, bus, bus	bus, bus, bus, bus, bus, bus, bus, bus, bus, bus, bus, bus, bus, bus, bus, bus, bus	road	bus	1.0	1.0	0.0	0.0	0.642857143
3390	bus/bus_12n.jpg	bus	bus	bus	bus, bus, bus, trolley (streetcar), bus, bus, bus, bus, bus, bus, bus, bus, bus, bus	21267, 10819, 4283, 58946, 9847, 18431, 3870, 2733, 3559, 3654, 7598, 16224, 5431, 4133,	14	13	13	bus	0.928571429	0.928571429	0.928571429	19.0	nan	bus, bus, bus, bus, bus, bus, bus, bus, bus, bus, bus, bus, bus, cable car, train, trolley, trolley, trolley, trolley car	bus, bus, bus, bus, bus, bus, bus, bus, bus, bus, bus, bus, bus, cable car, train, trolley, trolley, trolley, trolley car	building	bus	0.684210526	0.684210526	0.106639205	0.106639205	0.707317073
3381	bus/bus_03n.jpg	bus	bus	bus	bus, bus, bus, truck, bus, bus, bus, bus, bus, bus	3956, 2925 27874, 27787, 8408, 3467, 4962, 5434, 4778, 2755,	10	9	9	bus	0.9	0.9	0.9	18.0	nan	bus, bus, bus, bus, bus, bus, bus, bus, bus, bus, bus, bus, bus, bus, bus, bus, bus, bus	bus, bus, bus, bus, bus, bus, bus, bus, bus, bus, bus, bus, bus, bus, bus, bus, bus, bus	asian characters	bus	1.0	1.0	0.0	0.0	0.829268293
3379	bus/bus_01b.jpg	bus	bus	bus	bus, bus, bus, bus, bus, bus, bus, bus, bus, van, bus, school bus, bus	5859, 4394, 6937, 3470 8911, 4114, 55229, 234771, 4056, 7907, 4255, 7070, 4913,	13	11	11	bus	0.846153846	0.846153846	0.923076923	18.0	nan	bus, bus, bus, bus, bus, bus, bus, bus, bus, bus, bus, bus, bus, bus, bus, bus, bus, van	bus, bus, bus, bus, bus, bus, bus, bus, bus, bus, bus, bus, bus, bus, bus, bus, bus, van	road	bus	0.944444444	0.944444444	0.053990295	0.053990295	0.756097561
3380	bus/bus_02n.jpg	bus	bus	bus	bus, school bus, bus, truck, bus, road sweeper (vehicle), bus, bus, bus, bus, bus, bus, bus, bus, school bus	6722, 9028, 40524, 8525, 4750, 10376 12218, 8010, 5650 3022, 2604, 5878, 4844, 14724, 3050,	15	11	11	bus	0.733333333	0.733333333	0.866666667	18.0	nan	bus, bus, bus, bus, bus, bus, bus, bus, bus, bus, bus, bus, bus, bus, bus, bus, bus, bus	bus, bus, bus, bus, bus, bus, bus, bus, bus, bus, bus, bus, bus, bus, bus, bus, bus, bus	street	bus	1.0	1.0	0.0	0.0	0.7
3429	butterfly/butterfly_11s.jpg	butterfly	butterfly	butterfly	butterfly, butterfly, butterfly, butterfly, butterfly, butterfly, butterfly, butterfly, butterfly, butterfly, butterfly, butterfly, butterfly, butterfly, butterfly	3223, 4642, 10037 5183, 11779, 16085, 4544 4152 3632, 2918, 4618, 6723, 4563, 4299, 3041,	15	15	15	butterfly	1.0	1.0	1.0	19.0	nan	butterfly, butterfly, butterfly, butterfly, butterfly, butterfly, butterfly, butterfly, butterfly, butterfly, butterfly, butterfly, butterfly, butterfly, butterfly, butterfly, butterfly, butterfly, butterfly	butterfly, butterfly, butterfly, butterfly, butterfly, butterfly, butterfly, butterfly, butterfly, butterfly, butterfly, butterfly, butterfly, butterfly, butterfly, butterfly, butterfly, butterfly, butterfly	nan	butterfly	1.0	1.0	0.0	0.0	0.9
3423	butterfly/butterfly_05s.jpg	butterfly	butterfly	butterfly	butterfly, butterfly, butterfly, butterfly, butterfly, butterfly, butterfly, butterfly, butterfly, butterfly, butterfly, butterfly, butterfly, butterfly	7498, 2229 2249, 4694, 5956, 4160, 3676, 6210, 3154, 5390 3045, 10327, 13218, 3040,	14	14	14	butterfly	1.0	1.0	1.0	20.0	nan	butterfly, butterfly, butterfly, butterfly, butterfly, butterfly, butterfly, butterfly, butterfly, butterfly, butterfly, butterfly, butterfly, butterfly, butterfly, butterfly, butterfly, butterfly, butterfly, butterfly	butterfly, butterfly, butterfly, butterfly, butterfly, butterfly, butterfly, butterfly, butterfly, butterfly, butterfly, butterfly, butterfly, butterfly, butterfly, butterfly, butterfly, butterfly, butterfly, butterfly	flower	butterfly	1.0	1.0	0.0	0.0	0.743589744
3424	butterfly/butterfly_06s.jpg	butterfly	butterfly	butterfly	butterfly, butterfly, butterfly, butterfly, butterfly, butterfly, butterfly, butterfly, butterfly, butterfly, butterfly, butterfly, butterfly	4632, 29337, 2176, 5170, 4133, 11900, 7508, 4704, 3677, 5985, 3611, 5296, 2656,	13	13	13	butterfly	1.0	1.0	1.0	18.0	nan	butterfly, butterfly, butterfly, butterfly, butterfly, butterfly, butterfly, butterfly, butterfly, butterfly, butterfly, butterfly, butterfly, butterfly, butterfly, butterfly, butterfly, butterfly	butterfly, butterfly, butterfly, butterfly, butterfly, butterfly, butterfly, butterfly, butterfly, butterfly, butterfly, butterfly, butterfly, butterfly, butterfly, butterfly, butterfly, butterfly	plant	butterfly	1.0	1.0	0.0	0.0	0.75
3433	butterfly/butterfly_15n.jpg	butterfly	butterfly	butterfly	butterfly, butterfly, butterfly, butterfly, butterfly, butterfly, butterfly, butterfly, butterfly, butterfly, butterfly, butterfly, butterfly	2907, 31884, 8596, 3508, 3817, 7319, 8052, 7620, 3458, 4550, 4695, 3393, 5174,	13	13	13	butterfly	1.0	1.0	1.0	16.0	nan	butterfly, butterfly, butterfly, butterfly, butterfly, butterfly, butterfly, butterfly, butterfly, butterfly, butterfly, butterfly, butterfly, butterfly, butterfly, butterfly	butterfly, butterfly, butterfly, butterfly, butterfly, butterfly, butterfly, butterfly, butterfly, butterfly, butterfly, butterfly, butterfly, butterfly, butterfly, butterfly	leaf	butterfly	1.0	1.0	0.0	0.0	0.775
3419	butterfly/butterfly_01b.jpg	butterfly	butterfly	butterfly	butterfly, butterfly, butterfly, butterfly, butterfly, butterfly, butterfly, butterfly, butterfly, butterfly, butterfly, butterfly	4599, 4927, 35363, 5775, 3384, 3168, 5442, 3408, 4600 6635, 2960, 3695,	12	12	12	butterfly	1.0	1.0	1.0	19.0	nan	butterfly, butterfly, butterfly, butterfly, butterfly, butterfly, butterfly, butterfly, butterfly, butterfly, butterfly, butterfly, butterfly, butterfly, butterfly, butterfly, butterfly, butterfly, butterfly	butterfly, butterfly, butterfly, butterfly, butterfly, butterfly, butterfly, butterfly, butterfly, butterfly, butterfly, butterfly, butterfly, butterfly, butterfly, butterfly, butterfly, butterfly, butterfly	nan	butterfly	1.0	1.0	0.0	0.0	0.725
3427	butterfly/butterfly_09s.jpg	butterfly	butterfly	butterfly	butterfly, butterfly, butterfly, butterfly, butterfly, butterfly, butterfly, butterfly, butterfly, butterfly, butterfly, butterfly	4864, 5143 5834, 3619, 6036, 3325, 7072, 3934, 22186, 4236, 9384, 3326,	12	12	12	butterfly	1.0	1.0	1.0	19.0	nan	butterfly, butterfly, butterfly, butterfly, butterfly, butterfly, butterfly, butterfly, butterfly, butterfly, butterfly, butterfly, butterfly, butterfly, butterfly, butterfly, butterfly, butterfly, butterfly	butterfly, butterfly, butterfly, butterfly, butterfly, butterfly, butterfly, butterfly, butterfly, butterfly, butterfly, butterfly, butterfly, butterfly, butterfly, butterfly, butterfly, butterfly, butterfly	flowers	butterfly	1.0	1.0	0.0	0.0	0.780487805
3428	butterfly/butterfly_10s.jpg	butterfly	butterfly	butterfly	butterfly, butterfly, butterfly, butterfly, butterfly, butterfly, butterfly, butterfly, butterfly, butterfly, butterfly, butterfly	222922, 2755, 2118, 4538, 2514, 5663, 5358, 8311, 8981, 4135, 7514, 7550,	12	12	12	butterfly	1.0	1.0	1.0	18.0	nan	butterfly, butterfly, butterfly, butterfly, butterfly, butterfly, butterfly, butterfly, butterfly, butterfly, butterfly, butterfly, butterfly, butterfly, butterfly, butterfly, butterfly, butterfly	butterfly, butterfly, butterfly, butterfly, butterfly, butterfly, butterfly, butterfly, butterfly, butterfly, butterfly, butterfly, butterfly, butterfly, butterfly, butterfly, butterfly, butterfly	leaf	butterfly	1.0	1.0	0.0	0.0	0.761904762
3422	butterfly/butterfly_04s.jpg	butterfly	butterfly	butterfly	butterfly, butterfly, butterfly, butterfly, butterfly, butterfly, butterfly, butterfly, butterfly, butterfly, butterfly, butterfly, butterfly, butterfly, butterfly, butterfly, butterfly	6599, 3390, 5689, 4733, 10215, 5111, 4103, 3470, 2810, 7046, 3880, 6744, 7298, 3717, 5298, 3982, 6239,	17	17	17	butterfly	1.0	1.0	1.0	19.0	nan	butterfly, butterfly, butterfly, butterfly, butterfly, butterfly, butterfly, butterfly, butterfly, butterfly, butterfly, butterfly, butterfly, butterfly, butterfly, butterfly, butterfly, butterfly, monarch	butterfly, butterfly, butterfly, butterfly, butterfly, butterfly, butterfly, butterfly, butterfly, butterfly, butterfly, butterfly, butterfly, butterfly, butterfly, butterfly, butterfly, butterfly, monarch	flower	butterfly	0.947368421	0.947368421	0.051227817	0.051227817	0.780487805
3425	butterfly/butterfly_07s.jpg	butterfly	butterfly	butterfly	butterfly, butterfly, butterfly, butterfly, butterfly, butterfly, butterfly, butterfly, butterfly, butterfly, butterfly, butterfly, butterfly, butterfly, butterfly, butterfly, butterfly	4300, 2600, 19600, 4662, 9143, 4918, 3149, 10221, 5966, 5150, 2861, 3475, 4159, 7790, 3047, 2470, 4125,	17	17	17	butterfly	1.0	1.0	1.0	16.0	nan	butterfly, butterfly, butterfly, butterfly, butterfly, butterfly, butterfly, butterfly, butterfly, butterfly, butterfly, butterfly, butterfly, butterfly, fghjk, for outdoor	butterfly, butterfly, butterfly, butterfly, butterfly, butterfly, butterfly, butterfly, butterfly, butterfly, butterfly, butterfly, butterfly, butterfly, fghjk, for outdoor	flower	butterfly	0.875	0.875	0.082679728	0.082679728	0.775
3431	butterfly/butterfly_13n.jpg	butterfly	butterfly	butterfly	butterfly, butterfly, butterfly, butterfly, butterfly, butterfly, butterfly, butterfly, butterfly, butterfly, butterfly, butterfly	9387, 3038, 3022, 6369, 2916, 4805, 6283, 8011, 5022, 7733 3171, 4087,	12	12	12	butterfly	1.0	1.0	1.0	17.0	nan	butterfly, butterfly, butterfly, butterfly, butterfly, butterfly, butterfly, butterfly, butterfly, butterfly, butterfly, butterfly, butterfly, butterfly, moth, moth, moth	butterfly, butterfly, butterfly, butterfly, butterfly, butterfly, butterfly, butterfly, butterfly, butterfly, butterfly, butterfly, butterfly, butterfly, moth, moth, moth	leaves	butterfly	0.823529412	0.823529412	0.092459441	0.092459441	0.9
26336	butterfly.jpg	butterfly	butterfly	butterfly	butterfly, butterfly, butterfly, butterfly, butterfly, butterfly, butterfly, butterfly, butterfly, butterfly, butterfly, butterfly, butterfly, butterfly, butterfly, butterfly, butterfly	5517, 3765, 3938, 3978, 5100 3533, 6416, 13346, 10863, 16358, 3816, 7186, 4531, 6613, 11609, 2664, 7961,	17	17	17	butterfly	1.0	1.0	1.0	nan	nan	nan	nan	nan	nan	nan	nan	nan	nan	nan
3421	butterfly/butterfly_03s.jpg	butterfly	butterfly	butterfly	butterfly, insole, butterfly, butterfly, butterfly, butterfly, butterfly, butterfly, butterfly, butterfly, butterfly, butterfly, butterfly, butterfly, butterfly, butterfly, butterfly	5557, 35221 5116 3366, 5600 4447, 3931, 5756, 5475, 3453, 5304, 6158, 5406, 3533, 2613, 3647, 7471,	17	16	16	butterfly	0.941176471	0.941176471	0.941176471	19.0	nan	butterfly, butterfly, butterfly, butterfly, butterfly, butterfly, butterfly, butterfly, butterfly, butterfly, butterfly, butterfly, butterfly, butterfly, butterfly, butterfly, butterfly, butterfly, butterfly	butterfly, butterfly, butterfly, butterfly, butterfly, butterfly, butterfly, butterfly, butterfly, butterfly, butterfly, butterfly, butterfly, butterfly, butterfly, butterfly, butterfly, butterfly, butterfly	hand	butterfly	1.0	1.0	0.0	0.0	0.880952381
3432	butterfly/butterfly_14n.jpg	butterfly	butterfly	butterfly	butterfly, butterfly, butterfly, tick (insect), butterfly, butterfly, butterfly, butterfly, butterfly, butterfly, butterfly, butterfly, butterfly, butterfly, butterfly, butterfly, butterfly	5468 9391, 4712, 42482 13113, 3874, 4097 9358, 4178, 5297, 3785, 8801 5063, 4932, 3563, 44498 7762,	17	16	16	butterfly	0.941176471	0.941176471	0.941176471	19.0	nan	butterfly, butterfly, butterfly, butterfly, butterfly, butterfly, butterfly, butterfly, butterfly, butterfly, butterfly, butterfly, butterfly, butterfly, butterfly, butterfly, butterfly, butterfly, butterfly	butterfly, butterfly, butterfly, butterfly, butterfly, butterfly, butterfly, butterfly, butterfly, butterfly, butterfly, butterfly, butterfly, butterfly, butterfly, butterfly, butterfly, butterfly, butterfly	flowers	butterfly	1.0	1.0	0.0	0.0	0.8
3430	butterfly/butterfly_12n.jpg	butterfly	butterfly	butterfly	butterfly, butterfly, butterfly, butterfly, butterfly, butterfly, butterfly, butterfly, bird, butterfly, butterfly, butterfly, butterfly, butterfly, butterfly, butterfly	14692, 3801, 5468, 12700, 3728, 3429, 6466, 111257, 6606 4806, 6143, 4830, 3604, 4649, 3707, 2863,	16	15	15	butterfly	0.9375	0.9375	0.9375	17.0	nan	butterfly, butterfly, butterfly, butterfly, butterfly, butterfly, butterfly, butterfly, butterfly, butterfly, butterfly, butterfly, butterfly, butterfly, butterfly, butterfly, moth	butterfly, butterfly, butterfly, butterfly, butterfly, butterfly, butterfly, butterfly, butterfly, butterfly, butterfly, butterfly, butterfly, butterfly, butterfly, butterfly, moth	flower	butterfly	0.941176471	0.941176471	0.057067206	0.057067206	0.605263158
3426	butterfly/butterfly_08s.jpg	butterfly	butterfly	butterfly	butterfly, butterfly, butterfly, butterfly, butterfly, butterfly, butterfly, butterfly, butterfly, butterfly, butterfly, butterfly, butterfly, butterfly, nacho	9036, 6502, 3306, 3021, 3635, 5336, 6057, 6009, 3158, 5196 4564, 6999, 4044, 3710, 2118,	15	14	14	butterfly	0.933333333	0.933333333	0.933333333	19.0	nan	butterfly, butterfly, butterfly, butterfly, butterfly, butterfly, butterfly, butterfly, butterfly, butterfly, butterfly, butterfly, butterfly, butterfly, butterfly, butterfly, butterfly, butterfly, moth	butterfly, butterfly, butterfly, butterfly, butterfly, butterfly, butterfly, butterfly, butterfly, butterfly, butterfly, butterfly, butterfly, butterfly, butterfly, butterfly, butterfly, butterfly, moth	flower	butterfly	0.947368421	0.947368421	0.051227817	0.051227817	0.707317073
3420	butterfly/butterfly_02s.jpg	butterfly	butterfly	butterfly	butterfly, butterfly, butterfly, moth, butterfly, butterfly, butterfly, butterfly, butterfly, butterfly, butterfly, butterfly, butterfly	3021, 4542, 2733, 7358, 4447, 8703, 1785, 4151, 4261, 5534, 5309, 4213, 4466,	13	12	12	butterfly	0.923076923	0.923076923	0.923076923	19.0	nan	butterfly, butterfly, butterfly, butterfly, butterfly, butterfly, butterfly, butterfly, butterfly, butterfly, butterfly, butterfly, butterfly, butterfly, butterfly, butterfly, butterfly, butterfly, butterfly	butterfly, butterfly, butterfly, butterfly, butterfly, butterfly, butterfly, butterfly, butterfly, butterfly, butterfly, butterfly, butterfly, butterfly, butterfly, butterfly, butterfly, butterfly, butterfly	leaves	butterfly	1.0	1.0	0.0	0.0	0.743589744
3434	butterfly/butterfly_16n.jpg	butterfly	butterfly	butterfly	butterfly, butterfly, butterfly, butterfly, butterfly, butterfly, butterfly, moth, butterfly, butterfly, butterfly, butterfly, butterfly, butterfly, butterfly, butterfly, moth, butterfly	3116, 17551, 3739 16008, 4215, 5753, 6094, 3785 4757, 3865, 3779, 4791, 3633, 7498, 10391, 21779, 5387, 9066,	18	16	16	butterfly	0.888888889	0.888888889	0.888888889	19.0	nan	butterfly, butterfly, butterfly, butterfly, butterfly, butterfly, butterfly, butterfly, butterfly, butterfly, butterfly, butterfly, butterfly, butterfly, butterfly, insect, moth, moth, moth	butterfly, butterfly, butterfly, butterfly, butterfly, butterfly, butterfly, butterfly, butterfly, butterfly, butterfly, butterfly, butterfly, butterfly, butterfly, insect, moth, moth, moth	rock	butterfly	0.789473684	0.789473684	0.09352877	0.09352877	0.825
3472	cabbage/cabbage_07s.jpg	cabbage	cabbage	cabbage	cabbage, cabbage, cabbage, cabbage, cabbage, cabbage, cabbage, cabbage, cabbage, cabbage, cabbage	3217, 11747, 3541, 30509, 12907, 18592, 4389, 2337, 16735, 4013, 4678,	11	11	11	cabbage	1.0	1.0	1.0	18.0	nan	brussel sprouts, brussel sprouts or lettuce, cabbage, cabbage, cabbage, cabbage, cabbage, cabbage, cabbage, cabbage, cabbage, cabbage, cabbage, cabbage, cabbage, cabbage, cabbage, lettuce	brussel sprouts, brussel sprouts or lettuce, cabbage, cabbage, cabbage, cabbage, cabbage, cabbage, cabbage, cabbage, cabbage, cabbage, cabbage, cabbage, cabbage, cabbage, cabbage, lettuce	other cabbage	cabbage	0.833333333	0.833333333	0.087841046	0.087841046	0.853658537
3466	cabbage/cabbage_01b.jpg	cabbage	cabbage	cabbage	cabbage, cabbage, cabbage, vegetable, cabbage, cabbage, cabbage, cabbage, cabbage, cabbage, cabbage, cabbage, cabbage, cabbage, cabbage	4801, 6763, 13704, 10342 5015 5021, 11560, 6636, 8053, 3274, 4566, 4535, 2889 2271, 3031,	15	14	14	cabbage	0.933333333	0.933333333	0.933333333	19.0	nan	brussels sprout, cabbage, cabbage, cabbage, cabbage, cabbage, cabbage, cabbage, cabbage, cabbage, cabbage, cabbage, cabbage, cabbage, cabbage, lettuce, lettuce, lettuce, lettuce	brussels sprout, cabbage, cabbage, cabbage, cabbage, cabbage, cabbage, cabbage, cabbage, cabbage, cabbage, cabbage, cabbage, cabbage, cabbage, lettuce, lettuce, lettuce, lettuce	nan	cabbage	0.736842105	0.736842105	0.101022618	0.101022618	0.682926829
3474	cabbage/cabbage_09s.jpg	cabbage	cabbage	cabbage	cabbage, cabbage, cabbage, cabbage, cabbage, cabbage, cabbage, cabbage, cabbage, vegetable, cabbage, cabbage, cabbage, cabbage	5120, 5653, 13798, 2661, 2123, 48134, 1731, 8957, 3368 6108, 5919, 2147, 7224, 2962,	14	13	13	cabbage	0.928571429	0.928571429	0.928571429	17.0	nan	cabbage, cabbage, cabbage, cabbage, cabbage, cabbage, cabbage, cabbage, cabbage, cabbage, cabbage, cabbage, cabbage, lettuce, lettuce, lettuce, lettuce	cabbage, cabbage, cabbage, cabbage, cabbage, cabbage, cabbage, cabbage, cabbage, cabbage, cabbage, cabbage, cabbage, lettuce, lettuce, lettuce, lettuce	open leaves	cabbage	0.764705882	0.764705882	0.102879368	0.102879368	0.820512821
3475	cabbage/cabbage_10s.jpg	cabbage	cabbage	cabbage	cabbage, cabbage, cabbage, cabbage, cabbage, cabbage, cabbage, cabbage, cabbage, lettuce, cabbage, cabbage, cabbage	13718, 3247, 23373, 2927, 6926, 7134, 5193, 10580, 12256, 9325, 3537, 10777, 3310,	13	12	12	cabbage	0.923076923	0.923076923	0.923076923	17.0	nan	brussels sprouts, cabbage, cabbage, cabbage, cabbage, cabbage, cabbage, cabbage, cabbage, cabbage, cabbage, cabbage, cabbage, cabbage, cauliflower, lettuce, lettuce	brussels sprouts, cabbage, cabbage, cabbage, cabbage, cabbage, cabbage, cabbage, cabbage, cabbage, cabbage, cabbage, cabbage, cabbage, cauliflower, lettuce, lettuce	brussel sprouts	cabbage	0.764705882	0.764705882	0.102879368	0.102879368	0.853658537
3469	cabbage/cabbage_04s.jpg	cabbage	cabbage	cabbage	cabbage, cabbage, cabbage, cabbage, cabbage, cabbage, cabbage, vegetable, cabbage, cabbage, cabbage, lettuce, cabbage, cabbage, cabbage, cabbage, cabbage, cabbage	11268, 4241, 8147, 19369, 7022, 10352, 12172, 18472 24904, 24644, 5116, 10827, 7909, 4569, 3365, 5336, 10470, 47578,	18	16	16	cabbage	0.888888889	0.888888889	0.888888889	18.0	nan	cabbage, cabbage, cabbage, cabbage, cabbage, cabbage, cabbage, cabbage, cabbage, cabbage, cabbage, cabbage, lettuce, lettuce, lettuce, lettuce, lettuce, vegetable	cabbage, cabbage, cabbage, cabbage, cabbage, cabbage, cabbage, cabbage, cabbage, cabbage, cabbage, cabbage, lettuce, lettuce, lettuce, lettuce, lettuce, vegetable	arm	cabbage	0.666666667	0.666666667	0.111111111	0.111111111	0.921052632
3470	cabbage/cabbage_05s.jpg	cabbage	cabbage	cabbage	cabbage, cabbage, vegetable, cabbage, cabbage, cabbage, cabbage, cabbage, cabbage, vegetable, cabbage, cabbage, cabbage, cabbage, cabbage	16662, 11950, 5507, 7589, 5826, 3803, 8012 13205, 13337, 5714, 6097, 10624, 22358, 7032, 4350,	15	13	13	cabbage	0.866666667	0.866666667	0.866666667	19.0	nan	cabbage, cabbage, cabbage, cabbage, cabbage, cabbage, cabbage, cabbage, cabbage, cabbage, head of lettuce, lettuce, lettuce, lettuce, lettuce, lettuce, lettuce, lettuce, lettuce	cabbage, cabbage, cabbage, cabbage, cabbage, cabbage, cabbage, cabbage, cabbage, cabbage, head of lettuce, lettuce, lettuce, lettuce, lettuce, lettuce, lettuce, lettuce, lettuce	table	cabbage	0.526315789	0.526315789	0.114548882	0.114548882	0.860465116
3467	cabbage/cabbage_02s.jpg	cabbage	cabbage	cabbage	cabbage, cabbage, cabbage, cabbage, cabbage, cabbage, cabbage, cabbage, vegetable, cabbage, cabbage, cabbage, cabbage, lettuce	4271, 15525, 22346, 3215, 11797, 7981, 5592, 2660, 4119, 4582 2420, 10551, 2934, 12670,	14	12	12	cabbage	0.857142857	0.857142857	0.857142857	18.0	nan	brussels sprouts, cabbage, cabbage, cabbage, cabbage, cabbage, cabbage, cabbage, cabbage, cabbage, cabbage, cabbage, lettuce, lettuce, lettuce, lettuce, lettuce, lettuce	brussels sprouts, cabbage, cabbage, cabbage, cabbage, cabbage, cabbage, cabbage, cabbage, cabbage, cabbage, cabbage, lettuce, lettuce, lettuce, lettuce, lettuce, lettuce	basket	cabbage	0.611111111	0.611111111	0.114904386	0.114904386	0.804878049
3478	cabbage/cabbage_13n.jpg	cabbage	cabbage	cabbage	cabbage, saddle (horse), cabbage, cabbage, cabbage, cabbage, cabbage, cabbage, lettuce, cabbage, lettuce, cabbage, cabbage, cabbage, cabbage, cabbage, cabbage	30606, 88328, 2684, 3381, 2022, 7521, 16926, 33959, 12848, 8574, 2351, 15937, 5335, 20520, 4044, 16728, 2756,	17	14	14	cabbage	0.823529412	0.823529412	0.823529412	17.0	nan	cabbage, cabbage, cabbage, cabbage, cabbage, cabbage, cabbage, cabbage, cabbage, cabbage, cabbage, cabbage, lettuce, lettuce, lettuce, lettuce, lettuce	cabbage, cabbage, cabbage, cabbage, cabbage, cabbage, cabbage, cabbage, cabbage, cabbage, cabbage, cabbage, lettuce, lettuce, lettuce, lettuce, lettuce	pebbles	cabbage	0.705882353	0.705882353	0.110510169	0.110510169	0.857142857
3471	cabbage/cabbage_06s.jpg	cabbage	cabbage	cabbage	cabbage, cabbage, cabbage, vegetable, cabbage, lettuce, cabbage, cabbage, lettuce, cabbage, cabbage, cabbage, cabbage, cabbage, cabbage, cabbage	3182, 6282, 8773, 5439, 37192 3297, 2266 5040, 3459, 11998, 25739, 18838, 4148, 3701, 2389, 3852,	16	13	13	cabbage	0.8125	0.8125	0.8125	19.0	nan	cabbage, cabbage, cabbage, cabbage, cabbage, cabbage, cabbage, cabbage, cabbage, cabbage, cabbage, cabbage, cabbage, cabbage, cabbage, lettuce, lettuce, lettuce, lettuce	cabbage, cabbage, cabbage, cabbage, cabbage, cabbage, cabbage, cabbage, cabbage, cabbage, cabbage, cabbage, cabbage, cabbage, cabbage, lettuce, lettuce, lettuce, lettuce	nan	cabbage	0.789473684	0.789473684	0.09352877	0.09352877	0.902439024
3477	cabbage/cabbage_12s.jpg	cabbage	cabbage	cabbage	cabbage, cabbage, cabbage, cabbage, cabbage, cabbage, lettuce, cabbage, cabbage, cabbage, cabbage, lettuce, cabbage, cabbage, lettuce, cabbage, cabbage, lettuce, cabbage, cabbage, cabbage	3229 5392, 10377, 3146, 10588, 5886, 10459, 2132, 7794, 6590, 3991, 3955, 8597, 21057, 38464, 3736, 5327, 7362, 8237, 2289, 2410,	21	17	17	cabbage	0.80952381	0.80952381	0.80952381	17.0	nan	cabbage, cabbage, cabbage, cabbage, cabbage, cabbage, cabbage, cabbage, cabbage, lettuce, lettuce, lettuce, lettuce, lettuce, lettuce, lettuce, vegetable	cabbage, cabbage, cabbage, cabbage, cabbage, cabbage, cabbage, cabbage, cabbage, lettuce, lettuce, lettuce, lettuce, lettuce, lettuce, lettuce, vegetable	nan	cabbage	0.529411765	0.529411765	0.121057825	0.121057825	0.780487805
3473	cabbage/cabbage_08s.jpg	cabbage	cabbage	cabbage	cabbage, cabbage, cabbage, cabbage, cabbage, cabbage, garbage, cabbage, painting, cabbage, cabbage, cabbage, vegetable	3630, 3050, 7733, 2130, 4035, 8540, 6976, 5911, 46712, 7975, 2863, 10793, 4518,	13	10	10	cabbage	0.769230769	0.769230769	0.769230769	20.0	nan	cabbage, cabbage, cabbage, cabbage, cabbage, cabbage, cabbage, cabbage, cabbage, cabbage, cabbage, cabbage, cabbage, cabbage, cabbage, cabbage, cabbage, cabbage, lettuce, lettuce	cabbage, cabbage, cabbage, cabbage, cabbage, cabbage, cabbage, cabbage, cabbage, cabbage, cabbage, cabbage, cabbage, cabbage, cabbage, cabbage, cabbage, cabbage, lettuce, lettuce	leaves	cabbage	0.9	0.9	0.067082039	0.067082039	0.87804878
3468	cabbage/cabbage_03s.jpg	cabbage	cabbage	cabbage	cabbage, cabbage, cabbage, cabbage, cabbage, gargoyle, cabbage, lettuce, cabbage, cabbage, cabbage, lettuce, cabbage	6124, 8375 8396, 3490, 6440, 14343, 4343, 2270, 10722, 5457, 2055, 5096, 3951,	13	10	10	cabbage	0.769230769	0.769230769	0.769230769	17.0	nan	cabbage, cabbage, cabbage, cabbage, cabbage, cabbage, cabbage, cabbage, cabbage, cabbage, cabbage, cabbage, cabbage, cabbage, cabbage, lettuce, lettuce	cabbage, cabbage, cabbage, cabbage, cabbage, cabbage, cabbage, cabbage, cabbage, cabbage, cabbage, cabbage, cabbage, cabbage, cabbage, lettuce, lettuce	lettuce leaves	cabbage	0.882352941	0.882352941	0.07814249	0.07814249	0.902439024
26339	cabbage.jpg	cabbage	cabbage	cabbage	cabbage, cabbage, cabbage, cabbage, cabbage, plant, flower, cabbage, cabbage, vegetable, cabbage, cabbage	2665, 3024 4378, 43619, 3049, 5502, 11681, 3667, 20894 10179, 4526, 20076,	12	9	9	cabbage	0.75	0.75	0.75	nan	nan	nan	nan	nan	nan	nan	nan	nan	nan	nan
3476	cabbage/cabbage_11s.jpg	cabbage	cabbage	cabbage	cabbage, garbage, cabbage, cabbage, cabbage, lettuce, vegetable, cabbage, cabbage, cabbage, vegetable, cabbage, vegetable, cabbage	13203, 8710, 5780, 4241, 3960, 3742, 4724, 3790, 29900, 5631, 11285, 8457, 6208, 2463,	14	9	9	cabbage	0.642857143	0.642857143	0.642857143	20.0	nan	cabbage, cabbage, cabbage, cabbage, cabbage, cabbage, cabbage, cabbage, cabbage, cabbage, cabbage, cabbage, cabbage, cabbage, cabbage, cabbage, cabbage, cabbage, cabbage, lettuce	cabbage, cabbage, cabbage, cabbage, cabbage, cabbage, cabbage, cabbage, cabbage, cabbage, cabbage, cabbage, cabbage, cabbage, cabbage, cabbage, cabbage, cabbage, cabbage, lettuce	leaves	cabbage	0.95	0.95	0.048733972	0.048733972	0.904761905
3508	cactus/cactus_04s.jpg	cactus	cactus	cactus	cactus, cactus, cactus, cactus, cactus, cactus, cactus, cactus, cactus, cactus, cactus, cactus, cactus, cactus, cactus, cactus, plant	5487, 2983, 2358, 3460 2432, 41790, 28066, 1966, 27744, 11022, 13693, 7258, 12824, 3256, 2554, 19025, 5774,	17	16	16	cactus	0.941176471	0.941176471	0.941176471	20.0	nan	cactus, cactus, cactus, cactus, cactus, cactus, cactus, cactus, cactus, cactus, cactus, cactus, cactus, cactus, cactus, cactus, cactus, cactus, cactus, cactus	cactus, cactus, cactus, cactus, cactus, cactus, cactus, cactus, cactus, cactus, cactus, cactus, cactus, cactus, cactus, cactus, cactus, cactus, cactus, cactus	sky	cactus	1.0	1.0	0.0	0.0	0.813953488
3506	cactus/cactus_02s.jpg	cactus	cactus	cactus	cactus, cactus, cactus, cactus, cactus, cactus, cactus, cactus, plant, cactus, cactus, cactus, cactus	2882, 30979, 65321, 2902, 2741, 3696, 6609, 23259 7816, 5859, 5891 6490, 3933,	13	12	12	cactus	0.923076923	0.923076923	0.923076923	20.0	nan	cactus, cactus, cactus, cactus, cactus, cactus, cactus, cactus, cactus, cactus, cactus, cactus, cactus, cactus, cactus, cactus, cactus, cactus, cactus, captrus	cactus, cactus, cactus, cactus, cactus, cactus, cactus, cactus, cactus, cactus, cactus, cactus, cactus, cactus, cactus, cactus, cactus, cactus, cactus, captrus	thorns	cactus	0.95	0.95	0.048733972	0.048733972	0.714285714
3515	cactus/cactus_11s.jpg	cactus	cactus	cactus	cactus, cactus, cactus, cactus, cactus, cactus, cactus, cactus, cactus, plant, cactus, cactus, cactus	16799, 4618, 33333 3234, 120399, 6469, 5108, 48593, 1975, 5236, 14515, 4084, 36432,	13	12	12	cactus	0.923076923	0.923076923	0.923076923	20.0	nan	cactus, cactus, cactus, cactus, cactus, cactus, cactus, cactus, cactus, cactus, cactus, cactus, cactus, cactus, cactus, cactus, cactus, cactus, cactus, saguaro	cactus, cactus, cactus, cactus, cactus, cactus, cactus, cactus, cactus, cactus, cactus, cactus, cactus, cactus, cactus, cactus, cactus, cactus, cactus, saguaro	dessert	cactus	0.95	0.95	0.048733972	0.048733972	0.8
26342	cactus.jpg	cactus	cactus	cactus	cactus, cactus, cactus, cactus, plant, cactus, cactus, cactus, cactus	68136, 17219, 3840, 308842, 4076, 6992, 4968, 17274, 2556,	9	8	8	cactus	0.888888889	0.888888889	0.888888889	nan	nan	nan	nan	nan	nan	nan	nan	nan	nan	nan
3512	cactus/cactus_08n.jpg	cactus	cactus	cactus	cactus, cactus, cactus, cactus, cactus, cactus, cactus, cactus, cactus, cactus, aloe, cactus, plant, cactus, cactus	22837, 28599, 7452, 3109, 5711, 6680, 2121, 2721, 3543 3099, 6731, 2140, 2592, 8524, 2840,	15	13	13	cactus	0.866666667	0.866666667	0.866666667	16.0	nan	cactus, cactus, cactus, cactus, cactus, cactus, cactus, cactus, cactus, cactus, cactus, cactus, cactus, cactus, cactus, cactus	cactus, cactus, cactus, cactus, cactus, cactus, cactus, cactus, cactus, cactus, cactus, cactus, cactus, cactus, cactus, cactus	sky	cactus	1.0	1.0	0.0	0.0	0.842105263
3505	cactus/cactus_01b.jpg	cactus	cactus	cactus	cactus, can (tin), cactus, cactus, cactus, cactus, cactus, cactus, cactus, cactus, plant, cactus, cactus, cactus	4337, 6062, 24822, 29731, 4863, 5206, 4105, 2223, 2006, 11750, 19584, 10567, 1681, 39399,	14	12	12	cactus	0.857142857	0.857142857	0.857142857	16.0	nan	cactus, cactus, cactus, cactus, cactus, cactus, cactus, cactus, cactus, cactus, cactus, cactus, cactus, cactus, cactus, cactus	cactus, cactus, cactus, cactus, cactus, cactus, cactus, cactus, cactus, cactus, cactus, cactus, cactus, cactus, cactus, cactus	nan	cactus	1.0	1.0	0.0	0.0	0.780487805
3510	cactus/cactus_06s.jpg	cactus	cactus	cactus	cactus, cactus, cactus, cactus, cactus, cactus, asparagus, cactus, catapult, caterpillar, cactus, cactus, cactus, cactus, cactus	49823, 2281, 3352, 18897, 7007, 5883, 14718, 8179, 3060, 28489, 6774, 1973, 35212 18453, 36696,	15	12	12	cactus	0.8	0.8	0.8	17.0	nan	cactus, cactus, cactus, cactus, cactus, cactus, cactus, cactus, cactus, cactus, cactus, cactus, cactus, cactus, cactus, cactus, draft	cactus, cactus, cactus, cactus, cactus, cactus, cactus, cactus, cactus, cactus, cactus, cactus, cactus, cactus, cactus, cactus, draft	hills	cactus	0.941176471	0.941176471	0.057067206	0.057067206	0.692307692
3507	cactus/cactus_03s.jpg	cactus	cactus	cactus	cactus, grass, cactus, cactus, cactus, cactus, cactus, plant, cactus, cactus, cactus, cactus, cactus, plant	7938, 3635, 2301, 2831, 6915, 30111, 5546, 24804, 8469, 17825, 2646, 17148, 13832, 5190,	14	11	11	cactus	0.785714286	0.785714286	0.785714286	17.0	nan	cactus, cactus, cactus, cactus, cactus, cactus, cactus, cactus, cactus, cactus, cactus, cactus, cactus, cactus, cactus, cactus, cactus	cactus, cactus, cactus, cactus, cactus, cactus, cactus, cactus, cactus, cactus, cactus, cactus, cactus, cactus, cactus, cactus, cactus	dessert	cactus	1.0	1.0	0.0	0.0	0.756097561
3513	cactus/cactus_09n.jpg	cactus	cactus	cactus	cactus, cactus, cactus, plant, cactus, cactus, cactus, plant, cactus, cactus, cactus, cactus, plant, cactus	8088, 7541, 15594, 98221, 2628, 2271, 2344, 22966, 10987, 17222, 44627, 6769, 3388, 2921,	14	11	11	cactus	0.785714286	0.785714286	0.785714286	17.0	nan	cactus, cactus, cactus, cactus, cactus, cactus, cactus, cactus, cactus, cactus, cactus, cactus, cactus, cactus, cactus, cactus, plant	cactus, cactus, cactus, cactus, cactus, cactus, cactus, cactus, cactus, cactus, cactus, cactus, cactus, cactus, cactus, cactus, plant	wall	cactus	0.941176471	0.941176471	0.057067206	0.057067206	0.842105263
3509	cactus/cactus_05n.jpg	cactus	cactus	cactus	cactus, cactus, plaster cast, cactus, aloe, cactus, cactus, green beans, aloe, cactus, cactus, cactus, cactus, caterpillar, cactus, cactus	19701, 8977, 2223, 10537, 3454, 4657, 29079, 13838, 6836, 5452, 7329, 15009, 3866, 4024, 3246 1922,	16	11	11	cactus	0.6875	0.6875	0.6875	13.0	nan	cactus, cactus, cactus, cactus, cactus, cactus, cactus, cactus, cactus, cactus, cactus, cactus, cactus	cactus, cactus, cactus, cactus, cactus, cactus, cactus, cactus, cactus, cactus, cactus, cactus, cactus	nan	cactus	1.0	1.0	0.0	0.0	0.769230769
3516	cactus/cactus_12s.jpg	cactus	cactus	cactus	cactus, plant, cactus, cactus, cactus, cactus, cactus, plant, cactus, cactus, cactus, plant, plant, plant, cactus, cactus	11549, 3888, 9951, 27289, 2615, 4759, 2759, 4974, 8336, 15019, 6015, 6983, 3759 4390, 4019, 3827,	16	11	11	cactus	0.6875	0.6875	0.6875	19.0	nan	cactus, cactus, cactus, cactus, cactus, cactus, cactus, cactus, cactus, cactus, cactus, cactus, cactus, cactus, cactus, cactus, cactus, cactus, castus	cactus, cactus, cactus, cactus, cactus, cactus, cactus, cactus, cactus, cactus, cactus, cactus, cactus, cactus, cactus, cactus, cactus, cactus, castus	hills	cactus	0.947368421	0.947368421	0.051227817	0.051227817	0.95
3514	cactus/cactus_10s.jpg	cactus	cactus	cactus	cactus, cactus, plant, plant, cactus, tree, cactus, cactus, cactus, cactus, catapult, cactus	3040, 5191, 9484, 9229, 3463, 16515, 8329, 6215, 11620, 3250, 3582, 9866,	12	8	8	cactus	0.666666667	0.666666667	0.666666667	18.0	nan	cactus, cactus, cactus, cactus, cactus, cactus, cactus, cactus, cactus, cactus, cactus, cactus, cactus, cactus, cactus, cactus, cactus, cactus	cactus, cactus, cactus, cactus, cactus, cactus, cactus, cactus, cactus, cactus, cactus, cactus, cactus, cactus, cactus, cactus, cactus, cactus	bushes	cactus	1.0	1.0	0.0	0.0	0.634146341
3511	cactus/cactus_07s.jpg	cactus	cactus	cactus	catapult, cactus, cactus, cactus, plant, ski, cactus, tree, cactus, sandcastle	5928, 4505, 5414, 4551, 21149, 9514, 2792, 3509, 4653, 12984,	10	5	5	cactus	0.5	0.5	0.5	20.0	nan	cactus, cactus, cactus, cactus, cactus, cactus, cactus, cactus, cactus, cactus, cactus, cactus, cactus, cactus, cactus, cactus, cactus, cactus, cactus, dessert	cactus, cactus, cactus, cactus, cactus, cactus, cactus, cactus, cactus, cactus, cactus, cactus, cactus, cactus, cactus, cactus, cactus, cactus, cactus, dessert	cactus	cactus	0.95	0.95	0.048733972	0.048733972	0.736842105
3667	camera1/camera1_03s.jpg	camera	camera1	camera (photos)	camera (photos), camera (photos), camera (photos), camera (photos), camera (photos), camera (photos), camera (photos), camera (photos), camera (photos), camera (photos), camera (photos), camera (photos), camera lens, camera (photos), camera (photos), camera (photos), camera (photos), camera (photos), camera (photos), camera (photos)	5173, 3474, 6170, 7558, 7549, 2790, 5559, 3786, 7394, 14068, 19091 13402, 14632, 5030, 3264, 8274, 11927, 18199, 5517, 3261,	20	19	19	camera (photos)	0.95	0.95	1.0	18.0	nan	camera, camera, camera, camera, camera, camera, camera, camera, camera, camera, camera, camera, camera, camera, camera, camera, camera, camera	camera, camera, camera, camera, camera, camera, camera, camera, camera, camera, camera, camera, camera, camera, camera, camera, camera, camera	wooden table	camera	1.0	1.0	0.0	0.0	0.926829268
3671	camera1/camera1_07s.jpg	camera	camera1	camera (photos)	camera (photos), camera (photos), camera (photos), camera (photos), camera (photos), camera (photos), camera (photos), camera (photos), camera (photos), camera (photos), camera (photos), camera (photos), camera (videos), camera (photos), camera (photos), camera (photos)	3388 5089, 4180, 6729 3373, 4137, 10176, 18206, 2915, 6441, 5278 3992, 9941, 5158, 2730, 6533,	16	15	15	camera (photos)	0.9375	1.0	1.0	16.0	nan	camera, camera, camera, camera, camera, camera, camera, camera, camera, camera, camera, camera, camera, camera, camera, camera	camera, camera, camera, camera, camera, camera, camera, camera, camera, camera, camera, camera, camera, camera, camera, camera	nan	camera	1.0	1.0	0.0	0.0	0.714285714
3666	camera1/camera1_02s.jpg	camera	camera1	camera (photos)	camera (photos), camera (photos), camera lens, camera (photos), camera (photos), camera (photos), camera (photos), camera (photos), camera (photos), camera (photos), camera (photos), camera (photos), camera (photos), camera (photos), camera (photos), camera (photos), camera lens	7136, 10329, 7999, 6016, 10240, 9782, 4391, 6585, 5849, 28251, 5451, 5266, 21542, 6928, 3742, 8624, 6382,	17	15	15	camera (photos)	0.882352941	0.882352941	1.0	18.0	nan	camera, camera, camera, camera, camera, camera, camera, camera, camera, camera, camera, camera, camera, camera, camera, camera, camera, camera	camera, camera, camera, camera, camera, camera, camera, camera, camera, camera, camera, camera, camera, camera, camera, camera, camera, camera	hand	camera	1.0	1.0	0.0	0.0	0.829268293
3679	camera2/camera2_03s.jpg	camera	camera2	camera (videos)	camera (videos), camera (videos), camera (videos), camera (videos), camera (videos), camera (photos), camera (videos), camera (videos), camera (videos), camera (videos), camera (videos), camera (videos), camera (photos), camera (videos), camera (videos), camera (videos), camera (videos)	5681, 4516, 4657, 35956, 8154, 34127, 3153, 2774, 6648, 8173, 14528 6638 9980, 7533, 9886, 4287, 4435,	17	15	15	camera (videos)	0.882352941	1.0	1.0	18.0	nan	camcorder, camcorder, camcorder, camera, camera, camera, camera, camera, camera, camera, camera, camera, camera, camera, camera, camera, video recorder, video recorder	camcorder, camcorder, camcorder, camera, camera, camera, camera, camera, camera, camera, camera, camera, camera, camera, camera, camera, video recorder, video recorder	microphone	camera	0.722222222	0.722222222	0.105571799	0.105571799	0.717948718
3676	camera1/camera1_12s.jpg	camera	camera1	camera (photos)	camera lens, camera (photos), camera (photos), photograph, camera (photos), camera (photos), camera (photos), camera (photos), camera (photos), camera (photos), camera (photos), camera (photos), camera (photos), camera (photos), camera (photos), camera (photos)	11588, 4387, 9460, 6321, 6173, 9406, 339628, 6064 6620, 6734, 3932, 6396 3059, 5849, 2727, 3563	16	14	14	camera (photos)	0.875	0.875	0.9375	17.0	nan	camera, camera, camera, camera, camera, camera, camera, camera, camera, camera, camera, camera, camera, camera, camera, camera, camera	camera, camera, camera, camera, camera, camera, camera, camera, camera, camera, camera, camera, camera, camera, camera, camera, camera	table	camera	1.0	1.0	0.0	0.0	0.725
3677	camera2/camera2_01b.jpg	camera	camera2	camera (videos)	camera (videos), camera (videos), camera (videos), camera (videos), camera (videos), camera (videos), camera (videos), camera (photos), camera (videos), canoe, camera (videos), camera (videos), camera (videos), camera (videos)	11282, 3929, 13409, 9575 6973, 4830, 5043, 8267, 6175, 29267, 4041, 6654 6050, 73582,	14	12	12	camera (videos)	0.857142857	0.928571429	0.928571429	19.0	nan	camcorder, camcorder, camcorder, camcorder, camera, camera, camera, camera, camera, camera, camera, camera, camera, camera, camera, camera, camera, projector, recorder	camcorder, camcorder, camcorder, camcorder, camera, camera, camera, camera, camera, camera, camera, camera, camera, camera, camera, camera, camera, projector, recorder	tripod	camera	0.684210526	0.684210526	0.106639205	0.106639205	0.875
3670	camera1/camera1_06s.jpg	camera	camera1	camera (photos)	lens, camera (photos), camera lens, camera (photos), camera (photos), camera (photos), camera (photos), camera (photos), camera (photos), camera (photos), camera (photos), camera (photos)	3340, 7611, 11851, 5313 4316, 8296, 5812, 6523 12040, 3032, 4341, 6812,	12	10	10	camera (photos)	0.833333333	0.833333333	0.916666667	18.0	nan	camera, camera, camera, camera, camera, camera, camera, camera, camera, camera, camera, camera, camera, camera, camera, camera, camera, camera	camera, camera, camera, camera, camera, camera, camera, camera, camera, camera, camera, camera, camera, camera, camera, camera, camera, camera	woman	camera	1.0	1.0	0.0	0.0	0.833333333
3665	camera1/camera1_01b.jpg	camera	camera1	camera (photos)	camera (photos), camera (photos), camera (photos), camera (photos), camera (photos), camera (photos), camera (photos), camera (photos), camera lens, camera lens, camera (photos)	7408, 8081, 5896, 6032, 6224, 4399, 58641, 5349, 35217 5676, 4078,	11	9	9	camera (photos)	0.818181818	0.818181818	1.0	18.0	nan	camera, camera, camera, camera, camera, camera, camera, camera, camera, camera, camera, camera, camera, camera, camera, camera, camera, camera	camera, camera, camera, camera, camera, camera, camera, camera, camera, camera, camera, camera, camera, camera, camera, camera, camera, camera	lens	camera	1.0	1.0	0.0	0.0	0.75
3688	camera2/camera2_12s.jpg	camera	camera2	camera (videos)	camera (videos), camera (videos), camera (videos), camera (videos), camera lens, camera (videos), camera (videos), microscope, camera (videos), camera (videos), camera (videos)	5591, 5979, 8904, 8330 4582, 4054, 12817, 5620, 4564, 2791, 4000,	11	9	9	camera (videos)	0.818181818	0.818181818	0.909090909	18.0	nan	camcorder, camcorder, camera, camera, camera, camera, camera, camera, camera, camera, camera, camera, camera, camera, camera, camera, camera, video recorder	camcorder, camcorder, camera, camera, camera, camera, camera, camera, camera, camera, camera, camera, camera, camera, camera, camera, camera, video recorder	nan	camera	0.833333333	0.833333333	0.087841046	0.087841046	0.717948718
3682	camera2/camera2_06s.jpg	camera	camera2	camera (videos)	camera (videos), camera (videos), camera (videos), camcorder, camera (videos), camera (videos), camera (videos), camera (videos), camera (videos), camera (photos), camera (videos)	2615, 7326, 8320, 13539, 33927, 8115, 7800, 8158, 6298, 11768, 3894,	11	9	9	camera (videos)	0.818181818	0.909090909	0.909090909	19.0	nan	camcorder, camcorder, camera, camera, camera, camera, camera, camera, camera, camera, camera, camera, camera, camera, recorder, video recorder, video recorder, video recorder, video recorder	camcorder, camcorder, camera, camera, camera, camera, camera, camera, camera, camera, camera, camera, camera, camera, recorder, video recorder, video recorder, video recorder, video recorder	wires	camera	0.631578947	0.631578947	0.110664733	0.110664733	0.756097561
3669	camera1/camera1_05s.jpg	camera	camera1	camera (photos)	camera (photos), camera (photos), camera lens, camera (photos), camera (photos), camera (photos), camera lens, camera (photos), camera (photos), camera lens, camera (photos), camera (photos), camera (photos), camera (photos), camera (photos)	6409, 11631, 23697, 4986, 8990, 13659, 7757, 11479, 8120, 14864, 4056, 5951 5303 6122, 3765	15	12	12	camera (photos)	0.8	0.8	1.0	18.0	nan	camera, camera, camera, camera, camera, camera, camera, camera, camera, camera, camera, camera, camera, camera, camera, camera, camera, camera	camera, camera, camera, camera, camera, camera, camera, camera, camera, camera, camera, camera, camera, camera, camera, camera, camera, camera	nan	camera	1.0	1.0	0.0	0.0	0.725
3686	camera2/camera2_10s.jpg	camera	camera2	camera (videos)	camcorder, camera (videos), camera (videos), camera (videos), camera (videos), camera lens, camera (videos), camera (photos), camera (videos), camera (videos), camera (videos), camera (videos), camera (videos), camera (videos)	5863, 9406, 3347, 9388, 6205, 13546, 22925, 6099, 3419, 7353, 4682, 8012 8550, 4193,	14	11	11	camera (videos)	0.785714286	0.857142857	0.928571429	18.0	nan	camera, camera, camera, camera, camera, camera, camera, camera, camera, camera, camera, camera, camera, camera, camera, camera, camera, camera	camera, camera, camera, camera, camera, camera, camera, camera, camera, camera, camera, camera, camera, camera, camera, camera, camera, camera	tripod	camera	1.0	1.0	0.0	0.0	0.7
3668	camera1/camera1_04s.jpg	camera	camera1	camera (photos)	camera (photos), camera (photos), camera (photos), camera lens, camera (photos), camera (videos), camera (photos), camera (photos), camera (photos), camera (photos), camera lens, camera (photos), camera (photos), camera (photos)	8845, 6969, 9775 122608, 7256, 14334, 8846 3617, 11650, 12622, 8189, 27444, 5166, 11515,	14	11	11	camera (photos)	0.785714286	0.857142857	1.0	19.0	nan	camara, camera, camera, camera, camera, camera, camera, camera, camera, camera, camera, camera, camera, camera, camera, camera, camera, camera, camera	camara, camera, camera, camera, camera, camera, camera, camera, camera, camera, camera, camera, camera, camera, camera, camera, camera, camera, camera	table	camera	0.947368421	0.947368421	0.051227817	0.051227817	0.731707317
3678	camera2/camera2_02s.jpg	camera	camera2	camera (videos)	camera (videos), camera (videos), camera lens, camera (videos), camera (videos), camera (videos), camera (videos), camera lens, camera (videos), camera (videos), camera (photos), camera (videos), camera lens, camera (videos), camera (videos), camera (videos), camera (videos)	3137, 3900, 7383, 4943, 4750, 3954, 4431, 38035, 19639, 10545, 6694, 6545, 5652, 7947, 9020, 5557, 17822,	17	13	13	camera (videos)	0.764705882	0.823529412	1.0	19.0	nan	camcorder, camcorder, camcorder, camcorder, camera, camera, camera, camera, camera, camera, camera, camera, camera, camera, camera, camera, camera, film camcorder, video recorder	camcorder, camcorder, camcorder, camcorder, camera, camera, camera, camera, camera, camera, camera, camera, camera, camera, camera, camera, camera, film camcorder, video recorder	camcorder stand	camera	0.684210526	0.684210526	0.106639205	0.106639205	0.697674419
26354	camera2.jpg	camera	camera1	camera (photos)	camera (photos), camera lens, camera (photos), camera (photos), camera (photos), camera lens, camera (photos), camera (photos), camera (photos), camera (photos), camera (photos), camera (photos), camera (photos), camera (photos)	6870, 21438, 10509, 6307, 4936, 18618, 5354, 7237, 13190, 8857, 11814, 8345, 5194, 6851,	14	12	12	camera (photos)	0.764705882	0.882352941	0.882352941	nan	nan	nan	nan	nan	nan	nan	nan	nan	nan	nan
3672	camera1/camera1_08n.jpg	camera	camera1	camera (photos)	camera (photos), camera (photos), camera (photos), camera (photos), camcorder, camera (photos), camera (photos), camera lens, camera (photos), camera (videos), camera (photos), camera (photos), camera (photos), camera (photos), camera (photos), camera lens	26414, 6469, 3191, 7290, 5502, 7328, 5192, 93401, 8757, 10778 10037, 5058, 8635, 3861, 8696, 7630,	16	12	12	camera (photos)	0.75	0.8125	0.9375	16.0	nan	camera, camera, camera, camera, camera, camera, camera, camera, camera, camera, camera, camera, camera, camera, camera, camera	camera, camera, camera, camera, camera, camera, camera, camera, camera, camera, camera, camera, camera, camera, camera, camera	camera flash	camera	1.0	1.0	0.0	0.0	0.780487805
3685	camera2/camera2_09s.jpg	camera	camera2	camera (videos)	camera (videos), camera (videos), camera (videos), camcorder, camera (videos), camera (videos), camera (videos), camera (videos), camera (videos), camera lens, camera (videos), camcorder, camera (videos), camera (videos), camcorder, camera (videos)	7980, 6307, 3120, 5148, 5939, 5189, 9376, 5840, 6228, 4721, 6594, 10553, 12821, 3859 3861, 10628,	16	12	12	camera (videos)	0.75	0.75	0.8125	18.0	nan	camcorder, camcorder, camcorder, camcorder, camera, camera, camera, camera, camera, camera, camera, camera, camera, camera, camera, camera, camera, camera	camcorder, camcorder, camcorder, camcorder, camera, camera, camera, camera, camera, camera, camera, camera, camera, camera, camera, camera, camera, camera	person	camera	0.777777778	0.777777778	0.097990789	0.097990789	0.85
3684	camera2/camera2_08s.jpg	camera	camera2	camera (videos)	camera (videos), camera (videos), camera (videos), camera (videos), camera (videos), camera (videos), camera (photos), camera (photos), camera (videos), camera (videos), camcorder, camera (photos), camera (videos), camera (videos), camera (videos)	5703, 35131, 6788, 4432, 6039, 22301, 13471, 5599, 9667, 3466, 53805, 18678 5423, 7304, 23654,	15	11	11	camera (videos)	0.733333333	0.933333333	0.933333333	18.0	nan	camcorder, camera, camera, camera, camera, camera, camera, camera, camera, camera, camera, camera, camera, camera, camera, camera, camera, video recorder	camcorder, camera, camera, camera, camera, camera, camera, camera, camera, camera, camera, camera, camera, camera, camera, camera, camera, video recorder	ne	camera	0.888888889	0.888888889	0.074074074	0.074074074	0.756097561
3674	camera1/camera1_10s.jpg	camera	camera1	camera (photos)	camera (photos), camera (photos), camera (photos), camera (photos), camera (photos), camera (photos), camera lens, camera (photos), camera (videos), camera lens, camera (photos), camera (videos), camera (photos), camera (photos)	106230, 6266, 16809, 3065, 15876, 3499, 7962, 12863, 3863, 3335, 6759 4098, 8179, 5820,	14	10	10	camera (photos)	0.714285714	0.857142857	1.0	16.0	nan	camera, camera, camera, camera, camera, camera, camera, camera, camera, camera, camera, camera, camera, camera, camera, macy	camera, camera, camera, camera, camera, camera, camera, camera, camera, camera, camera, camera, camera, camera, camera, macy	shell	camera	0.9375	0.9375	0.060515365	0.060515365	0.794871795
3681	camera2/camera2_05s.jpg	camera	camera2	camera (videos)	camera (videos), camera (photos), camera (photos), camera (videos), camera (videos), camera (videos), camera (videos), pantyhose, camera (videos), camera (videos), camera (videos), camera (videos), camcorder, camera (videos)	12069, 6548, 5221, 4155, 83239, 36490, 6551, 76622, 14547, 22144, 11114, 4137, 5291, 7169,	14	10	10	camera (videos)	0.714285714	0.857142857	0.857142857	19.0	nan	camcorder, camera, camera, camera, camera, camera, camera, camera, camera, camera, camera, camera, camera, camera, camera, camera, camera, video recorder, video recording equipment	camcorder, camera, camera, camera, camera, camera, camera, camera, camera, camera, camera, camera, camera, camera, camera, camera, camera, video recorder, video recording equipment	greenmate	camera	0.842105263	0.842105263	0.083654675	0.083654675	0.725
3675	camera1/camera1_11s.jpg	camera	camera1	camera (photos)	camera lens, camera (photos), camera (photos), camera (photos), camera lens, camera (photos), camera (photos), camel, camera lens, camera lens, camera (photos), camera (photos), camera (photos), camera (photos), camera (photos)	11926, 5849, 7925, 3842 19997, 5911, 7145, 5628, 6654, 5758, 4499, 3230, 2740, 7504, 6020,	15	10	10	camera (photos)	0.666666667	0.666666667	0.933333333	17.0	nan	camera, camera, camera, camera, camera, camera, camera, camera, camera, camera, camera, camera, camera, camera, camera, camera, camera	camera, camera, camera, camera, camera, camera, camera, camera, camera, camera, camera, camera, camera, camera, camera, camera, camera	0	camera	1.0	1.0	0.0	0.0	0.813953488
26355	camera_lens.jpg	camera	camera2	camera (videos)	camera (videos), camera (videos), camera (videos), camera (videos), camera (videos), camera (photos), camera (videos), camera (photos), camcorder, camera (videos), camera (videos), camera (videos), camera (videos), camera (videos), photograph, camera (videos), camera (videos)	19061, 24313, 4084, 4512, 3276, 6436, 6159, 13487, 10115, 9701, 8783, 36524, 2975, 7454, 7680, 3269, 12260,	17	13	13	camera (videos)	0.647058824	0.647058824	0.647058824	nan	nan	nan	nan	nan	nan	nan	nan	nan	nan	nan
3687	camera2/camera2_11s.jpg	camera	camera2	camera (videos)	camera (videos), camera (videos), camera (videos), camera lens, camera (videos), camera (videos), camera lens, camera (videos), camera (photos), camera (videos), dryer, camera (videos), camera (photos), camcorder, camera (videos), camera (videos)	4645, 8757, 3141, 9155, 3020, 9094, 4798, 11230, 6481 10781, 22920, 14631, 12700, 11018, 3032, 3515,	16	10	10	camera (videos)	0.625	0.75	0.875	16.0	nan	camera, camera, camera, camera, camera, camera, camera, camera, camera, camera, camera, camera, camera, camera, camera, for outdoor	camera, camera, camera, camera, camera, camera, camera, camera, camera, camera, camera, camera, camera, camera, camera, for outdoor	wall	camera	0.9375	0.9375	0.060515365	0.060515365	0.769230769
3683	camera2/camera2_07s.jpg	camera	camera2	camera (videos)	camera (videos), camera (videos), camera (videos), camera (videos), camcorder, camcorder, camera lens, camera (videos), camera (videos), camcorder, camera (videos), camcorder, camera (videos)	5805, 5426, 4967, 12799, 5729, 6168, 6037, 6438, 3302, 12698, 11413, 6168 75736,	13	8	8	camera (videos)	0.615384615	0.615384615	0.692307692	16.0	nan	camcorder, camcorder, camera, camera, camera, camera, camera, camera, camera, camera, camera, camera, camera, camera, camera, video recorder	camcorder, camcorder, camera, camera, camera, camera, camera, camera, camera, camera, camera, camera, camera, camera, camera, video recorder	cord	camera	0.8125	0.8125	0.097578094	0.097578094	0.744186047
3673	camera1/camera1_09s.jpg	camera	camera1	camera (photos)	camera (photos), camera (videos), camera (photos), camera (photos), camera lens, camera (photos), camera lens, camera lens, camera (photos), camera (photos), camera lens, camera (photos)	4291 11377, 3249, 14748, 7398, 8417, 5146 10690, 6637 3087, 4404, 5710,	12	7	7	camera (photos)	0.583333333	0.666666667	1.0	18.0	nan	camera, camera, camera, camera, camera, camera, camera, camera, camera, camera, camera, camera, camera, camera, camera, camera, camera, lens	camera, camera, camera, camera, camera, camera, camera, camera, camera, camera, camera, camera, camera, camera, camera, camera, camera, lens	camera	camera	0.944444444	0.944444444	0.053990295	0.053990295	0.761904762
3680	camera2/camera2_04s.jpg	camera	camera2	camera (videos)	camera (videos), camera (videos), camera (videos), camera (photos), camera (videos), camera (photos), camera (videos), camera lens, camera (videos), camera (photos), camcorder	10007, 5026, 11294, 5922 4806, 4494, 7697, 14341, 4284, 8638, 3956,	11	6	6	camera (videos)	0.545454545	0.818181818	0.909090909	18.0	nan	camcorder, camera, camera, camera, camera, camera, camera, camera, camera, camera, camera, camera, camera, camera, camera, camera, lens, telescope	camcorder, camera, camera, camera, camera, camera, camera, camera, camera, camera, camera, camera, camera, camera, camera, camera, lens, telescope	tripod	camera	0.833333333	0.833333333	0.087841046	0.087841046	0.825
3946	car/car_08s.jpg	car	car	car	car, car, car, car, car, car, car, car, car, car, car, car, car, car, car, car, car	3765, 3716, 2775, 31098 3231, 4767, 5766, 3918, 5461, 5409, 5276, 9338, 2255 5409, 3992, 2358, 3357,	17	17	17	car	1.0	1.0	1.0	18.0	nan	car, car, car, car, car, car, car, car, car, car, car, car, car, car, car, car, car, car	car, car, car, car, car, car, car, car, car, car, car, car, car, car, car, car, car, car	trees	car	1.0	1.0	0.0	0.0	0.785714286
3949	car/car_11s.jpg	car	car	car	car, car, car, car, car, car, car, car, car, car, car, car, car, car, car, car, car	4021, 3963, 9885, 6200, 3797, 6943, 12617, 21665, 2765, 4478, 3513, 3404, 13030, 8518, 5689, 5523, 6842,	17	17	17	car	1.0	1.0	1.0	18.0	nan	car, car, car, car, car, car, car, car, car, car, car, car, car, car, car, car, car, car	car, car, car, car, car, car, car, car, car, car, car, car, car, car, car, car, car, car	buildings	car	1.0	1.0	0.0	0.0	0.666666667
3943	car/car_05s.jpg	car	car	car	car, car, car, car, car, car, car, car, car, car, car	6054, 6185, 2841, 4359, 2414, 4930, 7147, 4544, 3988, 5401, 2955,	11	11	11	car	1.0	1.0	1.0	19.0	nan	car, car, car, car, car, car, car, car, car, car, car, car, car, car, car, car, car, car, sedan	car, car, car, car, car, car, car, car, car, car, car, car, car, car, car, car, car, car, sedan	road	car	0.947368421	0.947368421	0.051227817	0.051227817	0.85
3939	car/car_01b.jpg	car	car	car	car, car, car, car, car, car, car, car, car, car, car, car, car, car, car, car, car, car, car	5625, 5315, 2884, 4460, 12650, 3991, 52194, 3804, 3778, 5036, 3878, 5784, 15961, 6318, 2875, 2539, 4652, 3026, 2370	19	19	19	car	1.0	1.0	1.0	16.0	nan	car, car, car, car, car, car, car, car, car, car, car, car, car, car, car, sedan	car, car, car, car, car, car, car, car, car, car, car, car, car, car, car, sedan	tree	car	0.9375	0.9375	0.060515365	0.060515365	0.75
3944	car/car_06s.jpg	car	car	car	car, car, car, car, car, car, car, car, car, car, car, car, car, car, car	5244, 4281 5126 5499, 3385, 2200, 13962, 9783, 8878, 4985, 7446, 10027, 7477, 5877, 3573	15	15	15	car	1.0	1.0	1.0	15.0	nan	automobile, car, car, car, car, car, car, car, car, car, car, car, car, car, car	automobile, car, car, car, car, car, car, car, car, car, car, car, car, car, car	buildings	car	0.933333333	0.933333333	0.064406119	0.064406119	0.857142857
3942	car/car_04s.jpg	car	car	car	car, car, car, car, car, car, car, car, car, car, car, car, car, car	3510, 4347, 23376, 6999, 13921, 6069, 6056, 3652, 5768, 3933, 3368, 21056, 2470 4486,	14	14	14	car	1.0	1.0	1.0	16.0	nan	car, car, car, car, car, car, car, car, car, car, car, car, car, car, driving, lamborghini	car, car, car, car, car, car, car, car, car, car, car, car, car, car, driving, lamborghini	person in car	car	0.875	0.875	0.082679728	0.082679728	0.710526316
3948	car/car_10s.jpg	car	car	car	car, car, car, car, car, car, car, car, car, car, car, car, car, car, car	3447, 3673, 3868, 5383, 23589, 5588, 5148, 3872, 12328, 14726, 7297, 4595 11242, 2934, 66794,	15	15	15	car	1.0	1.0	1.0	20.0	nan	car, car, car, car, car, car, car, car, car, car, car, car, car, car, car, car, car, suv, suv, suv	car, car, car, car, car, car, car, car, car, car, car, car, car, car, car, car, car, suv, suv, suv	nan	car	0.85	0.85	0.079843597	0.079843597	0.769230769
3947	car/car_09s.jpg	car	car	car	car, car, car, car, car, car, car, car, car, car, car, car, car, car, car, car, car	3911 7821, 14470, 11288, 3807, 2426, 30643, 3623, 10478, 7725, 9432, 7527, 17816, 64298, 3337, 8014 3685,	17	17	17	car	1.0	1.0	1.0	19.0	nan	car, car, car, car, car, car, car, car, car, car, car, car, car, car, car, lexus, lexus, lexus, lexus	car, car, car, car, car, car, car, car, car, car, car, car, car, car, car, lexus, lexus, lexus, lexus	building	car	0.789473684	0.789473684	0.09352877	0.09352877	0.80952381
3940	car/car_02s.jpg	car	car	car	car, car, car, car, car, car, car, car, car, car, car, car, car	2203, 5793, 4837, 3680, 8700, 3919 5798, 4106, 3382, 3975, 2781 2401, 1595,	13	13	13	car	1.0	1.0	1.0	17.0	nan	car, car, car, car, car, car, car, car, car, car, car, charger, charger, mustang, mustang, mustang, mustang	car, car, car, car, car, car, car, car, car, car, car, charger, charger, mustang, mustang, mustang, mustang	car	car	0.647058824	0.647058824	0.115904043	0.115904043	0.636363636
3941	car/car_03s.jpg	car	car	car	car, car, car, car, car, car, car, car, car, car	2649, 1798 2699, 33024, 2582 2961, 3127, 4083, 8218, 7396,	10	10	10	car	1.0	1.0	1.0	18.0	nan	automobile, car, car, car, car, car, car, car, car, car, car, car, suv, suv, suv, suv, vehicle, vehicle	automobile, car, car, car, car, car, car, car, car, car, car, car, suv, suv, suv, suv, vehicle, vehicle	woods	car	0.611111111	0.611111111	0.114904386	0.114904386	0.69047619
3950	car/car_12s.jpg	car	car	car	car, car, car, car, car, car, car, car, car, car, car	3930, 3992, 7347, 4007, 4406 10345, 3842, 3375 5901, 4340, 3005,	11	11	11	car	1.0	1.0	1.0	16.0	nan	auto, automobile, ca, car, car, car, car, car, car, car, car, ford mustang, ford mustang, mustang, mustang, mustang	auto, automobile, ca, car, car, car, car, car, car, car, car, ford mustang, ford mustang, mustang, mustang, mustang	ocean	car	0.5	0.5	0.125	0.125	0.743589744
3945	car/car_07s.jpg	car	car	car	car, car, car, car, car, car, car, car, engine, car, car, car, car	4617 3326 6682, 7511, 5325, 5109 4023 3383, 57897, 6415, 2171 4894, 2992,	13	12	12	car	0.923076923	0.923076923	0.923076923	17.0	nan	automobile, car, car, car, car, car, car, car, car, car, car, car, car, car, car, car, headlight	automobile, car, car, car, car, car, car, car, car, car, car, car, car, car, car, car, headlight	bushes	car	0.882352941	0.882352941	0.07814249	0.07814249	0.80952381
26374	car.jpg	car	car	car	car, car, car, car, car, car, car, station wagon, car, car, car, car	2286, 2069, 4557 4131, 7378, 3260 2398, 32366, 20660, 12072, 8267, 10648,	12	11	11	car	0.916666667	0.916666667	0.916666667	nan	nan	nan	nan	nan	nan	nan	nan	nan	nan	nan
4388	chair/chair_07s.jpg	chair	chair	chair	chair, chair, chair, chair, chair, chair, chair, chair, chair, chair, chair, chair, chair, chair, chair, chair, chair, chair	11628, 17596, 2233, 3137, 4652 7166, 2845, 3755, 4206, 5857, 2581, 6663, 5505 5021, 3174, 5480, 4348, 3782,	18	18	18	chair	1.0	1.0	1.0	18.0	nan	chair, chair, chair, chair, chair, chair, chair, chair, chair, chair, chair, chair, chair, chair, chair, chair, chair, chair	chair, chair, chair, chair, chair, chair, chair, chair, chair, chair, chair, chair, chair, chair, chair, chair, chair, chair	floor	chair	1.0	1.0	0.0	0.0	0.804878049
4389	chair/chair_08s.jpg	chair	chair	chair	chair, chair, chair, chair, chair, chair, chair, chair, chair, chair, chair, chair, chair, chair, chair, chair, chair	17404, 4031, 23246, 4050, 2781, 10367, 6009, 3187, 4533, 33607, 6897, 5416, 2362, 4539, 6944, 3046, 4037,	17	17	17	chair	1.0	1.0	1.0	18.0	nan	chair, chair, chair, chair, chair, chair, chair, chair, chair, chair, chair, chair, chair, chair, chair, chair, chair, chair	chair, chair, chair, chair, chair, chair, chair, chair, chair, chair, chair, chair, chair, chair, chair, chair, chair, chair	chair	chair	1.0	1.0	0.0	0.0	0.813953488
4393	chair/chair_12s.jpg	chair	chair	chair	chair, chair, chair, chair, chair, chair, chair, chair, chair, chair, chair, chair, chair, chair, chair	11060, 4014, 5085, 4760, 2908, 5415, 9388 3500, 3011, 8449, 2847, 4592, 7963, 5139, 3023,	15	15	15	chair	1.0	1.0	1.0	18.0	nan	chair, chair, chair, chair, chair, chair, chair, chair, chair, chair, chair, chair, chair, chair, chair, chair, chair, chair	chair, chair, chair, chair, chair, chair, chair, chair, chair, chair, chair, chair, chair, chair, chair, chair, chair, chair	floor	chair	1.0	1.0	0.0	0.0	0.871794872
4384	chair/chair_03s.jpg	chair	chair	chair	chair, chair, chair, chair, chair, chair, chair, chair, chair, chair, chair, chair, chair, chair, chair	2045, 7744, 15957, 12449, 5429, 5528, 4747, 7170, 2757, 7667, 5677, 4627, 3553, 4745, 3493,	15	15	15	chair	1.0	1.0	1.0	17.0	nan	chair, chair, chair, chair, chair, chair, chair, chair, chair, chair, chair, chair, chair, chair, chair, chair, chair	chair, chair, chair, chair, chair, chair, chair, chair, chair, chair, chair, chair, chair, chair, chair, chair, chair	floor	chair	1.0	1.0	0.0	0.0	0.902439024
4387	chair/chair_06s.jpg	chair	chair	chair	chair, chair, chair, chair, chair, chair, chair, chair, chair, chair, chair, chair, chair, chair, chair	23506, 10211, 5316, 19478, 4159, 41309, 5318, 3419, 3771, 3371, 3264, 2984, 2469, 4425, 12582,	15	15	15	chair	1.0	1.0	1.0	17.0	nan	chair, chair, chair, chair, chair, chair, chair, chair, chair, chair, chair, chair, chair, chair, chair, chair, chair	chair, chair, chair, chair, chair, chair, chair, chair, chair, chair, chair, chair, chair, chair, chair, chair, chair	table	chair	1.0	1.0	0.0	0.0	0.700609756
4385	chair/chair_04s.jpg	chair	chair	chair	chair, chair, chair, chair, chair, chair, chair, chair, chair, chair, chair, chair, chair, chair	3223 4358 6305, 5044, 7439, 5201 17254, 3127, 8406, 4719, 9904, 6785, 5949, 4261,	14	14	14	chair	1.0	1.0	1.0	20.0	nan	chair, chair, chair, chair, chair, chair, chair, chair, chair, chair, chair, chair, chair, chair, chair, chair, chair, chair, chair, chair	chair, chair, chair, chair, chair, chair, chair, chair, chair, chair, chair, chair, chair, chair, chair, chair, chair, chair, chair, chair	nan	chair	1.0	1.0	0.0	0.0	0.825
4386	chair/chair_05s.jpg	chair	chair	chair	chair, chair, chair, chair, chair, chair, chair, chair, chair, chair, chair, chair, chair	2521, 14974, 4923, 3161, 13114, 7854, 3138, 3159, 5796, 2197, 3885, 9790, 2627,	13	13	13	chair	1.0	1.0	1.0	16.0	nan	chair, chair, chair, chair, chair, chair, chair, chair, chair, chair, chair, chair, chair, chair, chair, chair	chair, chair, chair, chair, chair, chair, chair, chair, chair, chair, chair, chair, chair, chair, chair, chair	books	chair	1.0	1.0	0.0	0.0	0.65
4383	chair/chair_02s.jpg	chair	chair	chair	chair, chair, chair, chair, chair, chair, chair, chair, chair, chair, chair, chair, chair	7318, 2640, 5603, 6049, 5448, 4845, 7062, 7208, 6109, 3673 23014, 3579 7274,	13	13	13	chair	1.0	1.0	1.0	14.0	nan	chair, chair, chair, chair, chair, chair, chair, chair, chair, chair, chair, chair, chair, chair	chair, chair, chair, chair, chair, chair, chair, chair, chair, chair, chair, chair, chair, chair	drftg	chair	1.0	1.0	0.0	0.0	0.69047619
26407	chair.jpg	chair	chair	chair	chair, chair, chair, chair, chair, chair, chair, chair, chair, chair, chair	5651, 4018, 49707, 7654, 5836, 19198, 23652, 4240, 4584, 7633, 3040,	11	11	11	chair	1.0	1.0	1.0	nan	nan	nan	nan	nan	nan	nan	nan	nan	nan	nan
4390	chair/chair_09s.jpg	chair	chair	chair	chair, chair, chair, chair, chair, chair, chair, chain, chair, chair, chair, chair, chair, chair, chair, chair, chair, chair, chair	11374, 5058, 3314, 6208, 6824, 3822 5638, 6064, 4816 6117, 7207, 2776, 4748, 6023, 5988, 7594 4638, 7598, 6479,	19	18	18	chair	0.947368421	0.947368421	0.947368421	19.0	nan	chair, chair, chair, chair, chair, chair, chair, chair, chair, chair, chair, chair, chair, chair, chair, chair, chair, chair, chair	chair, chair, chair, chair, chair, chair, chair, chair, chair, chair, chair, chair, chair, chair, chair, chair, chair, chair, chair	tile flooring	chair	1.0	1.0	0.0	0.0	0.585365854
4392	chair/chair_11s.jpg	chair	chair	chair	chair, cherry, chair, chair, chair, chair, chair, chair, chair, chair, chair, chair, chair, chair, chair	2557, 19175, 5545, 5169, 4331, 5096, 3593, 3022 4072, 5391, 12221, 3761, 3821, 14911, 3230,	15	14	14	chair	0.933333333	0.933333333	0.933333333	19.0	nan	chair, chair, chair, chair, chair, chair, chair, chair, chair, chair, chair, chair, chair, chair, chair, chair, chair, chair, chair	chair, chair, chair, chair, chair, chair, chair, chair, chair, chair, chair, chair, chair, chair, chair, chair, chair, chair, chair	wall and floor	chair	1.0	1.0	0.0	0.0	0.769230769
4382	chair/chair_01b.jpg	chair	chair	chair	chair, chair, chair, chair, chair, chair, chair, chair, chair, chair, chain	3407, 6926, 7879, 9173, 5242, 5389, 5778, 8017, 3638 7269, 5947,	11	10	10	chair	0.909090909	0.909090909	0.909090909	18.0	nan	chair, chair, chair, chair, chair, chair, chair, chair, chair, chair, chair, chair, chair, chair, chair, chair, chair, stoo	chair, chair, chair, chair, chair, chair, chair, chair, chair, chair, chair, chair, chair, chair, chair, chair, chair, stoo	floor	chair	0.944444444	0.944444444	0.053990295	0.053990295	0.8
4391	chair/chair_10s.jpg	chair	chair	chair	chair, chair, chair, chair, chain, chair, chair, chainsaw, chain, chair, chair, chair, chair	4285, 4809, 3992, 5808, 1814, 5731, 5083 5896, 4487, 6040, 4089, 3690, 2411,	13	10	10	chair	0.769230769	0.769230769	0.769230769	18.0	nan	chair, chair, chair, chair, chair, chair, chair, chair, chair, chair, chair, chair, chair, chair, chair, chair, chair, chair	chair, chair, chair, chair, chair, chair, chair, chair, chair, chair, chair, chair, chair, chair, chair, chair, chair, chair	sidewalk	chair	1.0	1.0	0.0	0.0	0.8
4610	cherry/cherry_08s.jpg	cherry	cherry	cherry	cherry, cherry, berry, cherry, cherry, cherry, cherry, plum, cherry, cherry, cherry, cherry, cherry, berry, cherry, berry	6704, 3898, 4438 2946, 3143, 17067, 7532, 5814, 16886, 4844, 7405, 7995, 3300, 5963, 21271 2939,	16	12	12	cherry	0.75	0.75	0.75	19.0	nan	cherry, cherry, cherry, cherry, cherry, cherry, cherry, cherry, cherry, cherry, cherry, cherry, cherry, cherry, cherry, cherry, cherry, cherry, cherry	cherry, cherry, cherry, cherry, cherry, cherry, cherry, cherry, cherry, cherry, cherry, cherry, cherry, cherry, cherry, cherry, cherry, cherry, cherry	bowl	cherry	1.0	1.0	0.0	0.0	0.868421053
4605	cherry/cherry_03s.jpg	cherry	cherry	cherry	cherry, cherry, cherry, cherry, cherry, berry, cherry, fruit, berry, cherry, plum, cherry, cherry, cherry, cherry, cherry	2409, 13496, 8915 3681 4498 11563, 39193, 5855 4182, 7541, 14799, 10003 7554 12638, 19738, 24364,	16	12	12	cherry	0.75	0.75	0.75	18.0	nan	cherry, cherry, cherry, cherry, cherry, cherry, cherry, cherry, cherry, cherry, cherry, cherry, cherry, cherry, cherry, cherry, cherry, cherry	cherry, cherry, cherry, cherry, cherry, cherry, cherry, cherry, cherry, cherry, cherry, cherry, cherry, cherry, cherry, cherry, cherry, cherry	stems	cherry	1.0	1.0	0.0	0.0	0.846153846
4607	cherry/cherry_05s.jpg	cherry	cherry	cherry	berry, cherry, cherry, fruit, cherry, cherry, cherry, cherry, cherry, cherry, berry, cherry, cherry, cherry, blackberry, berry, cherry	2774 8784, 5541, 5604, 5516, 7979, 20105, 8078, 32548, 13454, 3816, 9688, 4444, 8859, 188850, 2808, 3031,	17	12	12	cherry	0.705882353	0.705882353	0.705882353	20.0	nan	cherry, cherry, cherry, cherry, cherry, cherry, cherry, cherry, cherry, cherry, cherry, cherry, cherry, cherry, cherry, cherry, cherry, cherry, cherry, grape	cherry, cherry, cherry, cherry, cherry, cherry, cherry, cherry, cherry, cherry, cherry, cherry, cherry, cherry, cherry, cherry, cherry, cherry, cherry, grape	hand	cherry	0.95	0.95	0.048733972	0.048733972	0.813953488
4608	cherry/cherry_06n.jpg	cherry	cherry	cherry	fruit, cherry, cherry, cherry, cherry, blueberry, cherry, cherry, cherry, cherry, cranberry, cherry, berry, cherry, fruit, cherry, plum, cherry	28592, 3376 46950, 6996, 6542, 5738, 11957, 16557, 4662, 8538, 4624, 2063, 3021 3731, 13443, 6123, 5271, 4333,	18	12	12	cherry	0.666666667	0.666666667	0.666666667	16.0	nan	bing cherries, cherry, cherry, cherry, cherry, cherry, cherry, cherry, cherry, cherry, cherry, cherry, cherry, cherry, cherry, cherry	bing cherries, cherry, cherry, cherry, cherry, cherry, cherry, cherry, cherry, cherry, cherry, cherry, cherry, cherry, cherry, cherry	hand	cherry	0.9375	0.9375	0.060515365	0.060515365	0.720930233
4606	cherry/cherry_04n.jpg	cherry	cherry	cherry	cherry, cherry, cherry, cherry, berry, berry, cherry, cherry, cherry, cherry, fruit, berry, cherry, berry	3840, 11173 7792, 2190, 3935, 3294, 6952, 4227, 14298, 3965 7959, 2334, 9971, 6375,	14	9	9	cherry	0.642857143	0.642857143	0.642857143	19.0	nan	cherry, cherry, cherry, cherry, cherry, cherry, cherry, cherry, cherry, cherry, cherry, cherry, cherry, cherry, cherry, cherry, cherry, cherry, cherry	cherry, cherry, cherry, cherry, cherry, cherry, cherry, cherry, cherry, cherry, cherry, cherry, cherry, cherry, cherry, cherry, cherry, cherry, cherry	stems	cherry	1.0	1.0	0.0	0.0	0.925
4609	cherry/cherry_07n.jpg	cherry	cherry	cherry	cherry, cherry, berry, cherry, berry, cherry, cherry, cherry, cherry, berry, berry	29177, 4966, 6569, 8349 3402, 13644, 12070, 5233 16926, 3129, 2281,	11	7	7	cherry	0.636363636	0.636363636	0.636363636	19.0	nan	cherry, cherry, cherry, cherry, cherry, cherry, cherry, cherry, cherry, cherry, cherry, cherry, cherry, cherry, cherry, cherry, cherry, cherry, grape	cherry, cherry, cherry, cherry, cherry, cherry, cherry, cherry, cherry, cherry, cherry, cherry, cherry, cherry, cherry, cherry, cherry, cherry, grape	leaves	cherry	0.947368421	0.947368421	0.051227817	0.051227817	0.731707317
4611	cherry/cherry_09s.jpg	cherry	cherry	cherry	fruit, cherry, cherry, cherry, cherry, cherry, fruit, berry, cherry, cherry, cherry, plum, cherry, cherry, berry, berry	10060, 30399 6022, 9564, 13677, 10640, 6503, 2814, 3991, 18714, 4514 4800, 4989, 13813, 2584, 3280,	16	10	10	cherry	0.625	0.625	0.625	18.0	nan	apple, cherry, cherry, cherry, cherry, cherry, cherry, cherry, cherry, cherry, cherry, cherry, cherry, cherry, cherry, cherry, cherry, cherry	apple, cherry, cherry, cherry, cherry, cherry, cherry, cherry, cherry, cherry, cherry, cherry, cherry, cherry, cherry, cherry, cherry, cherry	branch	cherry	0.944444444	0.944444444	0.053990295	0.053990295	0.857142857
4614	cherry/cherry_12s.jpg	cherry	cherry	cherry	berry, cherry, apple, cherry, cherry, cherry, cherry, berry, fruit, cherry, cherry, apple, cherry	4462 16834, 5986, 13221, 8197, 4612, 20690, 5624, 10760, 12381, 4751, 5293, 4006,	13	8	8	cherry	0.615384615	0.615384615	0.615384615	19.0	nan	cherry, cherry, cherry, cherry, cherry, cherry, cherry, cherry, cherry, cherry, cherry, cherry, cherry, cherry, cherry, cherry, cherry, cherry, cherry	cherry, cherry, cherry, cherry, cherry, cherry, cherry, cherry, cherry, cherry, cherry, cherry, cherry, cherry, cherry, cherry, cherry, cherry, cherry	leaves	cherry	1.0	1.0	0.0	0.0	0.790697674
4603	cherry/cherry_01b.jpg	cherry	cherry	cherry	cherry, apple, cherry, cherry, cherry, cherry, cherry, apple, berry, apple, cherry, cherry, berry	21452, 5964, 11863, 4727, 6696, 11928, 3622, 2876, 3038, 6646, 15083, 3834, 3798,	13	8	8	cherry	0.615384615	0.615384615	0.615384615	19.0	nan	apple, apple, apple, apple, cherry, cherry, cherry, cherry, cherry, cherry, cherry, cherry, cherry, cherry, cherry, cherry, cherry, cherry, cherry	apple, apple, apple, apple, cherry, cherry, cherry, cherry, cherry, cherry, cherry, cherry, cherry, cherry, cherry, cherry, cherry, cherry, cherry	stem	cherry	0.789473684	0.789473684	0.09352877	0.09352877	0.8
4613	cherry/cherry_11s.jpg	cherry	cherry	cherry	cherry, berry, cherry, cherry, cherry, cherry, berry, sweet potato, cherry, berry, cherry, cherry, plum, cherry, berry, berry, cherry, cherry	3875, 3802, 3233, 4525, 16676, 7398, 4898, 172434, 7664, 4364, 108869, 12063, 8919, 2546, 2406, 7405, 3041, 10270,	18	11	11	cherry	0.611111111	0.611111111	0.611111111	16.0	nan	cherry, cherry, cherry, cherry, cherry, cherry, cherry, cherry, cherry, cherry, cherry, cherry, cherry, cherry, cherry, cherry	cherry, cherry, cherry, cherry, cherry, cherry, cherry, cherry, cherry, cherry, cherry, cherry, cherry, cherry, cherry, cherry	wooden box	cherry	1.0	1.0	0.0	0.0	0.925
4612	cherry/cherry_10n.jpg	cherry	cherry	cherry	berry, cherry, cherry, berry, cherry, plum, cherry, cherry, berry	2244, 5758, 4080, 9159, 4070, 5917, 8017, 3903 4986,	9	5	5	cherry	0.555555556	0.555555556	0.555555556	16.0	nan	cherry, cherry, cherry, cherry, cherry, cherry, cherry, cherry, cherry, cherry, cherry, cherry, cherry, cherry, cherry, tomato	cherry, cherry, cherry, cherry, cherry, cherry, cherry, cherry, cherry, cherry, cherry, cherry, cherry, cherry, cherry, tomato	vine	cherry	0.9375	0.9375	0.060515365	0.060515365	0.666666667
4604	cherry/cherry_02s.jpg	cherry	cherry	cherry	berry, cherry, berry, fruit, cherry, fruit, berry, cherry, berry, cherry, berry, cherry, cherry	7344 10356, 3578, 8387, 8283, 43207, 3711, 9117, 6418, 5483, 4846, 22620, 5220	13	6	6	cherry	0.461538462	0.461538462	0.461538462	18.0	nan	cheries, cherry, cherry, cherry, cherry, cherry, cherry, cherry, cherry, cherry, cherry, cherry, cherry, cherry, cherry, cherry, cherry, fruit	cheries, cherry, cherry, cherry, cherry, cherry, cherry, cherry, cherry, cherry, cherry, cherry, cherry, cherry, cherry, cherry, cherry, fruit	hand	cherry	0.888888889	0.888888889	0.074074074	0.074074074	0.857142857
26423	cherry.jpg	cherry	cherry	cherry	cherry, berry, berry, cherry, berry, berry, cherry, cherry, berry, cherry, berry, cherry, berry, berry, berry, cherry, plum, berry	2492, 2709, 8603, 3982, 2181, 3928, 4771, 4814, 3729, 19351, 4310, 3482, 5979, 5217 3034, 4836, 3375, 3995	18	7	10	berry	0.388888889	0.388888889	0.388888889	nan	nan	nan	nan	nan	nan	nan	nan	nan	nan	nan
5209	clock/clock_09n.jpg	clock	clock	clock	clock, clock, clock, clock, clock, clock, clock, clock, clock, clock, clock, clock, clock, clock, clock, clock, clock, clock, clock, clock, clock	4518, 16614, 4893, 33962, 2670, 1781, 2260, 4532, 3067, 7338, 13120, 2184, 20552, 5865, 7418, 2375 16950, 15898, 7331, 2084, 6061,	21	21	21	clock	1.0	1.0	1.0	19.0	nan	clock, clock, clock, clock, clock, clock, clock, clock, clock, clock, clock, clock, clock, clock, clock, clock, clock, clock, clock	clock, clock, clock, clock, clock, clock, clock, clock, clock, clock, clock, clock, clock, clock, clock, clock, clock, clock, clock	nan	clock	1.0	1.0	0.0	0.0	0.731707317
5203	clock/clock_03n.jpg	clock	clock	clock	clock, clock, clock, clock, clock, clock, clock, clock, clock, clock, clock, clock, clock, clock, clock, clock, clock, clock, clock, clock	4358, 6928, 34040, 13174, 3962, 5279 12622, 16702, 25345, 7944, 5165, 5280, 5028, 4175, 4208 6460, 8076, 4105 3529, 4230,	20	20	20	clock	1.0	1.0	1.0	18.0	nan	clock, clock, clock, clock, clock, clock, clock, clock, clock, clock, clock, clock, clock, clock, clock, clock, clock, clock	clock, clock, clock, clock, clock, clock, clock, clock, clock, clock, clock, clock, clock, clock, clock, clock, clock, clock	wall	clock	1.0	1.0	0.0	0.0	0.756097561
5211	clock/clock_11n.jpg	clock	clock	clock	clock, clock, clock, clock, clock, clock, clock, clock, clock, clock, clock, clock, clock, clock, clock, clock, clock	6481, 9018, 6588, 9294, 4228, 3136, 18547, 3830, 6382, 7194, 6524, 12918, 2960, 12663, 9814 8976 3227,	17	17	17	clock	1.0	1.0	1.0	17.0	nan	clock, clock, clock, clock, clock, clock, clock, clock, clock, clock, clock, clock, clock, clock, clock, clock, clock	clock, clock, clock, clock, clock, clock, clock, clock, clock, clock, clock, clock, clock, clock, clock, clock, clock	nan	clock	1.0	1.0	0.0	0.0	0.707317073
5201	clock/clock_01b.jpg	clock	clock	clock	clock, clock, clock, clock, clock, clock, clock, clock, clock, clock, clock, clock, clock, clock, clock	7714, 4376 7983, 3808, 2905, 3873, 9108, 3889, 6906, 5693, 43566, 7039, 3729 6275, 6758,	15	15	15	clock	1.0	1.0	1.0	17.0	nan	clock, clock, clock, clock, clock, clock, clock, clock, clock, clock, clock, clock, clock, clock, clock, clock, clock	clock, clock, clock, clock, clock, clock, clock, clock, clock, clock, clock, clock, clock, clock, clock, clock, clock	tree	clock	1.0	1.0	0.0	0.0	0.714285714
5204	clock/clock_04n.jpg	clock	clock	clock	clock, clock, clock, clock, clock, clock, clock, clock, clock, clock, clock, clock, clock	3936, 4865, 3141, 4946, 9341 4529, 38538, 7341, 3959, 23324, 16115, 5035, 13223,	13	13	13	clock	1.0	1.0	1.0	17.0	nan	clock, clock, clock, clock, clock, clock, clock, clock, clock, clock, clock, clock, clock, clock, clock, clock, clock	clock, clock, clock, clock, clock, clock, clock, clock, clock, clock, clock, clock, clock, clock, clock, clock, clock	nan	clock	1.0	1.0	0.0	0.0	0.65
5210	clock/clock_10n.jpg	clock	clock	clock	clock, clock, clock, clock, clock, clock, clock, clock, clock, clock, clock, clock	5271, 12477, 10182, 8843, 7462, 15367, 4185, 4894 13150, 4068, 3018, 3789,	12	12	12	clock	1.0	1.0	1.0	16.0	nan	clock, clock, clock, clock, clock, clock, clock, clock, clock, clock, clock, clock, clock, clock, clock, clock	clock, clock, clock, clock, clock, clock, clock, clock, clock, clock, clock, clock, clock, clock, clock, clock	metal bracket	clock	1.0	1.0	0.0	0.0	0.731707317
5202	clock/clock_02n.jpg	clock	clock	clock	cuckoo clock, clock, clock, clock, clock, clock, clock, clock, clock, clock, clock, clock, clock, clock, clock, clock, clock, clock	18033, 4935, 7363, 22149, 5240, 5879, 9256, 10972, 34423, 3551 6064, 8069, 15363, 4179, 5437, 3348, 3509, 3928,	18	17	17	clock	0.944444444	0.944444444	1.0	15.0	nan	clock, clock, clock, clock, clock, clock, clock, clock, clock, clock, clock, clock, clock, clock, clock	clock, clock, clock, clock, clock, clock, clock, clock, clock, clock, clock, clock, clock, clock, clock	nan	clock	1.0	1.0	0.0	0.0	0.8
5208	clock/clock_08n.jpg	clock	clock	clock	clock, clock, clock, clock, clock, clock, clock, clock, cloak, clock, clock, clock, clock, clock	3424, 4824, 7702, 5979 5551, 4846, 25509, 7278, 4628, 4854, 19035, 7159, 23387, 2459,	14	13	13	clock	0.928571429	0.928571429	0.928571429	18.0	nan	clock, clock, clock, clock, clock, clock, clock, clock, clock, clock, clock, clock, clock, clock, clock, clock, clock, clock	clock, clock, clock, clock, clock, clock, clock, clock, clock, clock, clock, clock, clock, clock, clock, clock, clock, clock	nan	clock	1.0	1.0	0.0	0.0	0.625
26466	clock.jpg	clock	clock	clock	clock, clock, clock, clock, clock, clock, cuckoo clock, clock, cloak, clock, clock, clock, clock, clock, clock, clock, clock, clock, clock, clock, clock	8120, 5277, 5541, 3576, 9454, 3908, 82524, 3428, 8475, 6444, 3459 5732, 9630, 3652, 18399, 9592, 6387, 3055, 6552, 5989 3951,	21	19	19	clock	0.904761905	0.904761905	0.952380952	nan	nan	nan	nan	nan	nan	nan	nan	nan	nan	nan
5206	clock/clock_06n.jpg	clock	clock	clock	clock, walnut, clock, clock, clock, clock, clock, pendulum, clock, clock, clock, clock, clock, clock, clock, clock	3761, 13949, 10006, 3387 5036 6653, 6907, 14567 8155, 19775, 6824 2942, 2666, 5020, 2945, 3039	16	14	14	clock	0.875	0.875	0.875	16.0	nan	clock, clock, clock, clock, clock, clock, clock, clock, clock, clock, clock, clock, clock, clock, clock, clock	clock, clock, clock, clock, clock, clock, clock, clock, clock, clock, clock, clock, clock, clock, clock, clock	clock cabinet	clock	1.0	1.0	0.0	0.0	0.534883721
5207	clock/clock_07n.jpg	clock	clock	clock	clock, clock, clock, clock, clock, timer, clock, cloak, clock, clock, clock, clock, clock, clock	7656, 8265, 14320, 4927, 4714, 8871, 6969, 3774, 12594, 9713, 5583, 4247, 4294, 4350,	14	12	12	clock	0.857142857	0.857142857	0.857142857	19.0	nan	clock, clock, clock, clock, clock, clock, clock, clock, clock, clock, clock, clock, clock, clock, clock, clock, gauge, scale, scale	clock, clock, clock, clock, clock, clock, clock, clock, clock, clock, clock, clock, clock, clock, clock, clock, gauge, scale, scale	nan	clock	0.842105263	0.842105263	0.083654675	0.083654675	0.780487805
5205	clock/clock_05n.jpg	clock	clock	clock	clock, clock, clock, clock, clock, clock, clock, clock, watch (wristwatch), cuckoo clock, clock, clock, clock, clock, clock, clock, clock, cloak, clock	2431, 2994, 36667, 4727, 15246, 3314, 5491, 7582, 7327, 3164, 13548, 6498, 2487, 22863, 5886, 3959, 4320, 1836, 3521	19	16	16	clock	0.842105263	0.842105263	0.894736842	19.0	nan	clock, clock, clock, clock, clock, clock, clock, clock, clock, clock, clock, clock, clock, clock, clock, clock, clock, clock, watch	clock, clock, clock, clock, clock, clock, clock, clock, clock, clock, clock, clock, clock, clock, clock, clock, clock, clock, watch	nan	clock	0.947368421	0.947368421	0.051227817	0.051227817	0.609756098
5212	clock/clock_12n.jpg	clock	clock	clock	timer, clock, clock, clock, clock, clock, clock, clock, clock, watch (wristwatch), clock, clock, watch (wristwatch), clock, clock, clock	5349, 3013, 10996, 5401, 3352, 7627, 14679, 9510, 3633, 7336, 4649, 6311, 16098, 4269 19078, 4809,	16	13	13	clock	0.8125	0.8125	0.8125	19.0	nan	clock, clock, clock, clock, clock, clock, clock, clock, clock, clock, clock, clock, clock, clock, clock, clock, clock, clock, pocket watch	clock, clock, clock, clock, clock, clock, clock, clock, clock, clock, clock, clock, clock, clock, clock, clock, clock, clock, pocket watch	nan	clock	0.947368421	0.947368421	0.051227817	0.051227817	0.743589744
5343	coat/coat_09s.jpg	coat	coat	coat	coat, coat, jacket, coat, coat, coat, coat, shirt, coat, coat, coat	6522, 7804, 3084, 3627, 2886, 35134, 6342, 25893 12911, 5188 4667,	11	9	9	coat	0.818181818	0.818181818	0.818181818	17.0	nan	coat, coat, coat, coat, coat, coat, coat, coat, coat, coat, coat, coat, coat, coat, coat, coat, coat	coat, coat, coat, coat, coat, coat, coat, coat, coat, coat, coat, coat, coat, coat, coat, coat, coat	cigarette	coat	1.0	1.0	0.0	0.0	0.794871795
5336	coat/coat_02s.jpg	coat	coat	coat	coat, coat, coat, coat, jacket, coat, sweater, coat, coat, coat, dress, coat, coat	3967, 2672, 5272, 53290, 5062, 5061, 7607, 2968 7137, 16717, 4299, 4593, 7041,	13	10	10	coat	0.769230769	0.769230769	0.769230769	17.0	nan	coat, coat, coat, coat, coat, coat, coat, coat, coat, coat, coat, coat, coat, coat, coat, jacket, trench	coat, coat, coat, coat, coat, coat, coat, coat, coat, coat, coat, coat, coat, coat, coat, jacket, trench	purse	coat	0.882352941	0.882352941	0.07814249	0.07814249	0.902439024
5340	coat/coat_06s.jpg	coat	coat	coat	coat, vest, coat, coat, dress, shirt, coat, coat, coat, coat	3303, 13071, 56206, 7904, 11638, 13265, 18696, 8795, 16756, 6454,	10	7	7	coat	0.7	0.7	0.7	20.0	nan	coat, coat, coat, coat, coat, coat, coat, coat, coat, coat, coat, coat, coat, coat, coat, coat, coat, coat, jacket, man	coat, coat, coat, coat, coat, coat, coat, coat, coat, coat, coat, coat, coat, coat, coat, coat, coat, coat, jacket, man	shirt	coat	0.9	0.9	0.067082039	0.067082039	0.897435897
26476	coat.jpg	coat	coat	coat	jacket, jacket, jacket, coat, life jacket, coat, coat, coat, coat, coat, coat, jacket, coat, raincoat	2676 6480, 3478, 4957, 6827, 3357, 9414, 24288 13348, 20408, 5541, 2865, 8456, 4211,	14	8	8	coat	0.571428571	0.571428571	0.642857143	nan	nan	nan	nan	nan	nan	nan	nan	nan	nan	nan
5345	coat/coat_11s.jpg	coat	coat	coat	coat, coat, girl, sweatsuit, raincoat, coat, woman, raincoat, coat, coat, coat, dress, coat	19677, 3469, 5493, 5968, 10729, 3926, 9403 15228, 36615 4399, 5344, 3434 6701,	13	7	7	coat	0.538461538	0.538461538	0.692307692	17.0	nan	coat, coat, coat, coat, coat, coat, coat, coat, coat, coat, coat, coat, coat, girl, jacket, jacket, jacket	coat, coat, coat, coat, coat, coat, coat, coat, coat, coat, coat, coat, coat, girl, jacket, jacket, jacket	scarf	coat	0.764705882	0.764705882	0.102879368	0.102879368	0.761904762
5338	coat/coat_04s.jpg	coat	coat	coat	coat, raincoat, jacket, coat, woman, overalls, dress, coat, dress, coat, coat, coat, woman, coat	4209, 6943, 3307, 7257, 5113, 34933, 4797, 31331, 6214, 7893, 4350, 4610, 10516, 3967,	14	7	7	coat	0.5	0.5	0.571428571	20.0	nan	black dress, coat, coat, coat, coat, coat, coat, coat, coat, coat, coat, coat, coat, coat, coat, coat, coat, coat, coat, jacket	black dress, coat, coat, coat, coat, coat, coat, coat, coat, coat, coat, coat, coat, coat, coat, coat, coat, coat, coat, jacket	lady	coat	0.9	0.9	0.067082039	0.067082039	0.875
5342	coat/coat_08s.jpg	coat	coat	coat	coat, dress, dress, suit, dress, coat, coat, coat, coat rack, dress, dreidel, coat, coat, coat	5043, 67944, 6416, 9522, 24484 6087, 6037, 88730, 16365, 4065, 6076 9095, 8972, 3866,	14	7	7	coat	0.5	0.5	0.571428571	19.0	nan	coat, coat, coat, coat, coat, coat, coat, coat, coat, coat, coat, coat, coat, coat, coat, coat, coat, dress, jacket	coat, coat, coat, coat, coat, coat, coat, coat, coat, coat, coat, coat, coat, coat, coat, coat, coat, dress, jacket	purse	coat	0.894736842	0.894736842	0.0704059	0.0704059	0.825
5346	coat/coat_12s.jpg	coat	coat	coat	coat, coat, dress, coat, dress, jacket, coat, coat, dress, dress, jacket, coat, coat, jacket, dress	5877 22919, 9735, 3074 2850, 38511, 3064, 6602, 4742, 3456, 4846, 9387, 6946, 6496, 3922,	15	7	7	coat	0.466666667	0.466666667	0.466666667	17.0	nan	coat, coat, coat, coat, coat, coat, coat, coat, coat, coat, coat, coat, coat, coat, coat, coat, jacket	coat, coat, coat, coat, coat, coat, coat, coat, coat, coat, coat, coat, coat, coat, coat, coat, jacket	woman	coat	0.941176471	0.941176471	0.057067206	0.057067206	0.795454545
5344	coat/coat_10s.jpg	coat	coat	coat	shirt, shirt, jacket, dress, coat, coat, coat, jacket, coat, coat, coat, lab coat, jacket, coat, coaster	5243, 8905, 21738, 3702, 4413, 11561, 5624, 6595, 4712, 17130, 12140, 12747, 4828, 41382, 6768,	15	7	7	coat	0.466666667	0.466666667	0.533333333	17.0	nan	coat, coat, coat, coat, coat, coat, coat, coat, coat, coat, coat, coat, coat, coat, jacket, night dress, white	coat, coat, coat, coat, coat, coat, coat, coat, coat, coat, coat, coat, coat, coat, jacket, night dress, white	nan	coat	0.823529412	0.823529412	0.092459441	0.092459441	0.564102564
5341	coat/coat_07s.jpg	coat	coat	coat	jacket, hoodie, sweater, coat, jacket, coat, coat, coat, fur coat, coat, shirt, coat, coat, shirt, dress	6285, 13637, 6673, 2757, 9174, 7412, 10369 10191, 21035, 10089, 8339, 52479, 4555, 6858, 3045,	15	7	7	coat	0.466666667	0.466666667	0.533333333	18.0	nan	caot, coat, coat, coat, coat, coat, coat, coat, coat, coat, coat, coat, coat, coat, coat, jacket, jacket, winter jacket	caot, coat, coat, coat, coat, coat, coat, coat, coat, coat, coat, coat, coat, coat, coat, jacket, jacket, winter jacket	buttons	coat	0.777777778	0.777777778	0.097990789	0.097990789	0.720930233
5337	coat/coat_03s.jpg	coat	coat	coat	coat, coat, suit, coat, coat, jacket, cloak, jacket, jacket, jacket, wetsuit, coat	94191, 2899, 5494, 41490, 12303, 5755, 7089, 32719, 8642, 5726, 19550, 3597,	12	5	5	coat	0.416666667	0.416666667	0.416666667	20.0	nan	coat, coat, coat, coat, coat, coat, coat, coat, coat, coat, coat, coat, coat, coat, coat, jacket, jacket, jacket, jacket, jacket	coat, coat, coat, coat, coat, coat, coat, coat, coat, coat, coat, coat, coat, coat, coat, jacket, jacket, jacket, jacket, jacket	man in coat	coat	0.75	0.75	0.096824584	0.096824584	0.7
5339	coat/coat_05s.jpg	coat	coat	coat	dress, raincoat, coat, raincoat, dress, jacket, coat, coat, coat, coat, bulletproof vest, raincoat, outfit, coat, raincoat	3838, 5877, 6029, 4458, 44299, 53149, 10755, 21755, 43368, 11088 19232, 8725, 6710, 2784, 6438,	15	6	6	coat	0.4	0.4	0.666666667	18.0	nan	coat, coat, coat, coat, coat, coat, coat, coat, coat, coat, coat, coat, coat, coat, coat, jacket, leather jacket, robe	coat, coat, coat, coat, coat, coat, coat, coat, coat, coat, coat, coat, coat, coat, coat, jacket, leather jacket, robe	door	coat	0.833333333	0.833333333	0.087841046	0.087841046	0.775
5335	coat/coat_01b.jpg	coat	coat	coat	shirt, coat, blazer, shirt, coat, jacket, coat, coat rack, coat, jacket, dress, jacket, coat, blazer	6587, 3508, 44226, 6489, 4393, 31750 3853, 9312, 2709, 9341, 4773, 11746, 5089, 6901,	14	5	5	coat	0.357142857	0.357142857	0.428571429	16.0	nan	blazer, blazer, coat, coat, coat, coat, jacket, jacket, jacket, jacket, jacket, suit, suit jacket, suit jacket, suit jacket, sweater	blazer, blazer, coat, coat, coat, coat, jacket, jacket, jacket, jacket, jacket, suit, suit jacket, suit jacket, suit jacket, sweater	nan	jacket	0.3125	0.25	0.108253175	0.115878101	0.625
6085	couch/couch_10s.jpg	couch	couch	couch	sofa bed, couch, couch, sofa bed, couch, couch, couch, couch, couch, couch, sofa bed, couch, couch, sofa bed, sofa bed	4177, 6255, 5964, 43625, 4652, 4020, 9444, 3387, 1863, 6605, 5345 3183, 4095 8318, 7085,	15	10	10	couch	0.666666667	0.666666667	0.666666667	18.0	nan	coac, couch, couch, couch, couch, couch, couch, living room, sofa, sofa, sofa, sofa, sofa, sofa, sofa, sofa, sofa, sofa	coac, couch, couch, couch, couch, couch, couch, living room, sofa, sofa, sofa, sofa, sofa, sofa, sofa, sofa, sofa, sofa	coffee table	sofa	0.555555556	0.333333333	0.111111111	0.117121395	0.853658537
6088	couch/couch_13s.jpg	couch	couch	couch	couch, couch, sofa bed, couch, sofa bed, sofa bed, sofa bed, couch, couch, couch, couch, couch, sofa bed, sofa bed, couch, couch	3712, 13169, 5340, 4268, 6152, 5652, 298704, 7459 5771, 9011, 8468, 4185, 6599, 4307, 4773, 3044,	16	10	10	couch	0.625	0.625	0.625	18.0	nan	couch, couch, couch, couch, couch, couch, couch, couch, couch, couch, living room set, living room set, sectional sofa, sectional sofa, sofa, sofa, sofa, sofa sectional	couch, couch, couch, couch, couch, couch, couch, couch, couch, couch, living room set, living room set, sectional sofa, sectional sofa, sofa, sofa, sofa, sofa sectional	ottoman	couch	0.555555556	0.555555556	0.117121395	0.117121395	0.925
6082	couch/couch_07s.jpg	couch	couch	couch	couch, couch, sofa bed, sofa bed, couch, sofa bed, sofa bed, couch, couch, loveseat, couch, sofa bed, bunkbed, sofa bed	10277, 7230, 5447, 3081, 11083, 6413, 38148, 7395, 6865, 21291, 4927, 4961, 7745, 2713,	14	6	6	couch	0.428571429	0.428571429	0.428571429	18.0	nan	couch, couch, couch, couch, couch, couch, couch, couch, couch, couch, couch, couch, couch, sofa, sofa, sofa, sofa, sofa	couch, couch, couch, couch, couch, couch, couch, couch, couch, couch, couch, couch, couch, sofa, sofa, sofa, sofa, sofa	picture	couch	0.722222222	0.722222222	0.105571799	0.105571799	0.875
6096	couch/couch_21n.jpg	couch	couch	couch	sofa bed, sofa bed, sofa bed, couch, door, sofa bed, couch, couch, couch, sofa bed, sofa bed, sofa bed, couch, couch, bunkbed, sofa bed, couch	2886, 2716, 4127, 3896, 5661 19808 2427, 31128, 3935, 35165, 5317, 32217, 3120, 4396, 7389, 3211, 4396	17	7	8	sofa bed	0.411764706	0.411764706	0.411764706	16.0	nan	couch, couch, couch, couch, couch, couch, couch, couch, love seat, sofa, sofa, sofa, sofa, sofa, sofa, sofa	couch, couch, couch, couch, couch, couch, couch, couch, love seat, sofa, sofa, sofa, sofa, sofa, sofa, sofa	wall	couch	0.5	0.5	0.125	0.125	0.85
6080	couch/couch_05s.jpg	couch	couch	couch	sofa bed, sofa bed, sofa bed, couch, sofa bed, sofa bed, couch, couch, couch, bed, sofa bed, sofa bed, sofa bed, sofa bed, sofa bed, couch, couch	6662, 2707, 2830, 7105 11707, 2821, 6790 4225, 4860, 4854 13901, 9183, 13352, 6430, 31717, 4312, 3140	17	6	10	sofa bed	0.352941176	0.352941176	0.352941176	16.0	nan	couch, couch, couch, couch, couch, couch, couch, couch, livingroom, sectional, sectional sofa, sofa, sofa, sofa, sofa, sofa sectional	couch, couch, couch, couch, couch, couch, couch, couch, livingroom, sectional, sectional sofa, sofa, sofa, sofa, sofa, sofa sectional	area rug	couch	0.5	0.5	0.125	0.125	0.725
6090	couch/couch_15n.jpg	couch	couch	couch	sofa bed, couch, couch, sofa bed, bunkbed, sofa bed, sofa bed, couch, sofa bed, couch, couch, sofa bed, sofa bed, couch, sofa bed, sofa bed, sofa bed, sofa bed	3518, 2279, 2527, 2761 8581, 56181, 2929, 3938, 9470, 5756, 6783, 3958, 9812, 3045 5508, 19509, 3878, 3717,	18	6	11	sofa bed	0.333333333	0.333333333	0.333333333	19.0	nan	couch, couch, couch, couch, couch, couch, couch, couch, couch, couch, couch, couch, couch, couch, couch, couch, couch, sofa, sofa	couch, couch, couch, couch, couch, couch, couch, couch, couch, couch, couch, couch, couch, couch, couch, couch, couch, sofa, sofa	floor	couch	0.894736842	0.894736842	0.0704059	0.0704059	0.775
6087	couch/couch_12s.jpg	couch	couch	couch	couch, sofa bed, couch, couch, sofa bed, sofa bed, sofa bed, sofa bed, sofa bed, sofa bed, sofa bed, couch, couch, sofa bed, sofa bed, sofa bed, couch, sofa bed	2494, 29716, 11189, 3771, 6533, 9443, 6196, 10702, 6720, 4377, 7975, 3341, 66005, 58115, 5526, 9300, 7932, 6160,	18	6	12	sofa bed	0.333333333	0.333333333	0.333333333	20.0	nan	couch, couch, couch, couch, couch, couch, couch, couch, couch, couch, couch, couch, couch, red sofa, sectional, sectional, sofa, sofa, sofa set, sofa set	couch, couch, couch, couch, couch, couch, couch, couch, couch, couch, couch, couch, couch, red sofa, sectional, sectional, sofa, sofa, sofa set, sofa set	ottoman	couch	0.65	0.65	0.106653645	0.106653645	0.925
6093	couch/couch_18n.jpg	couch	couch	couch	couch, sofa bed, sofa bed, couch, sofa bed, sofa bed, couch, sofa bed, sofa bed, sofa bed, couch, sofa bed, sofa bed, sofa bed, couch, sofa bed	3143, 4680, 11861, 6014, 6979, 3944, 16729, 6157, 12037, 4310, 4500, 5210, 3635, 5056, 4864, 10801,	16	5	11	sofa bed	0.3125	0.3125	0.3125	18.0	nan	couch, couch, couch, couch, couch, couch, couch, couch, couch, fofa, sofa, sofa, sofa, sofa, sofa, sofa, sofa, sofa	couch, couch, couch, couch, couch, couch, couch, couch, couch, fofa, sofa, sofa, sofa, sofa, sofa, sofa, sofa, sofa	wood grain	couch	0.5	0.5	0.11785113	0.11785113	0.75
6095	couch/couch_20n.jpg	couch	couch	couch	sofa bed, couch, sofa bed, sofa bed, sofa bed, sofa bed, sofa bed, couch, sofa bed, sofa bed, couch, couch, sofa bed	8417, 5529, 3717, 4750 4613, 6353 6730, 5806, 5032, 5556, 5268, 4398, 4309,	13	4	9	sofa bed	0.307692308	0.307692308	0.307692308	16.0	nan	couch, couch, couch, couch, couch, couch, couch, couch, couch, couch, sofa, sofa, sofa, sofa, sofa, sofa	couch, couch, couch, couch, couch, couch, couch, couch, couch, couch, sofa, sofa, sofa, sofa, sofa, sofa	rug	couch	0.625	0.625	0.12103073	0.12103073	0.761904762
6084	couch/couch_09s.jpg	couch	couch	couch	sofa bed, sofa bed, couch, couch, sofa bed, sofa bed, couch, couch, sofa bed, sofa bed, sofa bed, sofa bed, sofa bed	6176, 2835, 5335, 5364, 5229, 4679, 3994, 18777, 22753, 20033 15953, 5629, 5688,	13	4	9	sofa bed	0.307692308	0.307692308	0.307692308	18.0	nan	bed, couch, couch, couch, couch, couch, couch, couch, couch, couch, sectional, sectional sofa, sofa, sofa, sofa, sofa, sofa, sofa	bed, couch, couch, couch, couch, couch, couch, couch, couch, couch, sectional, sectional sofa, sofa, sofa, sofa, sofa, sofa, sofa	pillows	couch	0.5	0.5	0.11785113	0.11785113	0.9
6086	couch/couch_11s.jpg	couch	couch	couch	sofa bed, sofa bed, couch, sofa bed, sofa bed, sofa bed, couch, couch, pillow, couch, sofa bed, sofa bed, bunkbed, sofa bed	5847, 2566, 29863, 4491, 19221, 6753, 6346, 2398, 5022, 2307, 4098, 8821 5988, 3219,	14	4	8	sofa bed	0.285714286	0.285714286	0.285714286	20.0	nan	couch, couch, couch, couch, couch, couch, couch, couch, couch, loveseat, loveseat, loveseat, loveseat, sofa, sofa, sofa, sofa, sofa, sofa, sofa	couch, couch, couch, couch, couch, couch, couch, couch, couch, loveseat, loveseat, loveseat, loveseat, sofa, sofa, sofa, sofa, sofa, sofa, sofa	coffee table	couch	0.45	0.45	0.111242977	0.111242977	0.595238095
6079	couch/couch_04s.jpg	couch	couch	couch	couch, couch, sofa bed, sofa bed, sofa bed, sofa bed, sofa bed, bunkbed, couch, recliner, sofa bed, stool (furniture), sofa bed, couch	2935, 4938, 15760, 5794, 8600, 3663, 6527, 5751, 2572, 111584, 3963, 86577, 7257, 7738,	14	4	7	sofa bed	0.285714286	0.285714286	0.285714286	19.0	nan	couch, couch, couch, couch, couch, couch, cough, sectional, sectional, sectional sofa, sectional sofa, sectional sofa, sectional sofa, sectional sofa, sofa, sofa, sofa, sofa, sofa	couch, couch, couch, couch, couch, couch, cough, sectional, sectional, sectional sofa, sectional sofa, sectional sofa, sectional sofa, sectional sofa, sofa, sofa, sofa, sofa, sofa	portraits	couch	0.315789474	0.315789474	0.106639205	0.106639205	0.8
6094	couch/couch_19n.jpg	couch	couch	couch	couch, sofa bed, couch, couch, recliner, sofa bed, sofa bed, sofa bed, sofa bed, couch, sofa bed, sofa bed, sofa bed, sofa bed, sofa bed	10442, 3346, 11563, 3132, 29414, 4277, 70614, 5714, 3654, 4311 3454, 5172, 6100, 4535, 3961,	15	4	10	sofa bed	0.266666667	0.266666667	0.266666667	18.0	nan	couch, couch, couch, couch, couch, couch, couch, couch, couch, couch, recliner, seating, sofa, sofa, sofa, sofa, sofa, sofa	couch, couch, couch, couch, couch, couch, couch, couch, couch, couch, recliner, seating, sofa, sofa, sofa, sofa, sofa, sofa	nan	couch	0.555555556	0.555555556	0.117121395	0.117121395	0.738095238
6081	couch/couch_06s.jpg	couch	couch	couch	sofa bed, couch, sofa bed, couch, couch, sofa bed, sofa bed, sofa bed, bunkbed, sofa bed, sofa bed, recliner, couch, sofa bed, sofa bed, sofa bed	5325 3984, 50496, 4344, 11897, 5636, 3710, 3883, 9442, 2814, 4685, 7184, 4065, 9257, 33904, 12279,	16	4	10	sofa bed	0.25	0.25	0.25	19.0	nan	couch, couch, couch, couch, couch, couch, couch, couch, couch, couch, couch, couch, couch, sofa, sofa, sofa, sofa, sofa, sofa	couch, couch, couch, couch, couch, couch, couch, couch, couch, couch, couch, couch, couch, sofa, sofa, sofa, sofa, sofa, sofa	rug	couch	0.684210526	0.684210526	0.106639205	0.106639205	0.775
6076	couch/couch_01b.jpg	couch	couch	couch	couch, couch, couch, sofa bed, sofa bed, sofa bed, sofa bed, bunkbed, sofa bed, sofa bed, sofa bed, sofa bed, couch, sofa bed, bed, sofa bed, sofa bed	6118, 6997, 3309, 3657, 3542, 10478, 5606 11276, 9406, 4146, 9032, 233439, 8165, 2886 7071, 8027, 8534,	17	4	11	sofa bed	0.235294118	0.235294118	0.235294118	18.0	nan	chair, couch, couch, couch, couch, couch, couch, couch, couch, couch, couch, couch, couch, leather sofa, sofa, sofa, sofa, sofa	chair, couch, couch, couch, couch, couch, couch, couch, couch, couch, couch, couch, couch, leather sofa, sofa, sofa, sofa, sofa	bookcase	couch	0.666666667	0.666666667	0.111111111	0.111111111	0.794871795
6083	couch/couch_08n.jpg	couch	couch	couch	sofa bed, sofa bed, sofa bed, couch, sofa bed, sofa bed, sofa bed, sofa bed, sofa bed, couch, sofa bed, sofa bed, sofa bed, couch, sofa bed, sofa bed, couch, sofa bed	3073 3542, 4115, 6930, 7188, 4448, 4026, 8034, 3392, 2500, 19734, 15792, 10639, 4671, 3443, 4712 3002, 3571,	18	4	14	sofa bed	0.222222222	0.222222222	0.222222222	18.0	nan	couch, couch, couch, couch, couch, couch, couch, couch, couch, couch, couch, couch, couch, sofa, sofa, sofa, sofa, sofa	couch, couch, couch, couch, couch, couch, couch, couch, couch, couch, couch, couch, couch, sofa, sofa, sofa, sofa, sofa	pillow	couch	0.722222222	0.722222222	0.105571799	0.105571799	0.731707317
6091	couch/couch_16n.jpg	couch	couch	couch	sofa bed, sofa bed, couch, sofa bed, sofa bed, shaker, bunkbed, sofa bed, sofa bed, sofa bed, sofa bed, couch, sofa bed, couch, sofa bed	29525, 4360, 9861, 66778, 43948, 12689, 5038, 14490, 3606, 5146, 24071, 8986, 9708, 3116 4607,	15	3	10	sofa bed	0.2	0.2	0.2	16.0	nan	couch, couch, couch, couch, couch, couch, couch, couch, couch, couch, couch, couch, couch, sofa, sofa, sofa	couch, couch, couch, couch, couch, couch, couch, couch, couch, couch, couch, couch, couch, sofa, sofa, sofa	frames	couch	0.8125	0.8125	0.097578094	0.097578094	0.837209302
6078	couch/couch_03s.jpg	couch	couch	couch	sofa bed, sofa bed, sofa bed, couch, couch, sofa bed, sofa bed, sofa bed, sofa bed, bunkbed, sofa bed, sofa bed, sofa bed, sofa bed, bed, sofa bed, couch	4437, 6559 7904, 2493 5073, 7129, 5250, 2999, 4419, 5675, 17548, 7204, 6556, 7884 8127, 5363, 6328,	17	3	12	sofa bed	0.176470588	0.176470588	0.176470588	16.0	nan	couch, couch, couch, couch, couch, couch, couch, couch, couch, sectional sofa, sectional sofa, sofa, sofa, sofa, sofa, sofa	couch, couch, couch, couch, couch, couch, couch, couch, couch, sectional sofa, sectional sofa, sofa, sofa, sofa, sofa, sofa	living room	couch	0.5625	0.5625	0.124019593	0.124019593	0.785206259
6089	couch/couch_14n.jpg	couch	couch	couch	sofa bed, sofa bed, sofa bed, couch, sofa bed, sofa bed, sofa bed, couch, couch, sofa bed, sofa bed, sofa bed, sofa bed, sofa bed, sofa bed, sofa bed, sofa bed	3134, 12369, 47142, 6106, 2572, 3378, 134436, 5586, 7095, 2792, 6077, 3912, 21064, 4487, 5404, 7653, 6334,	17	3	14	sofa bed	0.176470588	0.176470588	0.176470588	16.0	nan	couch, couch, couch, couch, couch, couch, couch, couch, couch, love seat, love seat, loveseat, sofa, sofa, sofa, sofa	couch, couch, couch, couch, couch, couch, couch, couch, couch, love seat, love seat, loveseat, sofa, sofa, sofa, sofa	nan	couch	0.5625	0.5625	0.124019593	0.124019593	0.756097561
6077	couch/couch_02s.jpg	couch	couch	couch	sofa bed, sofa bed, couch, sofa bed, sofa bed, couch, couch, sofa bed, sofa bed, sofa bed, sofa bed, sofa bed, sofa bed, sofa bed, sofa bed, sofa bed, sofa bed, sofa bed	5574, 6062, 15960, 5127, 6750, 6839, 52575, 6524, 3306, 7595, 58269, 9993, 57967, 3380, 11726, 7429, 8742 3623,	18	3	15	sofa bed	0.166666667	0.166666667	0.166666667	20.0	nan	couch, couch, couch, couch, couch, couch, couch, couch, couch, couch, leather sofa, living room, sectional, sectional sofa, sectional sofa, sofa, sofa, sofa, sofa, sofa	couch, couch, couch, couch, couch, couch, couch, couch, couch, couch, leather sofa, living room, sectional, sectional sofa, sectional sofa, sofa, sofa, sofa, sofa, sofa	picture	couch	0.5	0.5	0.111803399	0.111803399	0.675
26529	couch.jpg	couch	couch	couch	sofa bed, sofa bed, sofa bed, sofa bed, sofa bed, sofa bed, sofa bed, bus, sofa bed, couch, sofa bed, sofa bed, couch, sofa bed	4435, 21836, 9027, 5154, 7347, 6821, 5550, 4625, 10021 8761, 10744, 9407, 5592, 6348,	14	2	11	sofa bed	0.142857143	0.142857143	0.142857143	nan	nan	nan	nan	nan	nan	nan	nan	nan	nan	nan
6097	couch/couch_22s.jpg	couch	couch	couch	sofa bed, sofa bed, stool (furniture), sofa bed, couch, sofa bed, sofa bed, sofa bed, sofa bed, sofa bed, sofa bed	9514, 4179, 21901, 4887, 3229, 8936, 12637, 5266, 5702, 4223, 11439,	11	1	9	sofa bed	0.090909091	0.090909091	0.090909091	20.0	nan	couch, couch, couch, couch, couch, couch, couch, couch, couch, couch, couch, couch, couch, couch, lamp, love seat, sofa, sofa, sofa, sofa	couch, couch, couch, couch, couch, couch, couch, couch, couch, couch, couch, couch, couch, couch, lamp, love seat, sofa, sofa, sofa, sofa	couch	couch	0.7	0.7	0.102469508	0.102469508	0.6
6092	couch/couch_17s.jpg	couch	couch	couch	sofa bed, couch, sofa bed, sofa bed, sofa bed, sofa bed, sofa bed, stool (furniture), stool (furniture), sofa bed, sofa bed, stool (furniture), sofa bed, sofa bed	13868, 5288, 7766, 16157, 2519, 6473, 43897 7064, 12183 8300, 4847, 22086, 4157, 3310	14	1	10	sofa bed	0.071428571	0.071428571	0.071428571	16.0	nan	couch, couch, couch, couch, couch, couch, couch, couch, couch, love seat, loveseat, sofa, sofa, sofa, sofa, sofa	couch, couch, couch, couch, couch, couch, couch, couch, couch, love seat, loveseat, sofa, sofa, sofa, sofa, sofa	rug	couch	0.5625	0.5625	0.124019593	0.124019593	0.857142857
7270	dolphin/dolphin_11n.jpg	dolphin	dolphin	dolphin	dolphin, dolphin, dolphin, dolphin, dolphin, dolphin, dolphin, dolphin, dolphin, dolphin, dolphin, dolphin, dolphin, dolphin, dolphin	3527, 6392, 2830 145711, 7067, 6083, 4112 21483, 7876, 5433, 10094 3916, 12795 3357, 3033,	15	15	15	dolphin	1.0	1.0	1.0	19.0	nan	dolphin, dolphin, dolphin, dolphin, dolphin, dolphin, dolphin, dolphin, dolphin, dolphin, dolphin, dolphin, dolphin, dolphin, dolphin, dolphin, dolphin, dolphin, dolphin	dolphin, dolphin, dolphin, dolphin, dolphin, dolphin, dolphin, dolphin, dolphin, dolphin, dolphin, dolphin, dolphin, dolphin, dolphin, dolphin, dolphin, dolphin, dolphin	water	dolphin	1.0	1.0	0.0	0.0	0.763157895
7264	dolphin/dolphin_05s.jpg	dolphin	dolphin	dolphin	dolphin, dolphin, dolphin, dolphin, dolphin, dolphin, dolphin, dolphin, dolphin, dolphin, dolphin, dolphin, dolphin	4413, 5021, 4874, 5919, 4310, 5335, 5580, 8604, 3238, 4115, 8230, 5100 3045,	13	13	13	dolphin	1.0	1.0	1.0	18.0	nan	dolphin, dolphin, dolphin, dolphin, dolphin, dolphin, dolphin, dolphin, dolphin, dolphin, dolphin, dolphin, dolphin, dolphin, dolphin, dolphin, dolphin, dolphin	dolphin, dolphin, dolphin, dolphin, dolphin, dolphin, dolphin, dolphin, dolphin, dolphin, dolphin, dolphin, dolphin, dolphin, dolphin, dolphin, dolphin, dolphin	nan	dolphin	1.0	1.0	0.0	0.0	0.780487805
7267	dolphin/dolphin_08s.jpg	dolphin	dolphin	dolphin	dolphin, dolphin, dolphin, dolphin, dolphin, dolphin, dolphin, dolphin, dolphin, dolphin, dolphin, dolphin, dolphin, dolphin, dolphin, dolphin, fish, dolphin	4061 7460 7462, 4059, 10447, 7711, 4072, 2934, 5433, 7302, 2055, 18719 5028, 2638, 21661, 2833 6119, 3040,	18	17	17	dolphin	0.944444444	0.944444444	0.944444444	19.0	nan	dolphin, dolphin, dolphin, dolphin, dolphin, dolphin, dolphin, dolphin, dolphin, dolphin, dolphin, dolphin, dolphin, dolphin, dolphin, dolphin, dolphin, porpoise, whale	dolphin, dolphin, dolphin, dolphin, dolphin, dolphin, dolphin, dolphin, dolphin, dolphin, dolphin, dolphin, dolphin, dolphin, dolphin, dolphin, dolphin, porpoise, whale	water	dolphin	0.894736842	0.894736842	0.0704059	0.0704059	0.829268293
7271	dolphin/dolphin_12s.jpg	dolphin	dolphin	dolphin	dolphin, dolphin, dolphin, dolphin, dolphin, dolphin, dolphin, dolphin, dolphin, dolphin, dolphin, shark, dolphin, dolphin, dolphin, dolphin	5526, 4823, 5278, 2703, 7495, 7683, 8865, 2902, 2745, 7770, 6305, 5104, 4529, 3289, 3046, 4748,	16	15	15	dolphin	0.9375	0.9375	0.9375	18.0	nan	dolphin, dolphin, dolphin, dolphin, dolphin, dolphin, dolphin, dolphin, dolphin, dolphin, dolphin, dolphin, dolphin, dolphin, dolphin, dolphin, dolphin, dolphin	dolphin, dolphin, dolphin, dolphin, dolphin, dolphin, dolphin, dolphin, dolphin, dolphin, dolphin, dolphin, dolphin, dolphin, dolphin, dolphin, dolphin, dolphin	ocean	dolphin	1.0	1.0	0.0	0.0	0.794871795
7263	dolphin/dolphin_04s.jpg	dolphin	dolphin	dolphin	dolphin, dolphin, dolphin, dolphin, dolphin, dolphin, dolphin, fishbowl, dolphin, dolphin, dolphin, dolphin, dolphin, dolphin, dolphin, dolphin	3946, 3706, 12060, 7823, 4099, 19661, 4661, 6166, 4277, 4695, 5103, 5514, 7333, 4218, 4936, 3916,	16	15	15	dolphin	0.9375	0.9375	0.9375	18.0	nan	dolphin, dolphin, dolphin, dolphin, dolphin, dolphin, dolphin, dolphin, dolphin, dolphin, dolphin, dolphin, dolphin, dolphin, dolphin, dolphin, dolphin, shark	dolphin, dolphin, dolphin, dolphin, dolphin, dolphin, dolphin, dolphin, dolphin, dolphin, dolphin, dolphin, dolphin, dolphin, dolphin, dolphin, dolphin, shark	ocean	dolphin	0.944444444	0.944444444	0.053990295	0.053990295	0.825
7273	dolphin/dolphin_14s.jpg	dolphin	dolphin	dolphin	dolphin, dolphin, dolphin, dolphin, whale, dolphin, dolphin, dolphin, dolphin, dolphin, dolphin, dolphin, dolphin, dolphin	9960, 4721, 4865, 6983, 13413, 9283 4774 8916, 4517, 6528, 5471, 4010, 3467, 3698,	14	13	13	dolphin	0.928571429	0.928571429	0.928571429	19.0	nan	dolphin, dolphin, dolphin, dolphin, dolphin, dolphin, dolphin, dolphin, dolphin, dolphin, dolphin, dolphin, dolphin, dolphin, dolphin, dolphin, dolphin, dolphin, dolphin	dolphin, dolphin, dolphin, dolphin, dolphin, dolphin, dolphin, dolphin, dolphin, dolphin, dolphin, dolphin, dolphin, dolphin, dolphin, dolphin, dolphin, dolphin, dolphin	water	dolphin	1.0	1.0	0.0	0.0	0.846153846
7265	dolphin/dolphin_06s.jpg	dolphin	dolphin	dolphin	dolphin, dolphin, fish, dolphin, dolphin, dolphin, dolphin, dolphin, dolphin, dolphin, dolphin, dolphin, dolphin, dolphin	5688, 19122, 10254, 6444 8945 4560, 10063, 8368, 7136, 4938, 10650, 15766, 4157, 3339,	14	13	13	dolphin	0.928571429	0.928571429	0.928571429	17.0	nan	dolphin, dolphin, dolphin, dolphin, dolphin, dolphin, dolphin, dolphin, dolphin, dolphin, dolphin, dolphin, dolphin, dolphin, dolphin, dolphin, dolphin	dolphin, dolphin, dolphin, dolphin, dolphin, dolphin, dolphin, dolphin, dolphin, dolphin, dolphin, dolphin, dolphin, dolphin, dolphin, dolphin, dolphin	water	dolphin	1.0	1.0	0.0	0.0	0.846153846
7260	dolphin/dolphin_01b.jpg	dolphin	dolphin	dolphin	dolphin, dolphin, dollhouse, dolphin, dolphin, dolphin, dolphin, dolphin, dolphin, dolphin, dolphin, dolphin, dolphin, dolphin	4224, 17977, 11936, 4248, 4457, 8595, 29384, 9877, 6866, 4710, 5071, 27935, 4148, 6247,	14	13	13	dolphin	0.928571429	0.928571429	0.928571429	20.0	nan	dolphin, dolphin, dolphin, dolphin, dolphin, dolphin, dolphin, dolphin, dolphin, dolphin, dolphin, dolphin, dolphin, dolphin, dolphin, dolphin, dolphin, dolphin, dolphin, porpoise	dolphin, dolphin, dolphin, dolphin, dolphin, dolphin, dolphin, dolphin, dolphin, dolphin, dolphin, dolphin, dolphin, dolphin, dolphin, dolphin, dolphin, dolphin, dolphin, porpoise	water	dolphin	0.95	0.95	0.048733972	0.048733972	0.738095238
7262	dolphin/dolphin_03n.jpg	dolphin	dolphin	dolphin	dolphin, dolphin, dolphin, dolphin, dolphin, boat, dolphin, dolphin, dolphin, dolphin, dolphin, dolphin, dolphin	2716, 7058 5452, 3641, 5526, 29146, 7094, 3955, 3894, 4308, 6214, 5439, 24032,	13	12	12	dolphin	0.923076923	0.923076923	0.923076923	20.0	nan	boat, dolphin, dolphin, dolphin, dolphin, dolphin, dolphin, dolphin, dolphin, dolphin, dolphin, dolphin, dolphin, dolphin, dolphin, dolphin, dolphin, dolphin, dolphin, porpoise	boat, dolphin, dolphin, dolphin, dolphin, dolphin, dolphin, dolphin, dolphin, dolphin, dolphin, dolphin, dolphin, dolphin, dolphin, dolphin, dolphin, dolphin, dolphin, porpoise	boat	dolphin	0.9	0.9	0.067082039	0.067082039	0.897435897
7261	dolphin/dolphin_02s.jpg	dolphin	dolphin	dolphin	dolphin, dolphin, dolphin, whale, dolphin, dolphin, dolphin, dolphin, dolphin, dolphin, dolphin, dolphin	4645, 5145, 4100, 4513, 2373, 8774, 31007, 7621, 59523, 3340, 5344 6224,	12	11	11	dolphin	0.916666667	0.916666667	0.916666667	18.0	nan	dalfin, dolphin, dolphin, dolphin, dolphin, dolphin, dolphin, dolphin, dolphin, dolphin, dolphin, dolphin, dolphin, dolphin, dolphin, dolphin, dolphin, porpoise	dalfin, dolphin, dolphin, dolphin, dolphin, dolphin, dolphin, dolphin, dolphin, dolphin, dolphin, dolphin, dolphin, dolphin, dolphin, dolphin, dolphin, porpoise	dalfin	dolphin	0.888888889	0.888888889	0.074074074	0.074074074	0.75
7268	dolphin/dolphin_09n.jpg	dolphin	dolphin	dolphin	dolphin, dolphin, dolphin, seafood, dolphin, dolphin, dolphin, dolphin, dolphin, dolphin, dolphin, dolphin, whale, dolphin, dolphin, dolphin, dolphin, dolphin, dolphin, dolphin, dolphin	5073, 10043, 13530, 72153, 3890, 7215, 5753, 7501, 29533, 7879, 5221, 4387, 3818, 12064 6005, 3550, 7023, 6228, 3399, 2795, 3287	21	19	19	dolphin	0.904761905	0.904761905	0.904761905	17.0	nan	dolphin, dolphin, dolphin, dolphin, dolphin, dolphin, dolphin, dolphin, dolphin, dolphin, dolphin, dolphin, dolphin, dolphin, dolphin, dolphin, dolphin	dolphin, dolphin, dolphin, dolphin, dolphin, dolphin, dolphin, dolphin, dolphin, dolphin, dolphin, dolphin, dolphin, dolphin, dolphin, dolphin, dolphin	water	dolphin	1.0	1.0	0.0	0.0	0.75
7272	dolphin/dolphin_13s.jpg	dolphin	dolphin	dolphin	whale, dolphin, dolphin, fish, dolphin, dolphin, dolphin, dolphin, dolphin, dolphin, dolphin, dolphin, dolphin, dolphin	4207, 6553, 3586, 5751, 4773, 3269, 3704, 13695, 3694, 9264, 5854, 3205, 6429, 36348,	14	12	12	dolphin	0.857142857	0.857142857	0.857142857	19.0	nan	dolphin, dolphin, dolphin, dolphin, dolphin, dolphin, dolphin, dolphin, dolphin, dolphin, dolphin, dolphin, dolphin, dolphin, dolphin, dolphin, dolphin, dolphin, dolphin	dolphin, dolphin, dolphin, dolphin, dolphin, dolphin, dolphin, dolphin, dolphin, dolphin, dolphin, dolphin, dolphin, dolphin, dolphin, dolphin, dolphin, dolphin, dolphin	ocean	dolphin	1.0	1.0	0.0	0.0	0.926829268
7266	dolphin/dolphin_07s.jpg	dolphin	dolphin	dolphin	fish, dolphin, dolphin, dolphin, dolphin, dolphin, dolphin, dolphin, dolphin, fish, dolphin, dolphin	6255, 7294, 4195 5254, 2581, 6652, 21033, 3288, 102171, 4724, 4630, 4415,	12	10	10	dolphin	0.833333333	0.833333333	0.833333333	19.0	nan	dolphin, dolphin, dolphin, dolphin, dolphin, dolphin, dolphin, dolphin, dolphin, dolphin, dolphin, dolphin, dolphin, dolphin, dolphin, dolphin, dolphin, dolphin, porpoise	dolphin, dolphin, dolphin, dolphin, dolphin, dolphin, dolphin, dolphin, dolphin, dolphin, dolphin, dolphin, dolphin, dolphin, dolphin, dolphin, dolphin, dolphin, porpoise	sea	dolphin	0.947368421	0.947368421	0.051227817	0.051227817	0.85
26609	dolphin.jpg	dolphin	dolphin	dolphin	dolphin, dolphin, dolphin, dolphin, shark, dolphin, whale, dolphin, dolphin, dolphin, dolphin, dolphin, whale	3844 17838, 10633, 3364, 9974, 8064, 30687, 5589, 11353 37135 4567, 26105, 10901,	13	10	10	dolphin	0.769230769	0.769230769	0.769230769	nan	nan	nan	nan	nan	nan	nan	nan	nan	nan	nan
7269	dolphin/dolphin_10s.jpg	dolphin	dolphin	dolphin	dolphin, dolphin, dolphin, dolphin, fish, dolphin, dolphin, fish, fish, whale, fish, dolphin, fish, dolphin	6250, 4497, 11321 5089, 16420, 3379, 4939, 30478, 8445, 6555, 4924, 3432, 9572, 6886	14	8	8	dolphin	0.571428571	0.571428571	0.571428571	18.0	nan	dolphin, dolphin, dolphin, dolphin, dolphin, dolphin, dolphin, dolphin, dolphin, dolphin, dolphin, dolphin, fish, fish, porpoise, porpoise, rr, shark	dolphin, dolphin, dolphin, dolphin, dolphin, dolphin, dolphin, dolphin, dolphin, dolphin, dolphin, dolphin, fish, fish, porpoise, porpoise, rr, shark	water	dolphin	0.666666667	0.666666667	0.111111111	0.111111111	0.85
7535	dress/dress_10s.jpg	dress	dress	dress	dress, dress, dress, dress, dress, dress, dress, dress, dress, dress, dress, dress, dress, dress, dress, dress, dress, dress	4396, 6260, 2593, 2569 5117 4857 51650 4827 8084, 9971 13202, 121053, 3482, 10966, 10383, 2292, 4903, 3123,	18	18	18	dress	1.0	1.0	1.0	18.0	nan	dress, dress, dress, dress, dress, dress, dress, dress, dress, dress, dress, dress, dress, dress, dress, dress, dress, dress	dress, dress, dress, dress, dress, dress, dress, dress, dress, dress, dress, dress, dress, dress, dress, dress, dress, dress	mannequin	dress	1.0	1.0	0.0	0.0	0.731707317
7532	dress/dress_07s.jpg	dress	dress	dress	dress, dress, dress, dress, dress, dress, dress, dress, dress, dress, dress, dress	2670, 3358, 4207, 6240, 36256, 2697, 5108, 6194, 4902, 3564, 2924, 2480,	12	12	12	dress	1.0	1.0	1.0	20.0	nan	dress, dress, dress, dress, dress, dress, dress, dress, dress, dress, dress, dress, dress, dress, dress, dress, dress, dress, dress, dress	dress, dress, dress, dress, dress, dress, dress, dress, dress, dress, dress, dress, dress, dress, dress, dress, dress, dress, dress, dress	pearl necklace	dress	1.0	1.0	0.0	0.0	0.868421053
7537	dress/dress_12s.jpg	dress	dress	dress	dress, dress, dress, dress, dress, dress, dress, dress, dress, dress, dress, dress, dress, dress, dress, dress, dress	2905, 10734, 3916, 8326, 56464, 30306, 5430 2996, 2059, 5474, 3321, 4031, 19803, 24518, 9371, 2591, 35363,	17	17	17	dress	1.0	1.0	1.0	18.0	nan	dress, dress, dress, dress, dress, dress, dress, dress, dress, dress, dress, dress, dress, dress, dress, jumper, jumper, kids outfit	dress, dress, dress, dress, dress, dress, dress, dress, dress, dress, dress, dress, dress, dress, dress, jumper, jumper, kids outfit	hanger	dress	0.833333333	0.833333333	0.087841046	0.087841046	0.756097561
7531	dress/dress_06s.jpg	dress	dress	dress	dress, dress, dress, dress, dress, dress, dress, dress, dress, dress, dress, dress, dress, dress	49551, 3952, 3109, 14178, 4290, 5944, 26096 9744, 8948, 6874, 2363, 4295, 3455 3480,	14	14	14	dress	1.0	1.0	1.0	17.0	nan	ballgown, dress, dress, dress, dress, dress, dress, dress, dress, dress, dress, gown, gown, gown, gown, gown, gown	ballgown, dress, dress, dress, dress, dress, dress, dress, dress, dress, dress, gown, gown, gown, gown, gown, gown	dress bust	dress	0.588235294	0.588235294	0.119364625	0.119364625	0.820512821
26625	dress.jpg	dress	dress	dress	dress, dress, dress, dress, dress, dress, dress, dress, dress, dress, dress, dress, dress, dress, dress, dress	4186, 4391, 4871, 6727, 3536, 9258, 3351, 8073, 6857, 3082, 3849, 4159, 5301, 2398, 3262, 3706,	16	16	16	dress	1.0	1.0	1.0	nan	nan	nan	nan	nan	nan	nan	nan	nan	nan	nan
7538	dress/dress_13s.jpg	dress	dress	dress	dress, dress, dress, dress, dress, dress, dress, dress, dress, dress, dress, dress, dress, dress, dreidel, dress, dress	33890, 2500, 3380, 25622, 6033, 4320, 2580, 2711, 1867, 7172, 3296, 7257, 2509, 3505, 4597 6183 4600,	17	16	16	dress	0.941176471	0.941176471	0.941176471	19.0	nan	dress, dress, dress, dress, dress, dress, dress, dress, dress, dress, dress, dress, dress, dress, dress, dress, dress, dress, make	dress, dress, dress, dress, dress, dress, dress, dress, dress, dress, dress, dress, dress, dress, dress, dress, dress, dress, make	polka dots	dress	0.947368421	0.947368421	0.051227817	0.051227817	0.810810811
7528	dress/dress_03s.jpg	dress	dress	dress	dress, dress, dress, dress, dress, dress, dress, dress, dress, dress, dress, dress, dress, dress, sweatsuit, dress	61207, 3955, 2338, 5435, 2332, 3035, 4643, 27739, 5467, 4717, 4886, 4812, 4588, 5960, 14031, 3589,	16	15	15	dress	0.9375	0.9375	0.9375	19.0	nan	dress, dress, dress, dress, dress, dress, dress, dress, dress, dress, dress, dress, dress, dress, dress, dress, dress, dress, summer gown	dress, dress, dress, dress, dress, dress, dress, dress, dress, dress, dress, dress, dress, dress, dress, dress, dress, dress, summer gown	mannequin	dress	0.947368421	0.947368421	0.051227817	0.051227817	0.790697674
7533	dress/dress_08s.jpg	dress	dress	dress	dress, dress, dress, dress, dress, dress, blueberry, dress, dress, dress, dress, dress, dress, dress, dress, dress	4669 6512, 84096, 5158, 33258, 7190, 8245, 21472, 61686, 4730, 6033, 8407, 78817, 6314, 2705, 6987,	16	15	15	dress	0.9375	0.9375	0.9375	19.0	nan	ball gown, dress, dress, dress, dress, dress, dress, dress, dress, dress, dress, formal gown, gown, gown, gown, gown, gown, gown, gown	ball gown, dress, dress, dress, dress, dress, dress, dress, dress, dress, dress, formal gown, gown, gown, gown, gown, gown, gown, gown	yellow wall	dress	0.526315789	0.526315789	0.114548882	0.114548882	0.829268293
7529	dress/dress_04s.jpg	dress	dress	dress	dress, dress, dress, dress, dress, dress, dress, skirt, dress, dress, dress, dress, dress, dress, dress	20295, 4585, 9015, 5731, 4338, 5078, 7594, 14899, 3843, 3672, 7668, 6185, 2416, 3439, 4620,	15	14	14	dress	0.933333333	0.933333333	0.933333333	19.0	nan	dress, dress, dress, dress, dress, dress, dress, dress, dress, dress, dress, dress, dress, dress, dress, dress, dress, dress, jumper	dress, dress, dress, dress, dress, dress, dress, dress, dress, dress, dress, dress, dress, dress, dress, dress, dress, dress, jumper	person	dress	0.947368421	0.947368421	0.051227817	0.051227817	0.76744186
7530	dress/dress_05s.jpg	dress	dress	dress	dress, dress, dress, dress, dress, dress, dress, dress, dress, doll, dress, dress	11938, 3430, 7724, 4147 3044, 4189, 3251, 6583, 3810, 4192, 5753, 3047,	12	11	11	dress	0.916666667	0.916666667	0.916666667	18.0	nan	dress, dress, dress, dress, dress, dress, dress, dress, dress, dress, dress, dress, dress, dress, dress, halter neck, mannequin, womens outfit	dress, dress, dress, dress, dress, dress, dress, dress, dress, dress, dress, dress, dress, dress, dress, halter neck, mannequin, womens outfit	mannequin	dress	0.833333333	0.833333333	0.087841046	0.087841046	0.837209302
7534	dress/dress_09s.jpg	dress	dress	dress	dress, dress, dress, dress, dress, dress, frog, dress, dress, dress, dress, dress, dress, clothes, dress, dress, dress	5407, 3626, 9534, 4087, 9879, 144696, 10227, 3508, 5110, 5532, 8486, 4047, 3122, 5092, 5541, 8295, 3438,	17	15	15	dress	0.882352941	0.882352941	0.882352941	17.0	nan	dress, dress, dress, dress, dress, dress, dress, dress, dress, dress, dress, dress, dress, dress, dress, dress, mannequin	dress, dress, dress, dress, dress, dress, dress, dress, dress, dress, dress, dress, dress, dress, dress, dress, mannequin	dress bust	dress	0.941176471	0.941176471	0.057067206	0.057067206	0.75
7536	dress/dress_11s.jpg	dress	dress	dress	dress, dress, dress, dress, dress, dress, dress, dress, dress, dress, dress, dress, ready meal, frog, dress, dress, dress	28737, 10114, 5709, 12301, 87194, 4071, 6457, 64165, 4662, 6693 2761, 5842, 186442, 5644, 4483, 4238, 5574,	17	15	15	dress	0.882352941	0.882352941	0.882352941	20.0	nan	ball gown, ballgown, dress, dress, dress, dress, dress, dress, dress, dress, dress, dress, dress, dress, formal gown, gown, gown, gown, gown, gown	ball gown, ballgown, dress, dress, dress, dress, dress, dress, dress, dress, dress, dress, dress, dress, formal gown, gown, gown, gown, gown, gown	dress	dress	0.6	0.6	0.109544512	0.109544512	0.769230769
7527	dress/dress_02s.jpg	dress	dress	dress	dress, dress, dress, dress, dress, mannequin, dress, dress, woman, dress, clothes, dress	5245 6573, 6472, 5101, 7380, 7207, 3124, 5892, 13084, 56866, 7952, 3966,	12	9	9	dress	0.75	0.75	0.75	17.0	nan	dress, dress, dress, dress, dress, dress, dress, dress, dress, dress, dress, dress, dress, dress, dress, dress, mannequin	dress, dress, dress, dress, dress, dress, dress, dress, dress, dress, dress, dress, dress, dress, dress, dress, mannequin	dress form	dress	0.941176471	0.941176471	0.057067206	0.057067206	0.829268293
7526	dress/dress_01b.jpg	dress	dress	dress	dress, dress, dress, dress, clothes, dress, dress, dress, dress, cloak, clothes, dress	63110, 2243, 5800, 3690 7150, 3463 7903, 7140, 2511, 5915, 14344, 4157,	12	9	9	dress	0.75	0.75	0.75	20.0	nan	black skirt, cape, dress, dress, dress, dress, dress, dress, dress, dress, dress, dress, dress, dress, dress, dress, dress, dress, dress, dress	black skirt, cape, dress, dress, dress, dress, dress, dress, dress, dress, dress, dress, dress, dress, dress, dress, dress, dress, dress, dress	green tag	dress	0.9	0.9	0.067082039	0.067082039	0.756097561
8628	firetruck/firetruck_04s.jpg	firetruck	firetruck	firetruck	firetruck, firetruck, firetruck, firetruck, firetruck, firetruck, firetruck, firetruck, firetruck, firetruck, firetruck, truck, firetruck, firetruck, firetruck	6043, 8978 7815, 9044, 9927, 6877, 29773 6528, 4541, 5429 10667, 12566 7346, 89632 4876,	15	14	14	firetruck	0.933333333	0.933333333	0.933333333	19.0	nan	fire engine, fire engine, fire truck, fire truck, fire truck, fire truck, fire truck, fire truck, fire truck, fire truck, fire truck, fire truck, fire truck, firetruck, firetruck, firetruck, firetruck, firetruck, firetruck	fire engine, fire engine, fire truck, fire truck, fire truck, fire truck, fire truck, fire truck, fire truck, fire truck, fire truck, fire truck, fire truck, firetruck, firetruck, firetruck, firetruck, firetruck, firetruck	nan	fire truck	0.578947368	0.315789474	0.106639205	0.113268966	0.780487805
8634	firetruck/firetruck_10s.jpg	firetruck	firetruck	firetruck	firetruck, firetruck, firetruck, firetruck, firetruck, firetruck, firetruck, firetruck, firetruck, truck, bus, firetruck, firetruck, firetruck	3985, 3730, 3690, 4163, 7645, 9858 7339, 11099, 3863, 4829, 4918, 8151, 6653, 7067,	14	12	12	firetruck	0.857142857	0.857142857	0.857142857	17.0	nan	fire engine, fire engine, fire truck, fire truck, fire truck, fire truck, fire truck, fire truck, firetruck, firetruck, firetruck, firetruck, firetruck, firetruck, firetruck, firetruck, firetruck	fire engine, fire engine, fire truck, fire truck, fire truck, fire truck, fire truck, fire truck, firetruck, firetruck, firetruck, firetruck, firetruck, firetruck, firetruck, firetruck, firetruck	headlights	firetruck	0.529411765	0.529411765	0.121057825	0.121057825	0.833333333
8632	firetruck/firetruck_08s.jpg	firetruck	firetruck	firetruck	firetruck, firetruck, firetruck, firetruck, firetruck, bus, firetruck, firetruck, firetruck, fire hydrant, firetruck, firetruck, firetruck	10569, 4207, 4059, 4347, 3292, 4163, 5520, 5693 98956, 3145, 92221, 7230, 6412,	13	11	11	firetruck	0.846153846	0.846153846	0.846153846	16.0	nan	fire truck, fire truck, fire truck, fire truck, fire truck, fire truck, fire truck, fire truck, fire truck, firetruck, firetruck, firetruck, firetruck, firetruck, firetruck, firetruck	fire truck, fire truck, fire truck, fire truck, fire truck, fire truck, fire truck, fire truck, fire truck, firetruck, firetruck, firetruck, firetruck, firetruck, firetruck, firetruck	nan	fire truck	0.5625	0.4375	0.124019593	0.124019593	0.775
26703	firetruck.jpg	firetruck	firetruck	firetruck	firetruck, firetruck, firetruck, firetruck, firetruck, bus, bus, firetruck, firetruck, firetruck, firetruck, fire pit, firetruck, firetruck, firetruck, firetruck, firetruck, firetruck	5578, 5231, 6029, 18621, 25966, 5308, 3893, 5426, 14414 20870, 12512 6404, 36706, 41525 4769, 3547, 5680, 3591,	18	15	15	firetruck	0.833333333	0.833333333	0.833333333	nan	nan	nan	nan	nan	nan	nan	nan	nan	nan	nan
8627	firetruck/firetruck_03s.jpg	firetruck	firetruck	firetruck	ladder, firetruck, firetruck, firetruck, engine, firetruck, firetruck, truck, firetruck, firetruck, firetruck, firetruck, firetruck, firetruck, firetruck	38444, 4704, 8815, 18679, 30824, 66167, 4185, 122961, 6591, 6153 7509, 11071 6236 7759, 2762,	15	12	12	firetruck	0.8	0.8	0.8	19.0	nan	fire truck, fire truck, fire truck, fire truck, fire truck, fire truck, fire truck, fire truck, fire truck, fire truck, fire truck, fire truck, fire truck, firetruck, firetruck, firetruck, firetruck, firetruck, truck	fire truck, fire truck, fire truck, fire truck, fire truck, fire truck, fire truck, fire truck, fire truck, fire truck, fire truck, fire truck, fire truck, firetruck, firetruck, firetruck, firetruck, firetruck, truck	brick building	fire truck	0.684210526	0.263157895	0.101022618	0.106639205	0.725
8635	firetruck/firetruck_11s.jpg	firetruck	firetruck	firetruck	firetruck, truck, firetruck, firetruck, firetruck, firetruck, firetruck, firetruck, firetruck, fire hydrant, bus, firetruck, firetruck, firetruck	20824, 10519, 10739, 8623, 6675, 29606, 12538, 34621 6759, 8775 4663, 4093, 5836, 5200,	14	11	11	firetruck	0.785714286	0.785714286	0.785714286	17.0	nan	bus, bus, fire service, fire truck, fire truck, fire truck, fire truck, fire truck, fire truck, fire truck, fire truck, fire truck, fire truck, firetruck, firetruck, firetruck, firetruck	bus, bus, fire service, fire truck, fire truck, fire truck, fire truck, fire truck, fire truck, fire truck, fire truck, fire truck, fire truck, firetruck, firetruck, firetruck, firetruck	human	fire truck	0.588235294	0.235294118	0.102879368	0.119364625	0.780487805
8633	firetruck/firetruck_09s.jpg	firetruck	firetruck	firetruck	firetruck, engine, firetruck, firetruck, firetruck, van, firetruck, firetruck, firetruck, firetruck, firetruck, engine, road sweeper (vehicle), firetruck, firetruck, firetruck	5137, 81846, 10663, 17880, 4747, 34261, 6884 6845, 6279, 4725, 111194, 47406, 25156, 6272, 5949, 29420,	16	12	12	firetruck	0.75	0.75	0.75	19.0	nan	bus, fire engine, fire truck, fire truck, fire truck, fire truck, fire truck, fire truck, fire truck, fire truck, firetruck, firetruck, firetruck, firetruck, firetruck, firetruck, firetruck, firetruck, for outdoor	bus, fire engine, fire truck, fire truck, fire truck, fire truck, fire truck, fire truck, fire truck, fire truck, firetruck, firetruck, firetruck, firetruck, firetruck, firetruck, firetruck, firetruck, for outdoor	firefighters	fire truck	0.421052632	0.421052632	0.113268966	0.113268966	0.725
8630	firetruck/firetruck_06s.jpg	firetruck	firetruck	firetruck	firetruck, firetruck, firetruck, firetruck, firetruck, firetruck, firetruck, firecracker, bus, firetruck, firetruck, firetruck, firecracker, ladder, firetruck	4572, 7215, 5070, 6812, 4370, 9997, 36382, 4971 10363, 9999 7050 3005, 8549 6634, 5103,	15	11	11	firetruck	0.733333333	0.733333333	0.733333333	17.0	nan	fire car, fire engine, fire engine, fire truck, fire truck, fire truck, fire truck, fire truck, fire truck, fire truck, fire truck, fire truck, firetruck, firetruck, firetruck, firetruck, firetruck	fire car, fire engine, fire engine, fire truck, fire truck, fire truck, fire truck, fire truck, fire truck, fire truck, fire truck, fire truck, firetruck, firetruck, firetruck, firetruck, firetruck	trees	fire truck	0.529411765	0.294117647	0.110510169	0.121057825	0.837209302
8625	firetruck/firetruck_01b.jpg	firetruck	firetruck	firetruck	firetruck, firetruck, firetruck, firetruck, firetruck, firetruck, firetruck, truck, fire alarm, truck, firetruck, fire, firetruck	10027, 8141, 10829, 8572, 10643, 8752 4270, 4007, 6999, 5220, 4205, 215094, 83991,	13	9	9	firetruck	0.692307692	0.692307692	0.692307692	19.0	nan	emergency, fire engine, fire truck, fire truck, fire truck, fire truck, fire truck, fire truck, fire truck, fire truck, firetruck, firetruck, firetruck, firetruck, firetruck, firetruck, firetruck, ladder truck, vehicle	emergency, fire engine, fire truck, fire truck, fire truck, fire truck, fire truck, fire truck, fire truck, fire truck, firetruck, firetruck, firetruck, firetruck, firetruck, firetruck, firetruck, ladder truck, vehicle	street	fire truck	0.421052632	0.368421053	0.110664733	0.113268966	0.790697674
8636	firetruck/firetruck_12s.jpg	firetruck	firetruck	firetruck	firetruck, truck, firetruck, firetruck, firetruck, firetruck, firetruck, firetruck, truck, truck, firetruck, firetruck, truck, bus, firetruck, firetruck	4464, 11501, 117543, 5237, 12582, 3385, 2889 7851, 7060, 22766, 16117, 8475 118687, 3548, 21536, 3024,	16	11	11	firetruck	0.6875	0.6875	0.6875	17.0	nan	fire engine, fire engine, fire truck, fire truck, fire truck, fire truck, fire truck, fire truck, fire truck, fire truck, fire truck, firetruck, firetruck, firetruck, firetruck, firetruck, truck	fire engine, fire engine, fire truck, fire truck, fire truck, fire truck, fire truck, fire truck, fire truck, fire truck, fire truck, firetruck, firetruck, firetruck, firetruck, firetruck, truck	nan	fire truck	0.529411765	0.294117647	0.110510169	0.121057825	0.790697674
8629	firetruck/firetruck_05s.jpg	firetruck	firetruck	firetruck	firetruck, firetruck, bus, firetruck, firetruck, firetruck, firetruck, road sweeper (vehicle), bus, firetruck, fire hydrant, firetruck, firetruck, fire hydrant, firetruck	9186, 4886 25533, 23735, 8823 7636, 12175, 7975, 4551, 23145, 9095 3815, 8091, 4444, 16862	15	10	10	firetruck	0.666666667	0.666666667	0.666666667	20.0	nan	fire engine, fire engine, fire engine, fire engine, fire engine, fire truck, fire truck, fire truck, fire truck, fire truck, fire truck, fire truck, fire truck, fire truck, firetruck, firetruck, firetruck, firetruck, firetruck, firetruck	fire engine, fire engine, fire engine, fire engine, fire engine, fire truck, fire truck, fire truck, fire truck, fire truck, fire truck, fire truck, fire truck, fire truck, firetruck, firetruck, firetruck, firetruck, firetruck, firetruck	nan	fire truck	0.45	0.3	0.102469508	0.111242977	0.897435897
8626	firetruck/firetruck_02s.jpg	firetruck	firetruck	firetruck	firetruck, firetruck, truck, truck, bus, firetruck, bus, firetruck, firetruck, firetruck, firetruck, firetruck, firetruck, truck	13717, 6454, 13495, 3214 6771, 40933, 12892, 7113, 12348, 9463, 4495, 19177, 4217, 24309	14	9	9	firetruck	0.642857143	0.642857143	0.642857143	17.0	nan	bus, bus, fire engine, fire engine, fire truck, fire truck, fire truck, fire truck, fire truck, fire truck, fire truck, fire truck, fire truck, firetruck, firetruck, firetruck, firetruck	bus, bus, fire engine, fire engine, fire truck, fire truck, fire truck, fire truck, fire truck, fire truck, fire truck, fire truck, fire truck, firetruck, firetruck, firetruck, firetruck	building	fire truck	0.529411765	0.235294118	0.102879368	0.121057825	0.72972973
8631	firetruck/firetruck_07s.jpg	firetruck	firetruck	firetruck	fire, firetruck, firetruck, road sweeper (vehicle), bus, firetruck, firetruck, firetruck, poker (fire rake), firetruck, bus, firetruck	36588, 5645, 3764, 12846, 11759, 3237, 24924, 5343, 66101, 15724 3713, 5234,	12	7	7	firetruck	0.583333333	0.583333333	0.583333333	16.0	nan	bus, fire engine, fire engine, fire engine, fire truck, fire truck, fire truck, fire truck, fire truck, fire truck, firefighter, firetruck, firetruck, firetruck, firetruck, van	bus, fire engine, fire engine, fire engine, fire truck, fire truck, fire truck, fire truck, fire truck, fire truck, firefighter, firetruck, firetruck, firetruck, firetruck, van	road	fire truck	0.375	0.25	0.108253175	0.12103073	0.739130435
8685	fish/fish_03s.jpg	fish	fish	fish	fish, fish, fish, fish, fish, fish, fish, fish, fish, fish, fish, fish, fish, fish, fish, fish, fish, fish	5161, 60415, 3197, 8601, 8207, 5770, 14164, 5288, 3878, 3850, 5079, 7807, 3737, 8807, 3025, 43209, 2630, 6507,	18	18	18	fish	1.0	1.0	1.0	18.0	nan	fish, fish, fish, fish, fish, fish, fish, fish, fish, fish, fish, fish, fish, fish, fish, fish, fish, fish	fish, fish, fish, fish, fish, fish, fish, fish, fish, fish, fish, fish, fish, fish, fish, fish, fish, fish	water	fish	1.0	1.0	0.0	0.0	0.853658537
8689	fish/fish_07s.jpg	fish	fish	fish	fish, fish, fish, fish, fish, fish, fish, fish, fish, fish, fish, fish, fish, fish, fish, fish, fish	7494, 6751, 4712, 5483, 4545, 3159, 9779, 9979, 8062, 4296, 4968, 6017, 11651, 3306, 3065, 2680, 13493,	17	17	17	fish	1.0	1.0	1.0	19.0	nan	fish, fish, fish, fish, fish, fish, fish, fish, fish, fish, fish, fish, fish, fish, fish, fish, fish, fish, fish	fish, fish, fish, fish, fish, fish, fish, fish, fish, fish, fish, fish, fish, fish, fish, fish, fish, fish, fish	floor	fish	1.0	1.0	0.0	0.0	0.853658537
8683	fish/fish_01b.jpg	fish	fish	fish	fish, fish, fish, fish, fish, fish, fish, fish, fish, fish, fish, fish, fish, fish	7863, 3688 3031, 19793, 7577, 5691, 6479, 4070, 6633 3500 11157, 5220, 3966, 2677	14	14	14	fish	1.0	1.0	1.0	16.0	nan	fish, fish, fish, fish, fish, fish, fish, fish, fish, fish, fish, fish, fish, fish, fish, fish	fish, fish, fish, fish, fish, fish, fish, fish, fish, fish, fish, fish, fish, fish, fish, fish	nan	fish	1.0	1.0	0.0	0.0	0.794871795
8695	fish/fish_13s.jpg	fish	fish	fish	fish, fish, fish, fish, fish, fish, fish, fish, fish, fish, fish, fish, fish, fish	5390, 2156, 5846, 2942, 3589, 23249, 6168, 6943 12065, 9050, 3487, 4567, 5386, 3280,	14	14	14	fish	1.0	1.0	1.0	15.0	nan	fish, fish, fish, fish, fish, fish, fish, fish, fish, fish, fish, fish, fish, fish, fish	fish, fish, fish, fish, fish, fish, fish, fish, fish, fish, fish, fish, fish, fish, fish	coral	fish	1.0	1.0	0.0	0.0	0.804878049
8694	fish/fish_12s.jpg	fish	fish	fish	fish, fish, fish, fish, fish, fish, fish, fish, fish, fish, fish, fish, fish	2711 7294, 11658, 4684, 6590, 3312, 4775, 4158, 3019, 8256, 4146, 3762, 7953	13	13	13	fish	1.0	1.0	1.0	17.0	nan	fish, fish, fish, fish, fish, fish, fish, fish, fish, fish, fish, fish, fish, fish, fish, fish, fish	fish, fish, fish, fish, fish, fish, fish, fish, fish, fish, fish, fish, fish, fish, fish, fish, fish	deep sea	fish	1.0	1.0	0.0	0.0	0.714285714
8690	fish/fish_08s.jpg	fish	fish	fish	fish, fish, fish, fish, fish, fish, fish, fish, fish, fish, fish, fish, fish, fish	2972, 3244, 3722, 6984, 9469, 2754, 7335, 4244, 6726, 10437, 13888, 3638, 4878, 4903,	14	14	14	fish	1.0	1.0	1.0	19.0	nan	fish, fish, fish, fish, fish, fish, fish, fish, fish, fish, fish, fish, fish, fish, fish, fish, fish, fish, kissing gourami	fish, fish, fish, fish, fish, fish, fish, fish, fish, fish, fish, fish, fish, fish, fish, fish, fish, fish, kissing gourami	nan	fish	0.947368421	0.947368421	0.051227817	0.051227817	0.925
8684	fish/fish_02s.jpg	fish	fish	fish	fish, fish, fish, fish, fish, fish, fish, fish, fish, fish, fish, fish, fish, fish, fish, fish, fish, fish	4052, 4387, 7049 4637, 23078, 49040, 2713, 5258, 3610 4989, 6534, 10311, 6334, 15689, 37679 3751, 8052, 3869,	18	18	18	fish	1.0	1.0	1.0	18.0	nan	betta, fish, fish, fish, fish, fish, fish, fish, fish, fish, fish, fish, fish, fish, fish, fish, fish, fish	betta, fish, fish, fish, fish, fish, fish, fish, fish, fish, fish, fish, fish, fish, fish, fish, fish, fish	betta fish	fish	0.944444444	0.944444444	0.053990295	0.053990295	0.743589744
26707	fish.jpg	fish	fish	fish	fish, fish, fish, fish, fish, fish, fish, fish, fish, fish, fish, fish, fish, fish, fish, fish	3832, 6352, 15438, 2368, 5565, 19004, 4080, 8015, 3282, 3834, 19414, 3966, 5122, 2166, 6086, 6954,	16	16	16	fish	1.0	1.0	1.0	nan	nan	nan	nan	nan	nan	nan	nan	nan	nan	nan
8693	fish/fish_11s.jpg	fish	fish	fish	fish, fish, fish, calf (animal), fish, fish, fish, fish, fish, fish, fish, fish, fish, fish, fish, fish, fish, fish	8431, 3657, 6634, 24207, 15980, 4297, 4342, 8026, 5435, 2880, 3319, 4537, 3776, 5493, 2651, 3181, 2552, 25030,	18	17	17	fish	0.944444444	0.944444444	0.944444444	16.0	nan	fish, fish, fish, fish, fish, fish, fish, fish, fish, fish, fish, fish, fish, fish, fish, fish	fish, fish, fish, fish, fish, fish, fish, fish, fish, fish, fish, fish, fish, fish, fish, fish	nan	fish	1.0	1.0	0.0	0.0	0.674418605
8692	fish/fish_10s.jpg	fish	fish	fish	fish, fish, fish, fish, fish, fish, fish, fish, fish, fish, fish, fish, bird, fish, fish, fish	88818, 55677, 22544, 14403, 9477, 7942, 7451, 5116, 8424, 4381, 133740, 5458, 8810, 4502, 7464, 4328,	16	15	15	fish	0.9375	0.9375	0.9375	16.0	nan	fish, fish, fish, fish, fish, fish, fish, fish, fish, fish, fish, fish, fish, fish, fish, fish	fish, fish, fish, fish, fish, fish, fish, fish, fish, fish, fish, fish, fish, fish, fish, fish	coral	fish	1.0	1.0	0.0	0.0	0.789473684
8691	fish/fish_09s.jpg	fish	fish	fish	fish, fish, fish, fish, fish, fish, fish, fish, fish, fish, fish, whale	21453, 3698, 6783, 6048, 4692, 4990, 4454, 7164, 4250, 3938, 3746, 9840,	12	11	11	fish	0.916666667	0.916666667	0.916666667	18.0	nan	fish, fish, fish, fish, fish, fish, fish, fish, fish, fish, fish, fish, fish, fish, fish, fish, fish, fish	fish, fish, fish, fish, fish, fish, fish, fish, fish, fish, fish, fish, fish, fish, fish, fish, fish, fish	water	fish	1.0	1.0	0.0	0.0	0.707317073
8687	fish/fish_05s.jpg	fish	fish	fish	fish, fish, fish, fish, fish, fish, fish, fish, goldfish, goldfish, fish, fish, goldfish, fish, fish, fish, fish, fish, fish, fish, fish, fish	9650, 12514, 110556, 14206, 3222, 6598, 6273, 6772, 5060, 5467, 13148, 6107, 3366, 6161, 6717, 11106, 6246 5230, 2471, 2648, 4490, 4952,	22	19	19	fish	0.863636364	0.863636364	1.0	16.0	nan	fish, fish, fish, fish, fish, fish, fish, fish, fish, fish, fish, fish, fish, fish, fish, fish	fish, fish, fish, fish, fish, fish, fish, fish, fish, fish, fish, fish, fish, fish, fish, fish	water	fish	1.0	1.0	0.0	0.0	0.756756757
8688	fish/fish_06s.jpg	fish	fish	fish	fish, fish, aquarium, fish, fish, fish, whale, fish, fish, fish, fish, fish, fish	2809, 20138, 19486, 5126, 5578, 7143, 21655, 2245, 4205, 5954, 8681, 4967, 44477	13	11	11	fish	0.846153846	0.846153846	0.846153846	20.0	nan	fish, fish, fish, fish, fish, fish, fish, fish, fish, fish, fish, fish, fish, fish, fish, fish, fish, fish, grouper, grouper	fish, fish, fish, fish, fish, fish, fish, fish, fish, fish, fish, fish, fish, fish, fish, fish, fish, fish, grouper, grouper	water	fish	0.9	0.9	0.067082039	0.067082039	0.853658537
8686	fish/fish_04s.jpg	fish	fish	fish	shark, fish, fish, fish, shark, shark, fish, fish, dolphin, fish, fish, fish, fish, fish, fish, fish	5118 8124, 4117, 4057, 4761, 6054, 7825, 8172, 13486 4805, 6421, 20938, 7533, 4021 5843, 5372,	16	12	12	fish	0.75	0.75	0.75	19.0	nan	fish, fish, fish, fish, fish, fish, fish, fish, fish, fish, fish, fish, fish, fish, fish, fish, fish, shark, tuna	fish, fish, fish, fish, fish, fish, fish, fish, fish, fish, fish, fish, fish, fish, fish, fish, fish, shark, tuna	water	fish	0.894736842	0.894736842	0.0704059	0.0704059	0.842105263
8949	flower/flower_13s.jpg	flower	flower	flower	flower, flower, flower, flower, flower, flower, flower, flower, flower, flower, flower, flower, flower, flower, flower, flower, flower	2413, 3503, 6374, 3895 3124 4349 4728, 7043, 4199, 11294 7958, 4461 5648, 3403, 6770, 26888, 4889	17	17	17	flower	1.0	1.0	1.0	18.0	nan	flower, flower, flower, flower, flower, flower, flower, flower, flower, flower, flower, flower, flower, flower, flower, flower, flower, flower	flower, flower, flower, flower, flower, flower, flower, flower, flower, flower, flower, flower, flower, flower, flower, flower, flower, flower	nan	flower	1.0	1.0	0.0	0.0	0.710526316
8955	flower/flower_19s.jpg	flower	flower	flower	flower, flower, flower, flower, flower, flower, flower, flower, flower, flower, flower	3179, 5036 6242 4702 3701, 4300, 8222, 5458, 4767, 9173, 7755,	11	11	11	flower	1.0	1.0	1.0	15.0	nan	flower, flower, flower, flower, flower, flower, flower, flower, flower, flower, flower, flower, flower, flower, flower	flower, flower, flower, flower, flower, flower, flower, flower, flower, flower, flower, flower, flower, flower, flower	leaf	flower	1.0	1.0	0.0	0.0	0.619047619
8951	flower/flower_15s.jpg	flower	flower	flower	flower, flower, flower, flower, flower, flower, flower, flower, flower, flower, flower, flower, flower, flower, flower, flower, flower	5503, 7559, 4643, 3482, 114567, 59794, 3925, 14369, 6509, 4053, 4313, 33945, 2348, 93668, 6888, 6198, 3046,	17	17	17	flower	1.0	1.0	1.0	19.0	nan	carnation, daisy, daisy, flores hermosas, flower, flower, flower, flower, flower, flower, flower, flower, flower, flower, flower, flower, flower, flower, flower	carnation, daisy, daisy, flores hermosas, flower, flower, flower, flower, flower, flower, flower, flower, flower, flower, flower, flower, flower, flower, flower	stems	flower	0.789473684	0.789473684	0.09352877	0.09352877	0.717948718
8941	flower/flower_05s.jpg	flower	flower	flower	flower, flower, flower, flower, flower, flower, flower, flower, flower, flower, flower, flower, flower	11923, 4838, 7417, 4999, 21586, 11610, 4934, 5255 3872, 5636, 3106, 3502, 3095,	13	13	13	flower	1.0	1.0	1.0	19.0	nan	clover, dahlia, dandelion, dandelion, flower, flower, flower, flower, flower, flower, flower, flower, flower, flower, flower, flower, flower, flower, scabiosa snow maiden	clover, dahlia, dandelion, dandelion, flower, flower, flower, flower, flower, flower, flower, flower, flower, flower, flower, flower, flower, flower, scabiosa snow maiden	grass	flower	0.736842105	0.736842105	0.101022618	0.101022618	0.58974359
8945	flower/flower_09s.jpg	flower	flower	flower	flower, flower, flower, flower, flower, flower, flower, flower, flower, flower, flower, flower, flower, flower, flower	5174, 6465, 11613, 4785, 3245, 6504, 10414, 8937, 4201, 5975, 59382, 4122, 2311, 2652, 98504,	15	15	15	flower	1.0	1.0	1.0	17.0	nan	carnation, chrysanthemum, chrysanthemum, flower, flower, flower, flower, flower, flower, flower, flower, flower, flower, flower, flower, zinnia, zinnia	carnation, chrysanthemum, chrysanthemum, flower, flower, flower, flower, flower, flower, flower, flower, flower, flower, flower, flower, zinnia, zinnia	nan	flower	0.705882353	0.705882353	0.110510169	0.110510169	0.717948718
8942	flower/flower_06s.jpg	flower	flower	flower	flower, flower, flower, flower, flower, flower, daisy, flower, flower, flower, flower, flower, flower, flower, flower, flower, flower	7481, 3649, 13577, 6118, 5103, 4908, 4086, 2547, 4263, 6016, 2652, 8029, 37477 5747, 4095, 5879, 4427	17	16	16	flower	0.941176471	0.941176471	0.941176471	16.0	nan	aster, aster, daisy, flower, flower, flower, flower, flower, flower, flower, flower, flower, flower, flower, flower, mum	aster, aster, daisy, flower, flower, flower, flower, flower, flower, flower, flower, flower, flower, flower, flower, mum	leaves	flower	0.75	0.75	0.108253175	0.108253175	0.609756098
8947	flower/flower_11s.jpg	flower	flower	flower	flower, flower, flower, flower, flower, flower, rose, flower, flower, flower, flower, flower, flower, flower, flower	5876, 2114, 5486, 5067, 4868, 2498, 42400, 3454, 6134, 8332, 37638, 26309 3975, 3937, 7167,	15	14	14	flower	0.933333333	0.933333333	0.933333333	18.0	nan	carnation, chrysanthemum, flower, flower, flower, flower, flower, flower, flower, flower, flower, flower, flower, flower, flower, flower, image did not display, peony	carnation, chrysanthemum, flower, flower, flower, flower, flower, flower, flower, flower, flower, flower, flower, flower, flower, flower, image did not display, peony	nan	flower	0.777777778	0.777777778	0.097990789	0.097990789	0.65
8953	flower/flower_17s.jpg	flower	flower	flower	plant, flower, flower, flower, flower, flower, flower, flower, flower, flower, flower, flower, flower, flower	53661, 7411, 5015, 6797, 3246, 4784, 3878 4774, 4835, 4740, 3547, 4757, 7313, 7799,	14	13	13	flower	0.928571429	0.928571429	0.928571429	19.0	nan	flower, flower, flower, flower, flower, flower, flower, flower, flower, flower, flower, flower, flower, flower, flower, flower, flower, lily, orchid	flower, flower, flower, flower, flower, flower, flower, flower, flower, flower, flower, flower, flower, flower, flower, flower, flower, lily, orchid	nan	flower	0.894736842	0.894736842	0.0704059	0.0704059	0.523809524
8938	flower/flower_02s.jpg	flower	flower	flower	flower, daisy, flower, flower, flower, flower, flower, flower, flower, flower, flower, flower	3281, 5704, 2765, 3626, 7093, 5729, 5512, 4544, 5089, 6191, 23213, 2281	12	11	11	flower	0.916666667	0.916666667	0.916666667	20.0	nan	carnation, flower, flower, flower, flower, flower, flower, flower, flower, flower, flower, flower, flower, flower, flower, flower, flower, flower, flower, zinnia	carnation, flower, flower, flower, flower, flower, flower, flower, flower, flower, flower, flower, flower, flower, flower, flower, flower, flower, flower, zinnia	nan	flower	0.9	0.9	0.067082039	0.067082039	0.564102564
8952	flower/flower_16s.jpg	flower	flower	flower	flower, daisy, flower, flower, flower, flower, flower, flower, flower, flower, flower	7010, 29653, 3911, 2568, 6446, 2051, 7260, 8703, 5030 3104, 5454,	11	10	10	flower	0.909090909	0.909090909	0.909090909	18.0	nan	flower, flower, flower, flower, flower, flower, flower, flower, flower, flower, flower, flower, flower, flower, flower, flower, flower, flower	flower, flower, flower, flower, flower, flower, flower, flower, flower, flower, flower, flower, flower, flower, flower, flower, flower, flower	nan	flower	1.0	1.0	0.0	0.0	0.684210526
8944	flower/flower_08s.jpg	flower	flower	flower	flower, flower, flower, flower, flower, flower, flower, flower, flower, thimble, thimble, flower, flower, flower, flower, flower, flower, flower	6409, 3642, 5018, 4214, 4677, 2491, 6505, 3851 3778, 52580, 67147, 10969, 4596, 55846, 11064, 6248, 3631 2832,	18	16	16	flower	0.888888889	0.888888889	0.888888889	18.0	nan	flower, flower, flower, flower, flower, flower, flower, flower, flower, flower, flower, flower, flower, flower, flower, flower, flower, flower	flower, flower, flower, flower, flower, flower, flower, flower, flower, flower, flower, flower, flower, flower, flower, flower, flower, flower	bugds	flower	1.0	1.0	0.0	0.0	0.738095238
8940	flower/flower_04s.jpg	flower	flower	flower	flower, flower, flower, flower, flower, flower, plant, flower, flower, flower, flower, rose, flower, flower, flower, flower, flower	2997, 16894, 12237 94182, 11521 7739, 11786, 2715, 11350, 3087, 4768, 37533, 9721, 3069, 5130, 3043, 2319,	17	15	15	flower	0.882352941	0.882352941	0.882352941	18.0	nan	flower, flower, flower, flower, flower, flower, flower, flower, flower, flower, flower, flower, flower, flower, flower, flower, poppy, rose	flower, flower, flower, flower, flower, flower, flower, flower, flower, flower, flower, flower, flower, flower, flower, flower, poppy, rose	leaves	flower	0.888888889	0.888888889	0.074074074	0.074074074	0.586500284
8948	flower/flower_12s.jpg	flower	flower	flower	flower, flower, flower, flower, flower, flower, flower, lavender, flower, flower, flower, flower, flower, flower, lavender, flower	3260, 17346 15675, 5738, 3128, 7144 4016, 5933, 3629, 17104, 13770, 2745 7452, 4781, 12351, 3068,	16	14	14	flower	0.875	0.875	0.875	20.0	nan	flower, flower, flower, flower, flower, flower, flower, flower, flower, flower, flower, flower, flower, flower, flower, flower, flower, flower, flower, flower	flower, flower, flower, flower, flower, flower, flower, flower, flower, flower, flower, flower, flower, flower, flower, flower, flower, flower, flower, flower	ne	flower	1.0	1.0	0.0	0.0	0.736842105
8950	flower/flower_14s.jpg	flower	flower	flower	flower, flower, flower, daisy, flower, flower, flower, daisy, flower, flower, flower, flower, flower, flower, flower, flower	5798, 4177, 6301, 8584 3777, 3921, 8318, 7043, 2797, 4365, 3463, 2903, 4449, 3530, 3533, 4912,	16	14	14	flower	0.875	0.875	0.875	18.0	nan	daffodil, daffodil, daisy, flower, flower, flower, flower, flower, flower, flower, flower, flower, flower, flower, flower, flower, flower, flower	daffodil, daffodil, daisy, flower, flower, flower, flower, flower, flower, flower, flower, flower, flower, flower, flower, flower, flower, flower	grass	flower	0.833333333	0.833333333	0.087841046	0.087841046	0.666666667
8946	flower/flower_10s.jpg	flower	flower	flower	flower, flower, flower, sunflower, flower, flower, flower, flower, flower, flower, plant, flower, flower, flower, sunflower, flower, flower	6522 3249, 5628, 4328, 7738, 7521, 8511, 4357, 9276, 4454, 13552, 5724, 5021, 2849, 5007, 4349, 4347,	17	14	14	flower	0.823529412	0.823529412	0.941176471	18.0	nan	flower, flower, flower, flower, flower, flower, flower, flower, flower, flower, flower, flower, flower, flower, flower, flower, flower, flower	flower, flower, flower, flower, flower, flower, flower, flower, flower, flower, flower, flower, flower, flower, flower, flower, flower, flower	stem	flower	1.0	1.0	0.0	0.0	0.625
8937	flower/flower_01b.jpg	flower	flower	flower	daisy, flower, flower, plant, flower, flower, flower, flower, flower, sunflower, flower, flower, flower, flower, flower, flower, flower	15300, 3981, 5335, 86527 2173, 2718, 3281, 3996, 4634, 6073, 4520 3743, 6230, 3569, 3648, 18648, 5089,	17	14	14	flower	0.823529412	0.823529412	0.882352941	19.0	nan	aster, aster, daisy, flower, flower, flower, flower, flower, flower, flower, flower, flower, flower, flower, flower, flower, flower, flower, flower	aster, aster, daisy, flower, flower, flower, flower, flower, flower, flower, flower, flower, flower, flower, flower, flower, flower, flower, flower	leaves	flower	0.842105263	0.842105263	0.083654675	0.083654675	0.666666667
8954	flower/flower_18s.jpg	flower	flower	flower	flower, flower, cape (garment), flower, flower, flower, flower, flower, flower, flower, flower, cape (garment), daisy, flower, flower, flower, flower	2523 3864 19257, 2935, 5388, 32274, 4005, 3246, 3426, 6369, 6062, 13054, 23779 4541, 3124, 9693, 7780,	17	14	14	flower	0.823529412	0.823529412	0.823529412	19.0	nan	aster, aster, daisy, flower, flower, flower, flower, flower, flower, flower, flower, flower, flower, flower, flower, flower, flower, flower, flower	aster, aster, daisy, flower, flower, flower, flower, flower, flower, flower, flower, flower, flower, flower, flower, flower, flower, flower, flower	stem	flower	0.842105263	0.842105263	0.083654675	0.083654675	0.75
26726	flower.jpg	flower	flower	flower	flower, flower, flower, flower, flower, flower, margarita, flower, flower, flower, margarita, flower, flower, flower, flower, flower, dandelion	6559, 4380, 2220, 10369, 6057, 8326, 31370, 4867, 3801, 4509, 47544, 7090, 5096, 7695, 4943, 5599, 6655,	17	14	14	flower	0.823529412	0.823529412	0.823529412	nan	nan	nan	nan	nan	nan	nan	nan	nan	nan	nan
8943	flower/flower_07s.jpg	flower	flower	flower	flower, tulip, tulip, tulip, flower, flower, flower, tulip, tulip, flower, flower, flower, tulip, tulip, flower	4006, 4737, 3387, 5677, 5917, 3550, 5414 9355, 5286, 5126, 8606, 4157, 3741, 6680, 5485,	15	8	8	flower	0.533333333	0.533333333	0.533333333	15.0	nan	flower, flower, flower, flower, flower, flower, flower, flower, tulip, tulip, tulip, tulip, tulip, tulip, tulip	flower, flower, flower, flower, flower, flower, flower, flower, tulip, tulip, tulip, tulip, tulip, tulip, tulip	leaves	flower	0.533333333	0.533333333	0.128812238	0.128812238	0.761904762
8939	flower/flower_03s.jpg	flower	flower	flower	flower, flower, flower, sunflower, sunflower, flower, flower, sunflower, sunflower, daisy, sunflower, sunflower, flower, sunflower, sunflower, sunflower, flower	3496, 9095 2996, 6817, 22719, 16903, 4065, 4982, 2859, 73113, 5696, 3754, 3917, 8585, 5728 3730, 2796,	17	7	9	sunflower	0.411764706	0.411764706	0.941176471	19.0	nan	daisy, flower, flower, flower, flower, flower, flower, flower, flower, flower, flower, flower, flower, flower, flower, flower, flower, flower, flower	daisy, flower, flower, flower, flower, flower, flower, flower, flower, flower, flower, flower, flower, flower, flower, flower, flower, flower, flower	nan	flower	0.947368421	0.947368421	0.051227817	0.051227817	0.701219512
9219	fox/fox_15s.jpg	fox	fox	fox	fox, fox, fox, fox, fox, fox, fox, fox, fox, fox, fox, fox, fox, fox, fox, fox	3537, 3943, 2485, 14558 2967 4655, 5726, 3439 3492, 4467, 16418, 3856, 4716, 3316, 3944 3688,	16	16	16	fox	1.0	1.0	1.0	19.0	nan	fox, fox, fox, fox, fox, fox, fox, fox, fox, fox, fox, fox, fox, fox, fox, fox, fox, fox, fox	fox, fox, fox, fox, fox, fox, fox, fox, fox, fox, fox, fox, fox, fox, fox, fox, fox, fox, fox	nan	fox	1.0	1.0	0.0	0.0	0.880952381
9216	fox/fox_12s.jpg	fox	fox	fox	fox, fox, fox, fox, fox, fox, fox, fox, fox, fox, fox, fox, fox, fox, fox	2905, 3833, 4258, 20296 4151, 6302, 3053, 22836, 11446, 170437, 3349, 6300 8505, 6929, 3765,	15	15	15	fox	1.0	1.0	1.0	18.0	nan	fox, fox, fox, fox, fox, fox, fox, fox, fox, fox, fox, fox, fox, fox, fox, fox, fox, fox	fox, fox, fox, fox, fox, fox, fox, fox, fox, fox, fox, fox, fox, fox, fox, fox, fox, fox	tree	fox	1.0	1.0	0.0	0.0	0.87804878
9212	fox/fox_08s.jpg	fox	fox	fox	fox, fox, fox, fox, fox, fox, fox, fox, fox, fox, fox, fox, fox	4321, 4300, 6581, 3603, 9795 32494, 25926, 4041, 4594, 4448, 4590, 23231, 3871,	13	13	13	fox	1.0	1.0	1.0	20.0	nan	fox, fox, fox, fox, fox, fox, fox, fox, fox, fox, fox, fox, fox, fox, fox, fox, fox, fox, fox, olf	fox, fox, fox, fox, fox, fox, fox, fox, fox, fox, fox, fox, fox, fox, fox, fox, fox, fox, fox, olf	grass	fox	0.95	0.95	0.048733972	0.048733972	0.731707317
9206	fox/fox_02s.jpg	fox	fox	fox	fox, fox, fox, fox, fox, fox, fox, fox, fox, fox, fox, fox, fox	26075, 4808, 2722, 2423, 2536, 4302, 44733, 5419, 3214, 4165, 8200, 6705, 6903,	13	13	13	fox	1.0	1.0	1.0	17.0	nan	coyote, fox, fox, fox, fox, fox, fox, fox, fox, fox, fox, fox, fox, fox, fox, fox, fox	coyote, fox, fox, fox, fox, fox, fox, fox, fox, fox, fox, fox, fox, fox, fox, fox, fox	nan	fox	0.941176471	0.941176471	0.057067206	0.057067206	0.925
9217	fox/fox_13s.jpg	fox	fox	fox	fox, fox, fox, fox, fox, fox, fox, wolf, fox, fox, fox, fox, fox, fox, fox, fox	2215, 9662, 3076, 5687 2972, 50837 4153, 4402, 1863, 3781, 5861, 3604, 9008, 8319, 43012, 2447,	16	15	15	fox	0.9375	0.9375	0.9375	17.0	nan	animal, coyote, fox, fox, fox, fox, fox, fox, fox, fox, fox, fox, fox, fox, fox, fox, fox	animal, coyote, fox, fox, fox, fox, fox, fox, fox, fox, fox, fox, fox, fox, fox, fox, fox	sw	fox	0.882352941	0.882352941	0.07814249	0.07814249	0.846153846
9213	fox/fox_09s.jpg	fox	fox	fox	fox, fox, fox, fox, fox, fox, fox, fox, wolf, fox, fox, fox, fox, fox, fox	15337, 6311 7374, 1735, 11170, 2249 7725, 2509, 7530, 3377, 6792, 7790, 4533, 9893, 2533,	15	14	14	fox	0.933333333	0.933333333	0.933333333	16.0	nan	fox, fox, fox, fox, fox, fox, fox, fox, fox, fox, fox, fox, fox, fox, fox, fox	fox, fox, fox, fox, fox, fox, fox, fox, fox, fox, fox, fox, fox, fox, fox, fox	nan	fox	1.0	1.0	0.0	0.0	0.794871795
9208	fox/fox_04s.jpg	fox	fox	fox	wolf, fox, fox, fox, fox, fox, fox, fox, fox, fox, fox, fox, fox, fox, fox	66398, 93837, 4393, 3705, 2851 4546, 7701, 6948, 5398, 5828, 2413, 4478, 3900, 2079, 19410,	15	14	14	fox	0.933333333	0.933333333	0.933333333	18.0	nan	coyote, fox, fox, fox, fox, fox, fox, fox, fox, fox, fox, fox, fox, fox, fox, fox, fox, fox	coyote, fox, fox, fox, fox, fox, fox, fox, fox, fox, fox, fox, fox, fox, fox, fox, fox, fox	rocks	fox	0.944444444	0.944444444	0.053990295	0.053990295	0.95
9210	fox/fox_06s.jpg	fox	fox	fox	fox, owl, fox, fox, fox, fox, fox, fox, fox, fox, fox, fox, fox, fox, fox	4676, 4877, 2569, 2863, 25419, 3251, 3405, 8408 4358, 4960, 11200, 12067, 5081, 3068, 4819,	15	14	14	fox	0.933333333	0.933333333	0.933333333	17.0	nan	fox, fox, fox, fox, fox, fox, fox, fox, fox, fox, fox, fox, fox, fox, fox, fox, ox	fox, fox, fox, fox, fox, fox, fox, fox, fox, fox, fox, fox, fox, fox, fox, fox, ox	grass	fox	0.941176471	0.941176471	0.057067206	0.057067206	0.85
9209	fox/fox_05s.jpg	fox	fox	fox	fox, fox, fox, fox, fox, fox, fox, fox, fox, fox, fox, fox, dog, fox, fox	21816, 7139, 3912, 38893, 2522 2280, 6157, 6334, 4202, 5925, 2394, 5295 4772, 2731, 3227,	15	14	14	fox	0.933333333	0.933333333	0.933333333	20.0	nan	fox, fox, fox, fox, fox, fox, fox, fox, fox, fox, fox, fox, fox, fox, fox, fox, fox, fox, ox, red fo	fox, fox, fox, fox, fox, fox, fox, fox, fox, fox, fox, fox, fox, fox, fox, fox, fox, fox, ox, red fo	grass	fox	0.9	0.9	0.067082039	0.067082039	0.75
26745	fox.jpg	fox	fox	fox	fox, fox, fox, fox, fox, fox, fox, fox, fox, fox, wolf, fox, fox, fox, fox	10214, 2493, 6860, 4410, 5633, 3847, 4169, 5079, 16688, 10415, 4789, 9768, 4390, 3763, 5819,	15	14	14	fox	0.933333333	0.933333333	0.933333333	nan	nan	nan	nan	nan	nan	nan	nan	nan	nan	nan
9207	fox/fox_03s.jpg	fox	fox	fox	fox, fox, fox, fox, wolf, fox, fox, fox, fox, fox, fox, fox, fox	2788, 2998, 22792, 55949, 7217, 3798, 3067, 4663, 2899 53261, 3786, 4973, 3958,	13	12	12	fox	0.923076923	0.923076923	0.923076923	19.0	nan	dog, fox, fox, fox, fox, fox, fox, fox, fox, fox, fox, fox, fox, fox, fox, fox, fox, object, wolf	dog, fox, fox, fox, fox, fox, fox, fox, fox, fox, fox, fox, fox, fox, fox, fox, fox, object, wolf	grass	fox	0.842105263	0.842105263	0.083654675	0.083654675	0.813953488
9211	fox/fox_07s.jpg	fox	fox	fox	fox, fox, fox, fox, fox, fox, fox, cat, fox, fox, fox	3606, 8178, 54311, 2782, 2507, 4654, 5634, 11933, 4295 3219, 4376,	11	10	10	fox	0.909090909	0.909090909	0.909090909	17.0	nan	fox, fox, fox, fox, fox, fox, fox, fox, fox, fox, fox, fox, fox, fox, fox, fox, fox	fox, fox, fox, fox, fox, fox, fox, fox, fox, fox, fox, fox, fox, fox, fox, fox, fox	rock	fox	1.0	1.0	0.0	0.0	0.744186047
9220	fox/fox_16s.jpg	fox	fox	fox	fox, cat, fox, fox, dog, fox, fox, fox, fox, fox, fox, fox, fox, fox, fox, fox	6161, 5485, 3725, 6245, 4795, 3371, 3087, 22715, 6475, 12855, 37353, 7483, 3370, 7147, 3752 2394,	16	14	14	fox	0.875	0.875	0.875	17.0	nan	fox, fox, fox, fox, fox, fox, fox, fox, fox, fox, fox, fox, fox, fox, fox, fox, timber wolf	fox, fox, fox, fox, fox, fox, fox, fox, fox, fox, fox, fox, fox, fox, fox, fox, timber wolf	nan	fox	0.941176471	0.941176471	0.057067206	0.057067206	0.853658537
9218	fox/fox_14s.jpg	fox	fox	fox	fox, fox, wolf, fox, fox, fox, dog, fox, fox, fox, fox, fox, fox, fox, fox	4560 5048, 4990, 9476, 5213, 3368, 9269, 2443, 2545, 4110, 5742, 3290, 2947 2649, 3497,	15	13	13	fox	0.866666667	0.866666667	0.866666667	19.0	nan	dog, fox, fox, fox, fox, fox, fox, fox, fox, fox, fox, fox, fox, fox, fox, fox, fox, fox, fox	dog, fox, fox, fox, fox, fox, fox, fox, fox, fox, fox, fox, fox, fox, fox, fox, fox, fox, fox	sw	fox	0.947368421	0.947368421	0.051227817	0.051227817	0.80952381
9205	fox/fox_01b.jpg	fox	fox	fox	fox, fox, fox, fox, fox, red carpet, fox, fox, wolf, wolf, fox, fox, fox, fox, fox, fox, fox	5322, 2522, 12022, 11933 3575, 30139, 8987, 4096, 9446, 9895, 6901, 4456, 6891 4905, 7112, 4048, 4145,	17	14	14	fox	0.823529412	0.823529412	0.823529412	19.0	nan	coyote, fox, fox, fox, fox, fox, fox, fox, fox, fox, fox, fox, fox, fox, fox, fox, fox, fox, fox	coyote, fox, fox, fox, fox, fox, fox, fox, fox, fox, fox, fox, fox, fox, fox, fox, fox, fox, fox	nan	fox	0.947368421	0.947368421	0.051227817	0.051227817	0.8
9215	fox/fox_11s.jpg	fox	fox	fox	wolf, fox, fox, fox, fox, fox, fox, jacket, dog, fox, fox, fox, fox, fox	6378, 6501, 2940, 4538, 6151, 6053, 5422, 8637, 11285, 6614, 4525, 3234, 8344, 2844	14	11	11	fox	0.785714286	0.785714286	0.785714286	18.0	nan	fo, fox, fox, fox, fox, fox, fox, fox, fox, fox, fox, fox, fox, fox, fox, fox, fox, fox	fo, fox, fox, fox, fox, fox, fox, fox, fox, fox, fox, fox, fox, fox, fox, fox, fox, fox	grass	fox	0.944444444	0.944444444	0.053990295	0.053990295	0.780487805
9214	fox/fox_10s.jpg	fox	fox	fox	fox, fox, fox, fox, fox, wolf, fox, dog, fox, fox, dog, fox, fox, dog	2939, 19400, 3918, 7267, 1928, 5625, 8120, 7716, 6835, 2880, 5838, 12830, 6304, 5481,	14	10	10	fox	0.714285714	0.714285714	0.714285714	20.0	nan	fox, fox, fox, fox, fox, fox, fox, fox, fox, fox, fox, fox, fox, fox, fox, fox, fox, fox, wolf, wolf	fox, fox, fox, fox, fox, fox, fox, fox, fox, fox, fox, fox, fox, fox, fox, fox, fox, fox, wolf, wolf	sw	fox	0.9	0.9	0.067082039	0.067082039	0.85
10121	grass/grass_04s.jpg	grass	grass	grass	grass, grass, grass, grass, grass, grass, grass, grass, grass, grass, grass, grass, grass, grass, grass, grass, grass, grass, grass	3721, 19652, 7528, 12338, 4446, 18341, 7862, 7023, 4069, 18174, 7544, 3060, 7171, 4592, 2857, 55083, 8561 45092, 2941,	19	19	19	grass	1.0	1.0	1.0	19.0	nan	grass, grass, grass, grass, grass, grass, grass, grass, grass, grass, grass, grass, grass, grass, grass, grass, grass, grass, grass	grass, grass, grass, grass, grass, grass, grass, grass, grass, grass, grass, grass, grass, grass, grass, grass, grass, grass, grass	nan	grass	1.0	1.0	0.0	0.0	0.8
10124	grass/grass_07s.jpg	grass	grass	grass	grass, grass, grass, grass, grass, grass, grass, grass, grass, grass, grass, grass, grass, grass, grass, grass, grass	4947, 2015 3481, 5883, 28225, 3344, 2296, 10544, 8558, 6570, 4388, 3285, 8710, 4526, 2051, 4582, 2630,	17	17	17	grass	1.0	1.0	1.0	16.0	nan	grass, grass, grass, grass, grass, grass, grass, grass, grass, grass, grass, grass, grass, grass, grass, grass	grass, grass, grass, grass, grass, grass, grass, grass, grass, grass, grass, grass, grass, grass, grass, grass	nan	grass	1.0	1.0	0.0	0.0	0.8
10123	grass/grass_06s.jpg	grass	grass	grass	grass, grass, grass, grass, grass, grass, grass, grass, grass, grass, grass, grass, grass, grass, grass, grass	3686, 6909, 4183, 4490, 3675, 50377, 5573 5459, 5229, 23259, 23967, 6193, 6027, 5114, 8296, 3289,	16	16	16	grass	1.0	1.0	1.0	20.0	nan	grass, grass, grass, grass, grass, grass, grass, grass, grass, grass, grass, grass, grass, grass, grass, grass, grass, grass, grass, grass	grass, grass, grass, grass, grass, grass, grass, grass, grass, grass, grass, grass, grass, grass, grass, grass, grass, grass, grass, grass	nan	grass	1.0	1.0	0.0	0.0	0.775
10127	grass/grass_10s.jpg	grass	grass	grass	grass, grass, grass, grass, grass, grass, grass, grass, grass, grass, grass, grass, grass, grass, grass	6986, 148563, 4848, 3007, 53097, 4598, 7606 19728 5980 3111, 5711, 3497 4311, 21080, 3513,	15	15	15	grass	1.0	1.0	1.0	19.0	nan	grass, grass, grass, grass, grass, grass, grass, grass, grass, grass, grass, grass, grass, grass, grass, grass, grass, grass, grass	grass, grass, grass, grass, grass, grass, grass, grass, grass, grass, grass, grass, grass, grass, grass, grass, grass, grass, grass	nan	grass	1.0	1.0	0.0	0.0	0.825
10126	grass/grass_09s.jpg	grass	grass	grass	grass, grass, grass, grass, grass, grass, grass, grass, grass, grass, grass, grass	7565, 4663, 8094, 2836, 5428, 4738, 5601, 20241 3403 5569, 3220, 3025,	12	12	12	grass	1.0	1.0	1.0	18.0	nan	grass, grass, grass, grass, grass, grass, grass, grass, grass, grass, grass, grass, grass, grass, grass, grass, grass, grass	grass, grass, grass, grass, grass, grass, grass, grass, grass, grass, grass, grass, grass, grass, grass, grass, grass, grass	nan	grass	1.0	1.0	0.0	0.0	0.717948718
10131	grass/grass_14s.jpg	grass	grass	grass	grass, grass, grass, grass, grass, grass, grass, grass, grass, grass, grass, grass	1989, 2201, 50686, 3199, 38622, 17426, 6673 3248, 8587, 4176, 7099, 7281,	12	12	12	grass	1.0	1.0	1.0	20.0	nan	grass, grass, grass, grass, grass, grass, grass, grass, grass, grass, grass, grass, grass, grass, grass, grass, grass, grass, grass, weed	grass, grass, grass, grass, grass, grass, grass, grass, grass, grass, grass, grass, grass, grass, grass, grass, grass, grass, grass, weed	nan	grass	0.95	0.95	0.048733972	0.048733972	0.717948718
10125	grass/grass_08s.jpg	grass	grass	grass	grass, grass, grass, grass, grass, grass, grass, grass, grass, grass, grass, grass, grass, grass, grass	8352, 5477 4135, 3530, 3168 4495 5575, 5079, 6015, 2543, 12039, 3101, 5839, 2066, 3667,	15	15	15	grass	1.0	1.0	1.0	18.0	nan	grass, grass, grass, grass, grass, grass, grass, grass, grass, grass, grass, grass, grass, grass, grass, plant, tree, weed	grass, grass, grass, grass, grass, grass, grass, grass, grass, grass, grass, grass, grass, grass, grass, plant, tree, weed	grass blades	grass	0.833333333	0.833333333	0.087841046	0.087841046	0.720930233
26812	grass.jpg	grass	grass	grass	grass, grass, grass, grass, grass, grass, grass, grass, grass, grass, grass, grass, grass, grass, grass, grass, grass, grass	5536, 4417, 8760, 5349, 4275, 3828, 16839, 4625, 3198, 5424, 5882, 2639, 10918, 4444 2643, 3327, 4664, 3330,	18	18	18	grass	1.0	1.0	1.0	nan	nan	nan	nan	nan	nan	nan	nan	nan	nan	nan
10129	grass/grass_12s.jpg	grass	grass	grass	grass, grass, grass, grass, grass, grass, grass, grass, grass, grass, grass, paddle, grass, grass, grass, grass, grass, grass, grass, grass	2965, 2962, 6354 16876, 35652, 11304, 4511, 76087, 12690, 6206, 5039, 35815, 5836, 7506, 3172, 3084, 5049, 7390, 5458, 5328,	20	19	19	grass	0.95	0.95	0.95	15.0	nan	grass, grass, grass, grass, grass, grass, grass, grass, grass, grass, grass, grass, grass, grass, grass	grass, grass, grass, grass, grass, grass, grass, grass, grass, grass, grass, grass, grass, grass, grass	nan	grass	1.0	1.0	0.0	0.0	0.853658537
10128	grass/grass_11s.jpg	grass	grass	grass	grass, grass, grass, grass, grass, rickshaw, grass, grass, grass, grass, grass, grass, grass, grass, grass, grass, grass	7324, 7122, 5559 6432, 2970 5559 8594, 3208, 2494, 4446, 13114, 8678 3640, 3777, 5624, 3440, 19182,	17	16	16	grass	0.941176471	0.941176471	0.941176471	18.0	nan	grass, grass, grass, grass, grass, grass, grass, grass, grass, grass, grass, grass, grass, grass, grass, grass, grass, grass	grass, grass, grass, grass, grass, grass, grass, grass, grass, grass, grass, grass, grass, grass, grass, grass, grass, grass	nan	grass	1.0	1.0	0.0	0.0	0.727272727
10130	grass/grass_13s.jpg	grass	grass	grass	grass, grass, grass, grass, grass, grass, grass, grass, grass, grass, grass, grasshopper, grass, grass, grass, grass	2765, 5854, 4447, 3096, 5938, 10175, 19002, 6623, 22316, 3417, 9528, 12065 3999, 2247, 7096, 5812,	16	15	15	grass	0.9375	0.9375	1.0	17.0	nan	grass, grass, grass, grass, grass, grass, grass, grass, grass, grass, grass, grass, grass, grass, grass, grass, grass	grass, grass, grass, grass, grass, grass, grass, grass, grass, grass, grass, grass, grass, grass, grass, grass, grass	nan	grass	1.0	1.0	0.0	0.0	0.642857143
10118	grass/grass_01b.jpg	grass	grass	grass	grass, grass, grass, grass, wheat, grass, grass, grass, grass, grass, grass, grass, grass, grass	4899, 6283, 2028, 25123, 26289, 5737, 7848, 4282, 6658, 24035, 5877, 7597, 4518, 4100	14	13	13	grass	0.928571429	0.928571429	0.928571429	19.0	nan	grass, grass, grass, grass, grass, grass, grass, grass, grass, grass, grass, grass, grass, grass, grass, grass, grass, grass, grass	grass, grass, grass, grass, grass, grass, grass, grass, grass, grass, grass, grass, grass, grass, grass, grass, grass, grass, grass	nan	grass	1.0	1.0	0.0	0.0	0.825
10120	grass/grass_03s.jpg	grass	grass	grass	grass, grass, grass, grass, daisy, grass, grass, grass, grass, grass, grass, grass, grass, grass	3479, 3702, 3071, 10455, 6223, 12377, 186834, 2959, 5423, 4658, 3424, 3617, 3468, 6582,	14	13	13	grass	0.928571429	0.928571429	0.928571429	17.0	nan	field, grass, grass, grass, grass, grass, grass, grass, grass, grass, grass, grass, grass, grass, grass, grass, grass	field, grass, grass, grass, grass, grass, grass, grass, grass, grass, grass, grass, grass, grass, grass, grass, grass	grasses	grass	0.941176471	0.941176471	0.057067206	0.057067206	0.731707317
10119	grass/grass_02s.jpg	grass	grass	grass	grass, grass, grass, grass, grass, grass, grass, rice, leaf, grass, grass, grass, grass, grass	3075, 4552, 2778, 3865, 2852, 5790, 3272, 45657, 6424, 2900, 21550, 7754, 3423, 3043,	14	12	12	grass	0.857142857	0.857142857	0.857142857	18.0	nan	grass, grass, grass, grass, grass, grass, grass, grass, grass, grass, grass, grass, grass, grass, grass, grass, grass, plant	grass, grass, grass, grass, grass, grass, grass, grass, grass, grass, grass, grass, grass, grass, grass, grass, grass, plant	nan	grass	0.944444444	0.944444444	0.053990295	0.053990295	0.775
10132	grass/grass_15s.jpg	grass	grass	grass	grass, grass, grass, tree, grass, grass, grass, grass, grass, seed, grass, grass, grass, grass	6785, 2816, 4892, 5196, 26755, 4403, 6499, 2732, 5365, 11091, 4854, 15382, 3336, 9186,	14	12	12	grass	0.857142857	0.857142857	0.857142857	18.0	nan	grass, grass, grass, grass, grass, grass, grass, grass, grass, grass, grass, grass, grass, grass, grass, grass, grass, lawn	grass, grass, grass, grass, grass, grass, grass, grass, grass, grass, grass, grass, grass, grass, grass, grass, grass, lawn	grass	grass	0.944444444	0.944444444	0.053990295	0.053990295	0.743589744
10122	grass/grass_05s.jpg	grass	grass	grass	grass, grass, tortilla, grass, grass, grass, plant, grass, grass, grass, grass, grass, grass, grass	5392, 8021, 6345, 7376, 3518, 6166, 66279, 4948, 3042, 8894, 3950 4382, 3214, 7392,	14	12	12	grass	0.857142857	0.857142857	0.857142857	17.0	nan	grass, grass, grass, grass, grass, grass, grass, grass, grass, grass, grass, grass, grass, grass, grass, grass, nature	grass, grass, grass, grass, grass, grass, grass, grass, grass, grass, grass, grass, grass, grass, grass, grass, nature	nan	grass	0.941176471	0.941176471	0.057067206	0.057067206	0.925
10844	hat/hat_03s.jpg	hat	hat	hat	hat, hat, hat, hat, hat, hat, hat, hat, hat, hat, hat, hat, hat, hat, hat	3829, 2088, 7943, 3990, 30091, 2091, 7299, 3662, 5293, 125612, 5276, 3853, 5191, 5638, 3048,	15	15	15	hat	1.0	1.0	1.0	19.0	nan	hat, hat, hat, hat, hat, hat, hat, hat, hat, hat, hat, hat, hat, hat, hat, hat, hat, hat, hat	hat, hat, hat, hat, hat, hat, hat, hat, hat, hat, hat, hat, hat, hat, hat, hat, hat, hat, hat	sunglasses	hat	1.0	1.0	0.0	0.0	0.8
10842	hat/hat_01b.jpg	hat	hat	hat	hat, bowler hat, hat, hat, hat, hat, hat, hat, hat, hat, hat, hat, hat, hat	2340, 8885, 151377, 36087, 4582, 10242, 2824, 10043 5436, 2120, 2065, 4399, 4823, 5694,	14	13	13	hat	0.928571429	0.928571429	1.0	18.0	nan	fedora, hat, hat, hat, hat, hat, hat, hat, hat, hat, hat, hat, hat, hat, hat, hat, hat, trilby	fedora, hat, hat, hat, hat, hat, hat, hat, hat, hat, hat, hat, hat, hat, hat, hat, hat, trilby	nan	hat	0.888888889	0.888888889	0.074074074	0.074074074	0.794871795
10857	hat/hat_16s.jpg	hat	hat	hat	hat, hat, hat, hat, top hat, hat, hat, hat, hat, hat, hat	49433, 5350, 2214, 2281, 2972, 17797, 3735, 22062, 6588 3848, 3046,	11	10	10	hat	0.909090909	0.909090909	1.0	18.0	nan	fedora,hat, hat, hat, hat, hat, hat, hat, hat, hat, hat, hat, hat, hat, hat, hat, hat, hat, hat	hat, hat, hat, hat, hat, hat, hat, hat, hat, hat, hat, hat, hat, hat, hat, hat, hat, hat	sunglasses	hat	1.0	1.0	0.0	0.0	0.7
10845	hat/hat_04s.jpg	hat	hat	hat	hat, hat, hat, hat, hat, hat, hat, hat, hat, top hat	9365, 5430, 3143, 2686 48687 28785, 5379, 38110, 2665, 3080,	10	9	9	hat	0.9	0.9	1.0	20.0	nan	cap, hat, hat, hat, hat, hat, hat, hat, hat, hat, hat, hat, hat, hat, hat, hat, hat, hat, hat, hat	cap, hat, hat, hat, hat, hat, hat, hat, hat, hat, hat, hat, hat, hat, hat, hat, hat, hat, hat, hat	table	hat	0.95	0.95	0.048733972	0.048733972	0.829268293
10849	hat/hat_08s.jpg	hat	hat	hat	hat, bowler hat, hat, hat, beanie (hat), hat, hat, hat, hat, hat, hat, hat, hat, hat	58499, 5647, 16267, 16286, 3935, 12005, 14533 3803, 4900, 4223 10474, 5368, 2330, 3679,	14	12	12	hat	0.857142857	0.857142857	1.0	16.0	nan	hat, hat, hat, hat, hat, hat, hat, hat, hat, hat, hat, hat, hat, hat, hat, hat	hat, hat, hat, hat, hat, hat, hat, hat, hat, hat, hat, hat, hat, hat, hat, hat	nan	hat	1.0	1.0	0.0	0.0	0.75
10847	hat/hat_06s.jpg	hat	hat	hat	hat, hat, hat, hat, hat, hat, hat, hat, hat, hat, trophy, hat, hat, hat, hat, hat, cape (garment), bag	3392, 4390, 4508, 2501 4341, 17034 23976, 4341, 5757, 3014, 5547, 6794, 6025 2732, 3920, 5623, 7789, 8404,	18	15	15	hat	0.833333333	0.833333333	0.833333333	19.0	nan	cap, hat, hat, hat, hat, hat, hat, hat, hat, hat, hat, hat, hat, hat, hat, hat, hat, hat, hat	cap, hat, hat, hat, hat, hat, hat, hat, hat, hat, hat, hat, hat, hat, hat, hat, hat, hat, hat	tag	hat	0.947368421	0.947368421	0.051227817	0.051227817	0.648648649
10846	hat/hat_05s.jpg	hat	hat	hat	hat, hat, hat, cabbage, cap (bottle cap), hat, hat, hat, hat, hat, hat, hat	10603 6958, 4519, 7719, 14457, 2913, 9726, 6678, 30483, 26438, 9584, 7105,	12	10	10	hat	0.833333333	0.833333333	0.833333333	19.0	nan	hat, hat, hat, hat, hat, hat, hat, hat, hat, hat, hat, hat, hat, hat, hat, hat, hat, hat, magic cap	hat, hat, hat, hat, hat, hat, hat, hat, hat, hat, hat, hat, hat, hat, hat, hat, hat, hat, magic cap	hat stand	hat	0.947368421	0.947368421	0.051227817	0.051227817	0.8
10852	hat/hat_11s.jpg	hat	hat	hat	hat, cap (bottle cap), hat, hat, cape (garment), hat, hat, hat, hat, hat, hat, hat, hat, hat, hat, hat, top hat	3417, 18868, 20062 2104 13104, 10980, 8034 3560, 12176, 7822, 3774, 5552, 14052, 12431, 2115, 15318, 9511,	17	14	14	hat	0.823529412	0.823529412	0.882352941	20.0	nan	fedora, fedora, hat, hat, hat, hat, hat, hat, hat, hat, hat, hat, hat, hat, hat, hat, hat, hat, hat, hat	fedora, fedora, hat, hat, hat, hat, hat, hat, hat, hat, hat, hat, hat, hat, hat, hat, hat, hat, hat, hat	nan	hat	0.9	0.9	0.067082039	0.067082039	0.857142857
10854	hat/hat_13s.jpg	hat	hat	hat	hat, hat, hat, hat, hat, silverware, bowler hat, hat, hat, bowler hat, hat, hat	5529, 4470, 6714, 8631 32616, 18506, 35592, 4768, 6783 3602, 14845, 7446	12	9	9	hat	0.75	0.75	0.916666667	17.0	nan	fedora, hat, hat, hat, hat, hat, hat, hat, hat, hat, hat, hat, hat, hat, hat, hat, stetson	fedora, hat, hat, hat, hat, hat, hat, hat, hat, hat, hat, hat, hat, hat, hat, hat, stetson	hat band	hat	0.882352941	0.882352941	0.07814249	0.07814249	0.842105263
10850	hat/hat_09s.jpg	hat	hat	hat	cape (garment), hat, cap (bottle cap), hat, hat, hat, hat, hat, hat, hat, top hat	9661, 6525, 13517, 16702, 6823, 12917, 5526, 11004, 4593, 3547, 5432,	11	8	8	hat	0.727272727	0.727272727	0.818181818	17.0	nan	hat, hat, hat, hat, hat, hat, hat, hat, hat, hat, hat, hat, hat, hat, hat, hat, hat	hat, hat, hat, hat, hat, hat, hat, hat, hat, hat, hat, hat, hat, hat, hat, hat, hat	chain	hat	1.0	1.0	0.0	0.0	0.780487805
10855	hat/hat_14s.jpg	hat	hat	hat	top hat, hat, top hat, hat, hat, cap (bottle cap), hat, hat, hat, hat, hat, hat, top hat, hat	8928, 13877, 8651, 18244, 4919, 21667, 8980, 2154 7623, 4764, 5193, 13279, 6312 6557,	14	10	10	hat	0.714285714	0.714285714	0.928571429	18.0	nan	cap, granola, hat, hat, hat, hat, hat, hat, hat, hat, hat, hat, hat, hat, hat, hat, hat, wert	cap, granola, hat, hat, hat, hat, hat, hat, hat, hat, hat, hat, hat, hat, hat, hat, hat, wert	bow	hat	0.833333333	0.833333333	0.087841046	0.087841046	0.769230769
10853	hat/hat_12s.jpg	hat	hat	hat	hat, top hat, bowler hat, hat, hat, hat, hat, hat, cape (garment), hat, hat, hat, hat, hat, bowler hat, hat, shower cap	2893, 3295, 66890, 16744, 4817, 5924, 4586, 2938, 5063, 7328, 10656, 5703, 23443, 5481, 20374, 5698, 111455,	17	12	12	hat	0.705882353	0.705882353	0.882352941	17.0	nan	cap, hat, hat, hat, hat, hat, hat, hat, hat, hat, hat, hat, hat, hat, hat, hat, hat	cap, hat, hat, hat, hat, hat, hat, hat, hat, hat, hat, hat, hat, hat, hat, hat, hat	truck	hat	0.941176471	0.941176471	0.057067206	0.057067206	0.825
10843	hat/hat_02s.jpg	hat	hat	hat	hat, hat, hat, top hat, hat, hat, hat, hatchet, hat, filing cabinet	21874, 8012, 4929, 4339, 20374, 4047 7878, 12560, 4712 42397,	10	7	7	hat	0.7	0.7	0.9	18.0	nan	hand, hat, hat, hat, hat, hat, hat, hat, hat, hat, hat, hat, hat, hat, hat, hat, hat, hat	hand, hat, hat, hat, hat, hat, hat, hat, hat, hat, hat, hat, hat, hat, hat, hat, hat, hat	0	hat	0.944444444	0.944444444	0.053990295	0.053990295	0.804878049
10848	hat/hat_07s.jpg	hat	hat	hat	hat, hat, bowler hat, hat, hat, hat, top hat, shower cap, hat, bowler hat, hat, hat	2919, 4041, 4261, 2966, 4938, 9008, 7990, 11500, 3577, 15795, 3886, 3662,	12	8	8	hat	0.666666667	0.666666667	0.916666667	16.0	nan	hat, hat, hat, hat, hat, hat, hat, hat, hat, hat, hat, hat, hat, hat, hat, hat	hat, hat, hat, hat, hat, hat, hat, hat, hat, hat, hat, hat, hat, hat, hat, hat	rope	hat	1.0	1.0	0.0	0.0	0.658536585
10856	hat/hat_15s.jpg	hat	hat	hat	bowler hat, top hat, hat, cap (bottle cap), hat, hat, beanie (hat), hat, hat, hat, hat, bowler hat, hat, hat, top hat	5955, 5738, 4364, 6254, 3964, 4435, 5756, 2953 12544, 5696, 23444, 4981, 4063 3778, 2956,	15	9	9	hat	0.6	0.6	0.933333333	18.0	nan	hat, hat, hat, hat, hat, hat, hat, hat, hat, hat, hat, hat, hat, hat, hat, hat, hat, hat	hat, hat, hat, hat, hat, hat, hat, hat, hat, hat, hat, hat, hat, hat, hat, hat, hat, hat	bowler	hat	1.0	1.0	0.0	0.0	0.829268293
26864	hat.jpg	hat	hat	hat	hat, hat, shower cap, bowler hat, hat, shower cap, hat, hat, cap (bottle cap), hat, hat, shower cap	3442, 4648, 11548, 7918, 2972, 83050, 10249 5166, 5904 5110, 4417, 9280,	12	7	7	hat	0.583333333	0.583333333	0.666666667	nan	nan	nan	nan	nan	nan	nan	nan	nan	nan	nan
10858	hat/hat_17s.jpg	hat	hat	hat	cape (garment), hat, hat, hat, hatbox, cape (garment), patch (textile), cap (bottle cap), hat, hat, hat, cape (garment), hat, cape (garment), hat, hat	9522, 5370, 3239, 3098, 3385 9432, 116690, 94596, 2247 10621, 191609 9532, 17341, 29616, 10357, 1849,	16	9	9	hat	0.5625	0.5625	0.625	15.0	nan	baseball cap, cap, cap, cap, cap, hat, hat, hat, hat, hat, hat, hat, hat, riding cap, st	baseball cap, cap, cap, cap, cap, hat, hat, hat, hat, hat, hat, hat, hat, riding cap, st	adidas	hat	0.533333333	0.533333333	0.128812238	0.128812238	0.837837838
10851	hat/hat_10s.jpg	hat	hat	hat	baseball bat, cape (garment), cape (garment), cap (bottle cap), cap (bottle cap), shower cap, cape (garment), hat, shower cap, hat, cap (bottle cap), hat, shower cap, cape (garment)	67331, 13052, 5572, 10692, 5420, 198097, 5205, 3322, 18742, 6477 16359 4333 11822, 9031,	14	3	4	cape (garment)	0.214285714	0.214285714	0.214285714	19.0	nan	ball cap, ball cap, ballcap, baseball cap, baseball ht, cap, cap, cap, cap, cap, cap, hat, hat, hat, hat, hat, hat, hat, hat	ball cap, ball cap, ballcap, baseball cap, baseball ht, cap, cap, cap, cap, cap, cap, hat, hat, hat, hat, hat, hat, hat, hat	hat	hat	0.421052632	0.421052632	0.113268966	0.113268966	0.897435897
11104	helicopter/helicopter_07n.jpg	helicopter	helicopter	helicopter	helicopter, helicopter, helicopter, helicopter, helicopter, helicopter, helicopter, helicopter, helicopter, helicopter, helicopter, helicopter, helicopter, helicopter, helicopter, helicopter, helicopter, helicopter, helicopter, helicopter	6031, 13054, 4825, 23112, 30044, 4462 5551, 6237, 18568, 75444, 4241 5080, 9084, 5530 5212 8308, 5235, 2908, 7106, 3270,	20	20	20	helicopter	1.0	1.0	1.0	19.0	nan	helicopter, helicopter, helicopter, helicopter, helicopter, helicopter, helicopter, helicopter, helicopter, helicopter, helicopter, helicopter, helicopter, helicopter, helicopter, helicopter, helicopter, helicopter, helicopter	helicopter, helicopter, helicopter, helicopter, helicopter, helicopter, helicopter, helicopter, helicopter, helicopter, helicopter, helicopter, helicopter, helicopter, helicopter, helicopter, helicopter, helicopter, helicopter	helicopter	helicopter	1.0	1.0	0.0	0.0	0.820512821
11115	helicopter/helicopter_18s.jpg	helicopter	helicopter	helicopter	helicopter, helicopter, helicopter, helicopter, helicopter, helicopter, helicopter, helicopter, helicopter, helicopter, helicopter, helicopter, helicopter, helicopter, helicopter, helicopter, helicopter, helicopter, helicopter	2722, 3867, 7592, 6090, 4854, 4448, 5796, 7148, 32719, 16078, 4205, 19905, 5134, 3644, 10529, 73273, 3780, 4100, 22452,	19	19	19	helicopter	1.0	1.0	1.0	19.0	nan	helicopter, helicopter, helicopter, helicopter, helicopter, helicopter, helicopter, helicopter, helicopter, helicopter, helicopter, helicopter, helicopter, helicopter, helicopter, helicopter, helicopter, helicopter, helicopter	helicopter, helicopter, helicopter, helicopter, helicopter, helicopter, helicopter, helicopter, helicopter, helicopter, helicopter, helicopter, helicopter, helicopter, helicopter, helicopter, helicopter, helicopter, helicopter	nan	helicopter	1.0	1.0	0.0	0.0	0.853658537
11121	helicopter/helicopter_24s.jpg	helicopter	helicopter	helicopter	helicopter, helicopter, helicopter, helicopter, helicopter, helicopter, helicopter, helicopter, helicopter, helicopter, helicopter, helicopter, helicopter, helicopter, helicopter, helicopter, helicopter, helicopter, helicopter	3839, 30269, 10038, 3019, 5721, 2737, 4871, 2998, 3056, 8297, 2840, 4360, 4726, 10682, 13705, 5168, 23926, 6468, 14087,	19	19	19	helicopter	1.0	1.0	1.0	18.0	nan	helicopter, helicopter, helicopter, helicopter, helicopter, helicopter, helicopter, helicopter, helicopter, helicopter, helicopter, helicopter, helicopter, helicopter, helicopter, helicopter, helicopter, helicopter	helicopter, helicopter, helicopter, helicopter, helicopter, helicopter, helicopter, helicopter, helicopter, helicopter, helicopter, helicopter, helicopter, helicopter, helicopter, helicopter, helicopter, helicopter	blue sky	helicopter	1.0	1.0	0.0	0.0	0.731707317
11109	helicopter/helicopter_12s.jpg	helicopter	helicopter	helicopter	helicopter, helicopter, helicopter, helicopter, helicopter, helicopter, helicopter, helicopter, helicopter, helicopter, helicopter, helicopter, helicopter, helicopter, helicopter, helicopter, helicopter, helicopter	6366, 7936, 15201 3056, 3161, 7598, 7236 3207, 3414, 12662 4977, 5046, 3530, 4733, 3452, 4910, 9638 3743,	18	18	18	helicopter	1.0	1.0	1.0	20.0	nan	helicopter, helicopter, helicopter, helicopter, helicopter, helicopter, helicopter, helicopter, helicopter, helicopter, helicopter, helicopter, helicopter, helicopter, helicopter, helicopter, helicopter, helicopter, helicopter, helicopter	helicopter, helicopter, helicopter, helicopter, helicopter, helicopter, helicopter, helicopter, helicopter, helicopter, helicopter, helicopter, helicopter, helicopter, helicopter, helicopter, helicopter, helicopter, helicopter, helicopter	sky	helicopter	1.0	1.0	0.0	0.0	0.775
11111	helicopter/helicopter_14s.jpg	helicopter	helicopter	helicopter	helicopter, helicopter, helicopter, helicopter, helicopter, helicopter, helicopter, helicopter, helicopter, helicopter, helicopter, helicopter, helicopter, helicopter, helicopter, helicopter, helicopter	13467, 13956, 4849, 5125, 3890, 3716, 4556, 3578, 9598, 4214, 4551, 5521, 4254, 2122, 9153 2211, 20506,	17	17	17	helicopter	1.0	1.0	1.0	20.0	nan	helicopter, helicopter, helicopter, helicopter, helicopter, helicopter, helicopter, helicopter, helicopter, helicopter, helicopter, helicopter, helicopter, helicopter, helicopter, helicopter, helicopter, helicopter, helicopter, helicopter	helicopter, helicopter, helicopter, helicopter, helicopter, helicopter, helicopter, helicopter, helicopter, helicopter, helicopter, helicopter, helicopter, helicopter, helicopter, helicopter, helicopter, helicopter, helicopter, helicopter	nan	helicopter	1.0	1.0	0.0	0.0	0.829268293
11101	helicopter/helicopter_04s.jpg	helicopter	helicopter	helicopter	helicopter, helicopter, helicopter, helicopter, helicopter, helicopter, helicopter, helicopter, helicopter, helicopter, helicopter, helicopter, helicopter, helicopter, helicopter, helicopter, helicopter	4573, 5107, 2922, 3762, 4047, 11230, 5691, 32170 3253, 7031, 6751, 5891, 22959, 3005, 68900, 3079, 4101,	17	17	17	helicopter	1.0	1.0	1.0	19.0	nan	helicopter, helicopter, helicopter, helicopter, helicopter, helicopter, helicopter, helicopter, helicopter, helicopter, helicopter, helicopter, helicopter, helicopter, helicopter, helicopter, helicopter, helicopter, helicopter	helicopter, helicopter, helicopter, helicopter, helicopter, helicopter, helicopter, helicopter, helicopter, helicopter, helicopter, helicopter, helicopter, helicopter, helicopter, helicopter, helicopter, helicopter, helicopter	sky	helicopter	1.0	1.0	0.0	0.0	0.775
11118	helicopter/helicopter_21n.jpg	helicopter	helicopter	helicopter	helicopter, helicopter, helicopter, helicopter, helicopter, helicopter, helicopter, helicopter, helicopter, helicopter, helicopter, helicopter, helicopter, helicopter, helicopter, helicopter, helicopter	7190, 4359, 6176 5586, 5644, 6328, 3200, 2939, 4280, 2024, 10936, 39213, 5880, 21422, 10824, 6998, 9105,	17	17	17	helicopter	1.0	1.0	1.0	19.0	nan	helicopter, helicopter, helicopter, helicopter, helicopter, helicopter, helicopter, helicopter, helicopter, helicopter, helicopter, helicopter, helicopter, helicopter, helicopter, helicopter, helicopter, helicopter, helicopter	helicopter, helicopter, helicopter, helicopter, helicopter, helicopter, helicopter, helicopter, helicopter, helicopter, helicopter, helicopter, helicopter, helicopter, helicopter, helicopter, helicopter, helicopter, helicopter	sw	helicopter	1.0	1.0	0.0	0.0	0.763157895
11099	helicopter/helicopter_02s.jpg	helicopter	helicopter	helicopter	helicopter, helicopter, helicopter, helicopter, helicopter, helicopter, helicopter, helicopter, helicopter, helicopter, helicopter, helicopter, helicopter, helicopter, helicopter, helicopter, helicopter	7546, 5460, 2922, 6269 3596, 4153, 41926, 2951, 4078, 3236, 3217, 23511, 4445, 4717, 4542, 5045, 3056,	17	17	17	helicopter	1.0	1.0	1.0	18.0	nan	helicopter, helicopter, helicopter, helicopter, helicopter, helicopter, helicopter, helicopter, helicopter, helicopter, helicopter, helicopter, helicopter, helicopter, helicopter, helicopter, helicopter, helicopter	helicopter, helicopter, helicopter, helicopter, helicopter, helicopter, helicopter, helicopter, helicopter, helicopter, helicopter, helicopter, helicopter, helicopter, helicopter, helicopter, helicopter, helicopter	sky	helicopter	1.0	1.0	0.0	0.0	0.615384615
11119	helicopter/helicopter_22s.jpg	helicopter	helicopter	helicopter	helicopter, helicopter, helicopter, helicopter, helicopter, helicopter, helicopter, helicopter, helicopter, helicopter, helicopter, helicopter, helicopter, helicopter, helicopter, helicopter, helicopter	9446, 5114, 10683, 14070, 3647, 23853, 5714, 2910, 4466, 4445, 59707, 4981, 4996, 3401, 4593, 4357, 2854,	17	17	17	helicopter	1.0	1.0	1.0	18.0	nan	helicopter, helicopter, helicopter, helicopter, helicopter, helicopter, helicopter, helicopter, helicopter, helicopter, helicopter, helicopter, helicopter, helicopter, helicopter, helicopter, helicopter, helicopter	helicopter, helicopter, helicopter, helicopter, helicopter, helicopter, helicopter, helicopter, helicopter, helicopter, helicopter, helicopter, helicopter, helicopter, helicopter, helicopter, helicopter, helicopter	nan	helicopter	1.0	1.0	0.0	0.0	0.789473684
11116	helicopter/helicopter_19s.jpg	helicopter	helicopter	helicopter	helicopter, helicopter, helicopter, helicopter, helicopter, helicopter, helicopter, helicopter, helicopter, helicopter, helicopter, helicopter, helicopter, helicopter, helicopter, helicopter, helicopter	3247, 2914, 39852, 3602, 6372, 7852, 3473, 5689, 3498, 2451 3423, 8771, 16522, 5739, 3583, 5573, 8129,	17	17	17	helicopter	1.0	1.0	1.0	17.0	nan	helicopter, helicopter, helicopter, helicopter, helicopter, helicopter, helicopter, helicopter, helicopter, helicopter, helicopter, helicopter, helicopter, helicopter, helicopter, helicopter, helicopter	helicopter, helicopter, helicopter, helicopter, helicopter, helicopter, helicopter, helicopter, helicopter, helicopter, helicopter, helicopter, helicopter, helicopter, helicopter, helicopter, helicopter	man	helicopter	1.0	1.0	0.0	0.0	0.75
11112	helicopter/helicopter_15s.jpg	helicopter	helicopter	helicopter	helicopter, helicopter, helicopter, helicopter, helicopter, helicopter, helicopter, helicopter, helicopter, helicopter, helicopter, helicopter, helicopter, helicopter, helicopter, helicopter, helicopter	10658, 4977, 4763, 3205 4974, 5345 34844 13111, 21707, 7768, 6154, 5605, 4659 8170, 4129 6819, 5757,	17	17	17	helicopter	1.0	1.0	1.0	15.0	nan	helicopter, helicopter, helicopter, helicopter, helicopter, helicopter, helicopter, helicopter, helicopter, helicopter, helicopter, helicopter, helicopter, helicopter, helicopter	helicopter, helicopter, helicopter, helicopter, helicopter, helicopter, helicopter, helicopter, helicopter, helicopter, helicopter, helicopter, helicopter, helicopter, helicopter	clouds	helicopter	1.0	1.0	0.0	0.0	0.631578947
11113	helicopter/helicopter_16s.jpg	helicopter	helicopter	helicopter	helicopter, helicopter, helicopter, helicopter, helicopter, helicopter, helicopter, helicopter, helicopter, helicopter, helicopter, helicopter, helicopter, helicopter, helicopter, helicopter	39194, 4053, 9168, 4204, 145191, 5280, 7771, 6387, 18293, 6938, 5085, 5426 3409, 2665, 6037, 318909,	16	16	16	helicopter	1.0	1.0	1.0	19.0	nan	helicopter, helicopter, helicopter, helicopter, helicopter, helicopter, helicopter, helicopter, helicopter, helicopter, helicopter, helicopter, helicopter, helicopter, helicopter, helicopter, helicopter, helicopter, helicopter	helicopter, helicopter, helicopter, helicopter, helicopter, helicopter, helicopter, helicopter, helicopter, helicopter, helicopter, helicopter, helicopter, helicopter, helicopter, helicopter, helicopter, helicopter, helicopter	sky	helicopter	1.0	1.0	0.0	0.0	0.65
11122	helicopter/helicopter_25s.jpg	helicopter	helicopter	helicopter	helicopter, helicopter, helicopter, helicopter, helicopter, helicopter, helicopter, helicopter, helicopter, helicopter, helicopter, helicopter, helicopter, helicopter, helicopter, helicopter	4969, 5445, 6734, 4047, 184378, 8529, 8315, 41868 8420, 9185 3825, 11751, 30528 3201, 13887, 4371,	16	16	16	helicopter	1.0	1.0	1.0	16.0	nan	helicopter, helicopter, helicopter, helicopter, helicopter, helicopter, helicopter, helicopter, helicopter, helicopter, helicopter, helicopter, helicopter, helicopter, helicopter, helicopter	helicopter, helicopter, helicopter, helicopter, helicopter, helicopter, helicopter, helicopter, helicopter, helicopter, helicopter, helicopter, helicopter, helicopter, helicopter, helicopter	clouds	helicopter	1.0	1.0	0.0	0.0	0.65
11098	helicopter/helicopter_01b.jpg	helicopter	helicopter	helicopter	helicopter, helicopter, helicopter, helicopter, helicopter, helicopter, helicopter, helicopter, helicopter, helicopter, helicopter, helicopter, helicopter, helicopter	9797, 10198, 16302, 18343, 6190, 6800, 3439, 101707, 4778, 6338 5212, 4254, 5382, 4120,	14	14	14	helicopter	1.0	1.0	1.0	17.0	nan	helicopter, helicopter, helicopter, helicopter, helicopter, helicopter, helicopter, helicopter, helicopter, helicopter, helicopter, helicopter, helicopter, helicopter, helicopter, helicopter, helicopter	helicopter, helicopter, helicopter, helicopter, helicopter, helicopter, helicopter, helicopter, helicopter, helicopter, helicopter, helicopter, helicopter, helicopter, helicopter, helicopter, helicopter	grass sky clouds	helicopter	1.0	1.0	0.0	0.0	0.710526316
11120	helicopter/helicopter_23s.jpg	helicopter	helicopter	helicopter	helicopter, helicopter, helicopter, helicopter, helicopter, helicopter, helicopter, helicopter, helicopter, helicopter, helicopter, helicopter, helicopter, helicopter	12793, 4295 5667, 3804, 3640, 4543, 4051, 4701, 261877 5217, 10142, 14647, 3075, 7145	14	14	14	helicopter	1.0	1.0	1.0	16.0	nan	helicopter, helicopter, helicopter, helicopter, helicopter, helicopter, helicopter, helicopter, helicopter, helicopter, helicopter, helicopter, helicopter, helicopter, helicopter, helicopter	helicopter, helicopter, helicopter, helicopter, helicopter, helicopter, helicopter, helicopter, helicopter, helicopter, helicopter, helicopter, helicopter, helicopter, helicopter, helicopter	pilot	helicopter	1.0	1.0	0.0	0.0	0.717948718
11100	helicopter/helicopter_03s.jpg	helicopter	helicopter	helicopter	helicopter, helicopter, helicopter, helicopter, helicopter, helicopter, helicopter, helicopter, helicopter, helicopter, helicopter	7262, 115757, 5046, 5757, 8648, 23327, 7301, 28313, 4472, 15480, 3319,	11	11	11	helicopter	1.0	1.0	1.0	14.0	nan	helicopter, helicopter, helicopter, helicopter, helicopter, helicopter, helicopter, helicopter, helicopter, helicopter, helicopter, helicopter, helicopter, helicopter	helicopter, helicopter, helicopter, helicopter, helicopter, helicopter, helicopter, helicopter, helicopter, helicopter, helicopter, helicopter, helicopter, helicopter	landing pad	helicopter	1.0	1.0	0.0	0.0	0.710526316
11114	helicopter/helicopter_17n.jpg	helicopter	helicopter	helicopter	helicopter, helicopter, helicopter, helicopter, helicopter, helicopter, helicopter, helicopter, helicopter, helicopter, helicopter, helicopter, helicopter, helicopter, helicopter	4998, 22266 7923, 5455, 21071, 6440, 9118, 2952, 3977, 3961, 6384, 55551, 19595, 4566, 6478,	15	15	15	helicopter	1.0	1.0	1.0	19.0	nan	helicopter, helicopter, helicopter, helicopter, helicopter, helicopter, helicopter, helicopter, helicopter, helicopter, helicopter, helicopter, helicopter, helicopter, helicopter, helicopter, helicopter, helicopter, military aircraft	helicopter, helicopter, helicopter, helicopter, helicopter, helicopter, helicopter, helicopter, helicopter, helicopter, helicopter, helicopter, helicopter, helicopter, helicopter, helicopter, helicopter, helicopter, military aircraft	water	helicopter	0.947368421	0.947368421	0.051227817	0.051227817	0.58974359
11106	helicopter/helicopter_09s.jpg	helicopter	helicopter	helicopter	helicopter, helicopter, helicopter, helicopter, helicopter, helicopter, helicopter, helicopter, helicopter, helicopter, helicopter	4824, 2936, 5142, 17068, 7683, 1008189, 9421, 10023, 7327, 10524, 4763,	11	11	11	helicopter	1.0	1.0	1.0	17.0	nan	event, helicopter, helicopter, helicopter, helicopter, helicopter, helicopter, helicopter, helicopter, helicopter, helicopter, helicopter, helicopter, helicopter, helicopter, helicopter, helicopter	event, helicopter, helicopter, helicopter, helicopter, helicopter, helicopter, helicopter, helicopter, helicopter, helicopter, helicopter, helicopter, helicopter, helicopter, helicopter, helicopter	kids definition of event · 1 : something important or table that happens historical events · 2 : a social occasion (as a party) · 3 : the fact of happening in the event of	helicopter	0.941176471	0.941176471	0.057067206	0.057067206	0.789473684
11105	helicopter/helicopter_08s.jpg	helicopter	helicopter	helicopter	helicopter, helicopter, helicopter, helicopter, helicopter, helicopter, helicopter, helicopter, helicopter, helicopter	3986, 3497, 5670, 13030, 5772, 5033, 4406, 6775, 6263, 3025,	10	10	10	helicopter	1.0	1.0	1.0	14.0	nan	helicopter, helicopter, helicopter, helicopter, helicopter, helicopter, helicopter, helicopter, helicopter, helicopter, helicopter, helicopter, helicopter, mitten	helicopter, helicopter, helicopter, helicopter, helicopter, helicopter, helicopter, helicopter, helicopter, helicopter, helicopter, helicopter, helicopter, mitten	water	helicopter	0.928571429	0.928571429	0.068830294	0.068830294	0.725
11103	helicopter/helicopter_06s.jpg	helicopter	helicopter	helicopter	helicopter, helicopter, helicopter, helicopter, helicopter, outlet, helicopter, helicopter, helicopter, helicopter, helicopter, helicopter, helicopter, helicopter, helicopter, helicopter, helicopter, helicopter	5912, 2998, 7808, 3768, 8056, 4812, 100514, 9192, 7317, 3339, 8394, 5948 4335, 3870, 64186, 4860, 8005, 2770	18	17	17	helicopter	0.944444444	0.944444444	0.944444444	20.0	nan	helicopter, helicopter, helicopter, helicopter, helicopter, helicopter, helicopter, helicopter, helicopter, helicopter, helicopter, helicopter, helicopter, helicopter, helicopter, helicopter, helicopter, helicopter, helicopter, helicopter	helicopter, helicopter, helicopter, helicopter, helicopter, helicopter, helicopter, helicopter, helicopter, helicopter, helicopter, helicopter, helicopter, helicopter, helicopter, helicopter, helicopter, helicopter, helicopter, helicopter	sky	helicopter	1.0	1.0	0.0	0.0	0.775
11107	helicopter/helicopter_10s.jpg	helicopter	helicopter	helicopter	helicopter, helicopter, helicopter, toy, helicopter, helicopter, helicopter, helicopter, helicopter, helicopter, helicopter, helicopter, helicopter, helicopter, helicopter, helicopter, helicopter, helicopter	36962, 6516, 4740, 4575 2541, 4641, 6990, 3367, 6211, 40770, 3778, 4742, 5920, 12944, 3556 9676, 15185, 12897,	18	17	17	helicopter	0.944444444	0.944444444	0.944444444	17.0	nan	aeroplane, helicopter, helicopter, helicopter, helicopter, helicopter, helicopter, helicopter, helicopter, helicopter, helicopter, helicopter, helicopter, helicopter, helicopter, helicopter, helicopter	aeroplane, helicopter, helicopter, helicopter, helicopter, helicopter, helicopter, helicopter, helicopter, helicopter, helicopter, helicopter, helicopter, helicopter, helicopter, helicopter, helicopter	nan	helicopter	0.941176471	0.941176471	0.057067206	0.057067206	0.575
11102	helicopter/helicopter_05s.jpg	helicopter	helicopter	helicopter	helicopter, helicopter, airplane, helicopter, helicopter, helicopter, helicopter, helicopter, helicopter, helicopter, helicopter, helicopter, helicopter, helicopter, helicopter, helicopter, helicopter	5021 5626, 8624, 14740, 6245, 5653, 3768, 4836, 4565, 3203, 23857, 13431, 5404, 6549, 7935, 4933, 5041,	17	16	16	helicopter	0.941176471	0.941176471	0.941176471	20.0	nan	helicopter, helicopter, helicopter, helicopter, helicopter, helicopter, helicopter, helicopter, helicopter, helicopter, helicopter, helicopter, helicopter, helicopter, helicopter, helicopter, helicopter, helicopter, helicopter, helicopter	helicopter, helicopter, helicopter, helicopter, helicopter, helicopter, helicopter, helicopter, helicopter, helicopter, helicopter, helicopter, helicopter, helicopter, helicopter, helicopter, helicopter, helicopter, helicopter, helicopter	nan	helicopter	1.0	1.0	0.0	0.0	0.725
11117	helicopter/helicopter_20s.jpg	helicopter	helicopter	helicopter	helicopter, helicopter, helicopter, helicopter, helicopter, helicopter, helicopter, helicopter, helicopter, helicopter, helicopter, helicopter, helicopter, helicopter, football helmet	3061, 6160, 3654, 18058, 4632, 6878, 10046, 7778, 28877, 5424, 8670, 5497, 6928, 6742, 4710,	15	14	14	helicopter	0.933333333	0.933333333	0.933333333	20.0	nan	helicopter, helicopter, helicopter, helicopter, helicopter, helicopter, helicopter, helicopter, helicopter, helicopter, helicopter, helicopter, helicopter, helicopter, helicopter, helicopter, helicopter, helicopter, helicopter, helicopter	helicopter, helicopter, helicopter, helicopter, helicopter, helicopter, helicopter, helicopter, helicopter, helicopter, helicopter, helicopter, helicopter, helicopter, helicopter, helicopter, helicopter, helicopter, helicopter, helicopter	hanger	helicopter	1.0	1.0	0.0	0.0	0.744186047
26882	helicopter.jpg	helicopter	helicopter	helicopter	helicopter, helicopter, helicopter, helicopter, helicopter, helicopter, alligator, helicopter, helicopter, helicopter, helicopter, helicopter, helicopter, helicopter, helicopter	3112, 49667 3734, 5212, 32957, 7366, 14645, 8770, 11196, 5453 5462, 2596, 3619, 5702, 2933,	15	14	14	helicopter	0.933333333	0.933333333	0.933333333	nan	nan	nan	nan	nan	nan	nan	nan	nan	nan	nan
11110	helicopter/helicopter_13s.jpg	helicopter	helicopter	helicopter	helicopter, helicopter, crane (tower crane), helicopter, helicopter, helicopter, helicopter, helicopter, helicopter, helicopter, helicopter, crane (tower crane), helicopter, helicopter, helicopter, helicopter	3247, 2758, 38589, 33530, 6118, 5125, 96407, 4425 5773 14006, 8014, 48203 7902, 10730, 11198, 12700,	16	14	14	helicopter	0.875	0.875	0.875	20.0	nan	helicopter, helicopter, helicopter, helicopter, helicopter, helicopter, helicopter, helicopter, helicopter, helicopter, helicopter, helicopter, helicopter, helicopter, helicopter, helicopter, helicopter, helicopter, helicopter, helicopter	helicopter, helicopter, helicopter, helicopter, helicopter, helicopter, helicopter, helicopter, helicopter, helicopter, helicopter, helicopter, helicopter, helicopter, helicopter, helicopter, helicopter, helicopter, helicopter, helicopter	nan	helicopter	1.0	1.0	0.0	0.0	0.842105263
11108	helicopter/helicopter_11s.jpg	helicopter	helicopter	helicopter	helicopter, helicopter, alligator, helicopter, helicopter, helicopter, airplane, helicopter, helicopter, helicopter, helicopter, helicopter, helicopter	4998, 4800, 15032, 3558, 26805, 4035, 13165, 7307, 5339, 4150, 9678 3349, 5184,	13	11	11	helicopter	0.846153846	0.846153846	0.846153846	16.0	nan	helicopter, helicopter, helicopter, helicopter, helicopter, helicopter, helicopter, helicopter, helicopter, helicopter, helicopter, helicopter, helicopter, helicopter, helicopter, helicopter	helicopter, helicopter, helicopter, helicopter, helicopter, helicopter, helicopter, helicopter, helicopter, helicopter, helicopter, helicopter, helicopter, helicopter, helicopter, helicopter	sky	helicopter	1.0	1.0	0.0	0.0	0.75
11432	horse/horse_13s.jpg	horse	horse	horse	horse, horse, horse, horse, horse, horse, horse, horse, horse, horse, horse, horse, horse, horse, horse, horse, horse, horse, horse, horse, horse	3698, 11501, 3451, 4388 8401, 4822, 5771, 2811 4968, 6607, 5772, 5826, 3894, 2730, 27942, 2767, 4694, 14565, 6792, 2943, 4516,	21	21	21	horse	1.0	1.0	1.0	18.0	nan	horse, horse, horse, horse, horse, horse, horse, horse, horse, horse, horse, horse, horse, horse, horse, horse, horse, horse	horse, horse, horse, horse, horse, horse, horse, horse, horse, horse, horse, horse, horse, horse, horse, horse, horse, horse	grass	horse	1.0	1.0	0.0	0.0	0.675
11426	horse/horse_07s.jpg	horse	horse	horse	horse, horse, horse, horse, horse, horse, horse, horse, horse, horse, horse, horse, horse, horse, horse, horse, horse, horse, horse, horse	2515, 11468, 3319, 4271, 6562, 6956, 5848, 5566, 7990, 2641, 13637, 3638, 6521, 4141, 3569, 5278 3645, 4617, 22965, 4199,	20	20	20	horse	1.0	1.0	1.0	19.0	nan	horse, horse, horse, horse, horse, horse, horse, horse, horse, horse, horse, horse, horse, horse, horse, horse, horse, horse, horse	horse, horse, horse, horse, horse, horse, horse, horse, horse, horse, horse, horse, horse, horse, horse, horse, horse, horse, horse	grass	horse	1.0	1.0	0.0	0.0	0.651162791
11431	horse/horse_12s.jpg	horse	horse	horse	horse, horse, horse, horse, horse, horse, horse, horse, horse, horse, horse, horse, horse, horse, horse, horse, horse, horse	4594 4393, 7400, 22195, 4621, 5968, 2799, 3940, 100067, 4715, 5923 10007, 3963, 5263, 4112, 4278, 7049, 3122,	18	18	18	horse	1.0	1.0	1.0	20.0	nan	horse, horse, horse, horse, horse, horse, horse, horse, horse, horse, horse, horse, horse, horse, horse, horse, horse, horse, horse, horse	horse, horse, horse, horse, horse, horse, horse, horse, horse, horse, horse, horse, horse, horse, horse, horse, horse, horse, horse, horse	fence	horse	1.0	1.0	0.0	0.0	0.756097561
11427	horse/horse_08s.jpg	horse	horse	horse	horse, horse, horse, horse, horse, horse, horse, horse, horse, horse, horse, horse, horse, horse, horse, horse, horse, horse	4206, 7686, 6081, 6732, 4766, 5542, 4547, 51094, 6807, 37201, 6034, 11333, 10783, 19796, 3372, 5444, 19193, 6180,	18	18	18	horse	1.0	1.0	1.0	17.0	nan	horse, horse, horse, horse, horse, horse, horse, horse, horse, horse, horse, horse, horse, horse, horse, horse, horse	horse, horse, horse, horse, horse, horse, horse, horse, horse, horse, horse, horse, horse, horse, horse, horse, horse	grass	horse	1.0	1.0	0.0	0.0	0.738095238
11430	horse/horse_11s.jpg	horse	horse	horse	horse, horse, horse, horse, horse, horse, horse, horse, horse, horse, horse, horse, horse, horse, horse, horse, horse, horse	7093, 2395, 5058, 3581, 7906, 17229, 5296, 4734, 5150, 4524, 6988, 4431, 11257, 4194, 4751, 3918, 6913, 3596,	18	18	18	horse	1.0	1.0	1.0	16.0	nan	horse, horse, horse, horse, horse, horse, horse, horse, horse, horse, horse, horse, horse, horse, horse, horse	horse, horse, horse, horse, horse, horse, horse, horse, horse, horse, horse, horse, horse, horse, horse, horse	tree	horse	1.0	1.0	0.0	0.0	0.846153846
11424	horse/horse_05s.jpg	horse	horse	horse	horse, horse, horse, horse, horse, horse, horse, horse, horse, horse, horse, horse, horse, horse, horse, horse, horse	3527, 9697, 6848, 5377, 6830, 4726, 8524, 6881, 5618, 7480, 5188, 5731 2995, 4176, 7249, 9225, 5070,	17	17	17	horse	1.0	1.0	1.0	19.0	nan	horse, horse, horse, horse, horse, horse, horse, horse, horse, horse, horse, horse, horse, horse, horse, horse, horse, horse, horse	horse, horse, horse, horse, horse, horse, horse, horse, horse, horse, horse, horse, horse, horse, horse, horse, horse, horse, horse	grass	horse	1.0	1.0	0.0	0.0	0.727272727
11434	horse/horse_15s.jpg	horse	horse	horse	horse, horse, horse, horse, horse, horse, horse, horse, horse, horse, horse, horse, horse, horse, horse, horse	10904, 3446, 5807, 9392 9114, 8272, 6399, 4971, 2726, 5600, 3267, 6190 5404 3557, 3574, 4529,	16	16	16	horse	1.0	1.0	1.0	15.0	nan	horse, horse, horse, horse, horse, horse, horse, horse, horse, horse, horse, horse, horse, horse, horse	horse, horse, horse, horse, horse, horse, horse, horse, horse, horse, horse, horse, horse, horse, horse	trees	horse	1.0	1.0	0.0	0.0	0.815789474
11420	horse/horse_01b.jpg	horse	horse	horse	horse, horse, horse, horse, horse, horse, horse, horse, horse, horse, horse, horse, horse, horse, horse	9112, 5058, 5057, 6927, 11579, 3825, 4604, 2372, 2985, 5297, 3832, 5300, 92354, 2354, 6614,	15	15	15	horse	1.0	1.0	1.0	18.0	nan	horse, horse, horse, horse, horse, horse, horse, horse, horse, horse, horse, horse, horse, horse, horse, horse, horse, horse	horse, horse, horse, horse, horse, horse, horse, horse, horse, horse, horse, horse, horse, horse, horse, horse, horse, horse	house	horse	1.0	1.0	0.0	0.0	0.8
11435	horse/horse_16s.jpg	horse	horse	horse	horse, horse, horse, horse, horse, horse, horse, horse, horse, horse, horse, horse, horse	2980, 4335, 4214, 4930, 4612, 4385, 6198, 4789, 3451, 5367, 3886, 8279, 4532,	13	13	13	horse	1.0	1.0	1.0	18.0	nan	horse, horse, horse, horse, horse, horse, horse, horse, horse, horse, horse, horse, horse, horse, horse, horse, horse, horse	horse, horse, horse, horse, horse, horse, horse, horse, horse, horse, horse, horse, horse, horse, horse, horse, horse, horse	trees	horse	1.0	1.0	0.0	0.0	0.775
11422	horse/horse_03s.jpg	horse	horse	horse	horse, horse, horse, horse, horse, horse, horse, horse, horse, horse, horse, horse, horse	5380, 58001, 5148 4822, 6302 3695 22877, 48909, 7278, 5183, 7517, 3663, 8878,	13	13	13	horse	1.0	1.0	1.0	20.0	nan	horse, horse, horse, horse, horse, horse, horse, horse, horse, horse, horse, horse, horse, horse, horse, horse, horse, horse, horse, stallion	horse, horse, horse, horse, horse, horse, horse, horse, horse, horse, horse, horse, horse, horse, horse, horse, horse, horse, horse, stallion	sw	horse	0.95	0.95	0.048733972	0.048733972	0.756097561
11423	horse/horse_04s.jpg	horse	horse	horse	horse, horse, horse, horse, horse, horse, horse, horse, horse, horse, horse, horse, horse, horse	9534, 6471, 5158, 17043 3406, 15953, 5441, 4126 7061 9087, 4337, 10167, 4802, 3670,	14	14	14	horse	1.0	1.0	1.0	18.0	nan	hors, horse, horse, horse, horse, horse, horse, horse, horse, horse, horse, horse, horse, horse, horse, horse, horse, horse	hors, horse, horse, horse, horse, horse, horse, horse, horse, horse, horse, horse, horse, horse, horse, horse, horse, horse	nan	horse	0.944444444	0.944444444	0.053990295	0.053990295	0.780487805
11425	horse/horse_06s.jpg	horse	horse	horse	horse, horse, horse, horse, horse, horse, horse, horse, horse, horse, horse, horse, horse	4158, 6309, 4709, 3954, 5023, 6521, 5870 16631, 3747, 17296, 7291 6744, 5134,	13	13	13	horse	1.0	1.0	1.0	18.0	nan	horse, horse, horse, horse, horse, horse, horse, horse, horse, horse, horse, horse, horse, horse, horse, horse, horse, land	horse, horse, horse, horse, horse, horse, horse, horse, horse, horse, horse, horse, horse, horse, horse, horse, horse, land	land	horse	0.944444444	0.944444444	0.053990295	0.053990295	0.775
11433	horse/horse_14s.jpg	horse	horse	horse	horse, horse, horse, horse, horse, horse, horse, horse, horse, horse, horse, horse, horse, horse, horse, horse	6807, 6333, 13167, 14468 6270, 14478, 5985 18998 7374, 41113, 5238, 7126 41284, 6653, 5254, 3446,	16	16	16	horse	1.0	1.0	1.0	17.0	nan	horse, horse, horse, horse, horse, horse, horse, horse, horse, horse, horse, horse, horse, horse, horse, horse, mustang	horse, horse, horse, horse, horse, horse, horse, horse, horse, horse, horse, horse, horse, horse, horse, horse, mustang	sw	horse	0.941176471	0.941176471	0.057067206	0.057067206	0.85
11436	horse/horse_17s.jpg	horse	horse	horse	horse, horse, horse, horse, horse, horse, horse, horse, horse, horse, horse, horse, horse, horse, horse	4721, 5018, 3674, 5958, 4307, 4937, 7835, 5260, 4716, 7320, 7470, 21193, 2692, 4331, 7604	15	15	15	horse	1.0	1.0	1.0	17.0	nan	gelding, horse, horse, horse, horse, horse, horse, horse, horse, horse, horse, horse, horse, horse, horse, horse, stallion	gelding, horse, horse, horse, horse, horse, horse, horse, horse, horse, horse, horse, horse, horse, horse, horse, stallion	grass	horse	0.882352941	0.882352941	0.07814249	0.07814249	0.85
11429	horse/horse_10s.jpg	horse	horse	horse	horse, horse, horse, horse, horse, horse, horse, horse, horse, horse, horse, horse, horse	6615 6058, 7141, 3349, 3616, 3774, 2959, 4444, 6815, 5526, 5880, 7136, 4887,	13	13	13	horse	1.0	1.0	1.0	19.0	nan	hors, horse, horse, horse, horse, horse, horse, horse, horse, horse, horse, horse, horse, horse, horse, horse, horse, mustang, stallion	hors, horse, horse, horse, horse, horse, horse, horse, horse, horse, horse, horse, horse, horse, horse, horse, horse, mustang, stallion	houses	horse	0.842105263	0.842105263	0.083654675	0.083654675	0.763157895
11428	horse/horse_09s.jpg	horse	horse	horse	horse, horse, horse, horse, horse, horse, horse, horse, horse, horse, horse, horse, horse, horse, horse, horse, horse, horse, handbrake, horse	11236, 6337, 4223, 15364, 16174, 7790, 5210, 5453, 6496, 3654, 4877, 24986, 5871, 63179, 9041, 94740, 10927, 6339 6640, 2820,	20	19	19	horse	0.95	0.95	0.95	18.0	nan	horse, horse, horse, horse, horse, horse, horse, horse, horse, horse, horse, horse, horse, horse, horse, horse, horse, horse	horse, horse, horse, horse, horse, horse, horse, horse, horse, horse, horse, horse, horse, horse, horse, horse, horse, horse	stone wall	horse	1.0	1.0	0.0	0.0	0.794871795
11421	horse/horse_02s.jpg	horse	horse	horse	horse, horse, horse, horse, horse, horse, horse, horse, horse, horse, horse, horse, horse, zebra, horse, horse, horse	3364, 5094, 7566, 2508, 3527, 2579, 5086, 5250, 4603, 13672, 11949, 4687, 2738, 153828, 5413, 6221, 6088,	17	16	16	horse	0.941176471	0.941176471	0.941176471	19.0	nan	horse, horse, horse, horse, horse, horse, horse, horse, horse, horse, horse, horse, horse, horse, horse, horse, horse, horse, horse	horse, horse, horse, horse, horse, horse, horse, horse, horse, horse, horse, horse, horse, horse, horse, horse, horse, horse, horse	grass	horse	1.0	1.0	0.0	0.0	0.80952381
26905	horse.jpg	horse	horse	horse	horse, horse, horse, horse, horse, horse, horse, horse, shell (animal housing), horse, horse, horse, horse, horse, horse, horse	4312 7361, 8878, 2935, 9575, 4324, 6422, 14735, 5996, 2262, 6013, 3568, 4629, 9012, 5961, 4095,	16	15	15	horse	0.9375	0.9375	0.9375	nan	nan	nan	nan	nan	nan	nan	nan	nan	nan	nan
26995	ladybug.jpg	ladybug	ladybug	ladybug	ladybug, ladybug, ladybug, ladybug, ladybug, bug, ladybug, ladybug, ladybug, ladybug, ladybug, bird, ladybug, ladybug, bug	3150 5724, 5601, 4025 2336, 7376, 16786, 14817, 6162, 6694, 3930, 19076, 3169, 8415 4950,	15	12	12	ladybug	0.8	0.8	0.8	nan	nan	nan	nan	nan	nan	nan	nan	nan	nan	nan
12732	ladybug/ladybug_12s.jpg	ladybug	ladybug	ladybug	ladybug, ladybug, ladybug, tick (insect), ladybug, ladybug, ladybug, ladybug, bug, bug	3917, 107448, 4600, 112113, 3059, 9235, 6111 5454, 3431, 3581,	10	7	7	ladybug	0.7	0.7	0.7	19.0	nan	beetle, lady bug, lady bug, lady bug, lady bug, lady bug, lady bug, ladybug, ladybug, ladybug, ladybug, ladybug, ladybug, ladybug, ladybug, ladybug, ladybug, ladybug, ladybug	beetle, lady bug, lady bug, lady bug, lady bug, lady bug, lady bug, ladybug, ladybug, ladybug, ladybug, ladybug, ladybug, ladybug, ladybug, ladybug, ladybug, ladybug, ladybug	greenleaf	ladybug	0.631578947	0.631578947	0.110664733	0.110664733	0.820512821
12724	ladybug/ladybug_04s.jpg	ladybug	ladybug	ladybug	ladybug, ladybug, ladybug, ladybug, ladybug, ladybug, tick (insect), bug, ladybug, bug, bee	4522, 3402, 2835, 3025, 5665, 3447, 10021, 4085, 3796, 13901, 4418,	11	7	7	ladybug	0.636363636	0.636363636	0.636363636	19.0	nan	lady bug, lady bug, ladybug, ladybug, ladybug, ladybug, ladybug, ladybug, ladybug, ladybug, ladybug, ladybug, ladybug, ladybug, ladybug, ladybug, ladybug, ladybug, ladybug	lady bug, lady bug, ladybug, ladybug, ladybug, ladybug, ladybug, ladybug, ladybug, ladybug, ladybug, ladybug, ladybug, ladybug, ladybug, ladybug, ladybug, ladybug, ladybug	flower	ladybug	0.894736842	0.894736842	0.0704059	0.0704059	0.651219512
12722	ladybug/ladybug_02s.jpg	ladybug	ladybug	ladybug	ladybug, bug, ladybug, ladybug, ladybug, ladybug, ladybug, ladybug, bug, bug, tick (insect), ladybug, bug, bug, ladybug, ladybug	3461, 3349, 20789, 5607, 96646, 5211 17619, 3050, 13676, 6361, 51381, 3274, 2632, 2946, 2887, 3132	16	10	10	ladybug	0.625	0.625	0.625	16.0	nan	fact, lady bug, lady bug, lady bug, ladybug, ladybug, ladybug, ladybug, ladybug, ladybug, ladybug, ladybug, ladybug, ladybug, ladybug, ladybug	fact, lady bug, lady bug, lady bug, ladybug, ladybug, ladybug, ladybug, ladybug, ladybug, ladybug, ladybug, ladybug, ladybug, ladybug, ladybug	grass	ladybug	0.75	0.75	0.108253175	0.108253175	0.75
12721	ladybug/ladybug_01b.jpg	ladybug	ladybug	ladybug	bug, ladybug, ladybug, ladybug, ladybug, bug, bug, ladybug, bug, beetle, ladybug, ladybug, ladybug	4934, 5396, 48575, 4822, 4325 12163, 17931, 6620, 20826, 14207, 3356, 4309, 101937,	13	8	8	ladybug	0.615384615	0.615384615	0.615384615	19.0	nan	lady bug, lady bug, lady bug, lady bug, lady bug, ladybug, ladybug, ladybug, ladybug, ladybug, ladybug, ladybug, ladybug, ladybug, ladybug, ladybug, ladybug, ladybug, ladybug	lady bug, lady bug, lady bug, lady bug, lady bug, ladybug, ladybug, ladybug, ladybug, ladybug, ladybug, ladybug, ladybug, ladybug, ladybug, ladybug, ladybug, ladybug, ladybug	leaf	ladybug	0.736842105	0.736842105	0.101022618	0.101022618	0.87804878
12730	ladybug/ladybug_10s.jpg	ladybug	ladybug	ladybug	bug, ladybug, ladybug, tick (insect), leech, ladybug, beetle, ladybug, ladybug, ladybug, ladybug, bug, bug, ladybug, ladybug	5367, 3967, 8521, 5630, 10314, 3051, 5796, 5347, 3272, 4391, 4012, 24598, 5276, 36423, 3730,	15	9	9	ladybug	0.6	0.6	0.6	19.0	nan	animal, lady bug, lady bug, lady bug, lady bug, ladybug, ladybug, ladybug, ladybug, ladybug, ladybug, ladybug, ladybug, ladybug, ladybug, ladybug, ladybug, ladybug, ladybug	animal, lady bug, lady bug, lady bug, lady bug, ladybug, ladybug, ladybug, ladybug, ladybug, ladybug, ladybug, ladybug, ladybug, ladybug, ladybug, ladybug, ladybug, ladybug	nan	ladybug	0.736842105	0.736842105	0.101022618	0.101022618	0.736842105
12727	ladybug/ladybug_07s.jpg	ladybug	ladybug	ladybug	ladybug, ladybug, ladybug, ladybug, ladybug, bug, ladybug, bug, bee, ladybug, ladybug, ladybug, bird, bug, tick (insect)	4207 3796, 3406, 5275, 5676, 2296, 7048, 6959, 11912, 4799, 4298, 119629, 8192, 4692, 58517	15	9	9	ladybug	0.6	0.6	0.6	17.0	nan	lady, lady bug, lady bug, lady bug, lady bug, lady bug, lady bug, ladybug, ladybug, ladybug, ladybug, ladybug, ladybug, ladybug, ladybug, ladybug, ladybug	lady, lady bug, lady bug, lady bug, lady bug, lady bug, lady bug, ladybug, ladybug, ladybug, ladybug, ladybug, ladybug, ladybug, ladybug, ladybug, ladybug	leaves	ladybug	0.588235294	0.588235294	0.119364625	0.119364625	0.720930233
12723	ladybug/ladybug_03s.jpg	ladybug	ladybug	ladybug	ladybug, bug, ladybug, bug, ladybug, bug, ladybug, ladybug, ladybug, ladybug, ladybug, ladybug, bug, bee, slot (inserting slot)	4409, 6713, 4208, 7557, 36617, 5739, 8197 9701, 9821, 3410, 7350, 7909, 3191, 6705, 16589,	15	9	9	ladybug	0.6	0.6	0.6	16.0	nan	beetle, beetle, beetle, bug, lady bug, lady bug, lady bug, lady bug, lady bug, ladybird, ladybug, ladybug, ladybug, ladybug, ladybug, ladybug	beetle, beetle, beetle, bug, lady bug, lady bug, lady bug, lady bug, lady bug, ladybird, ladybug, ladybug, ladybug, ladybug, ladybug, ladybug	leaf	ladybug	0.375	0.375	0.12103073	0.12103073	0.76744186
12733	ladybug/ladybug_13s.jpg	ladybug	ladybug	ladybug	ladybug, ladybug, ladybug, bug, beetle, tick (insect), ladybug, ladybug, ladybug, bug, ladybug, ladybug, ladybug, bug, bug, bug	6140, 4935, 6002 27539 5805, 38275, 19024, 63846, 10931, 7077, 6025, 13994, 3965 2767, 3567, 2588	16	9	9	ladybug	0.5625	0.5625	0.5625	17.0	nan	beetle, bug, jhgytfghjikjhgf, lady bug, lady bug, lady bug, ladybug, ladybug, ladybug, ladybug, ladybug, ladybug, ladybug, ladybug, ladybug, ladybug, ladybug	beetle, bug, jhgytfghjikjhgf, lady bug, lady bug, lady bug, ladybug, ladybug, ladybug, ladybug, ladybug, ladybug, ladybug, ladybug, ladybug, ladybug, ladybug	plant	ladybug	0.647058824	0.647058824	0.115904043	0.115904043	0.785714286
12725	ladybug/ladybug_05s.jpg	ladybug	ladybug	ladybug	bug, ladybug, ladybug, finger, bead, bug, bug, ladybug, ladybug, ladybug, ladybug, ladybug, bug, bug, ladybug	5346, 4147, 4931, 31941, 16529, 3708, 12398, 5182, 2510, 12960, 4343, 3895, 3681, 12112, 5278,	15	8	8	ladybug	0.533333333	0.533333333	0.533333333	20.0	nan	bug, lady bug, ladybug, ladybug, ladybug, ladybug, ladybug, ladybug, ladybug, ladybug, ladybug, ladybug, ladybug, ladybug, ladybug, ladybug, ladybug, ladybug, ladybug, ladybug	bug, lady bug, ladybug, ladybug, ladybug, ladybug, ladybug, ladybug, ladybug, ladybug, ladybug, ladybug, ladybug, ladybug, ladybug, ladybug, ladybug, ladybug, ladybug, ladybug	finger	ladybug	0.9	0.9	0.067082039	0.067082039	0.928571429
12728	ladybug/ladybug_08s.jpg	ladybug	ladybug	ladybug	tick (insect), ladybug, tick (insect), ladybug, tick (insect), ladybug, ladybug, beetle, tick (insect), ladybug, ladybug, pug, ladybug, bug, bug	14549, 5077, 9001, 3823 15361, 3743, 2860, 15340, 20757, 3582, 5881, 11196, 22412, 4916, 4519,	15	7	7	ladybug	0.466666667	0.466666667	0.466666667	19.0	nan	lady bug, lady bug, lady bug, ladybug, ladybug, ladybug, ladybug, ladybug, ladybug, ladybug, ladybug, ladybug, ladybug, ladybug, ladybug, ladybug, ladybug, ladybug, ladybug	lady bug, lady bug, lady bug, ladybug, ladybug, ladybug, ladybug, ladybug, ladybug, ladybug, ladybug, ladybug, ladybug, ladybug, ladybug, ladybug, ladybug, ladybug, ladybug	leaf	ladybug	0.842105263	0.842105263	0.083654675	0.083654675	0.87804878
12726	ladybug/ladybug_06s.jpg	ladybug	ladybug	ladybug	ladybug, ladybug, bug, ladybug, squash, tick (insect), bug, buggy, ladybug, ladybug, bug	80239, 5118, 3398, 61967, 23205, 5904, 55155, 5768, 6579, 22867 4793,	11	5	5	ladybug	0.454545455	0.454545455	0.454545455	18.0	nan	beatle, beetle, bug, bug, insect, lady bug, lady bug, lady bug, lady bugs, ladybird beetle, ladybug, ladybug, ladybug, ladybug, ladybug, ladybug, ladybug, ladybug	beatle, beetle, bug, bug, insect, lady bug, lady bug, lady bug, lady bugs, ladybird beetle, ladybug, ladybug, ladybug, ladybug, ladybug, ladybug, ladybug, ladybug	leaf	ladybug	0.444444444	0.444444444	0.117121395	0.117121395	0.857142857
12729	ladybug/ladybug_09s.jpg	ladybug	ladybug	ladybug	ladybug, ladybug, tick (insect), ladybug, tick (insect), bug, bug, bug, bug, incense, tick (insect), ladybug, beetle, ladybug, ladybug	7881, 4548, 6933, 3557 46815, 27543, 2497, 20527, 11557, 37373, 10672, 3862 4597 4516, 3631,	15	6	6	ladybug	0.4	0.4	0.4	19.0	nan	beetle, beetle, beetle, bug, bug, bug, lady bug, lady bug, lady bug, lady bug, lady bug, ladybird beetle, ladybug, ladybug, ladybug, ladybug, ladybug, ladybug, spotted bug	beetle, beetle, beetle, bug, bug, bug, lady bug, lady bug, lady bug, lady bug, lady bug, ladybird beetle, ladybug, ladybug, ladybug, ladybug, ladybug, ladybug, spotted bug	leaf	ladybug	0.315789474	0.315789474	0.106639205	0.106639205	0.736842105
12731	ladybug/ladybug_11s.jpg	ladybug	ladybug	ladybug	ladybug, ant, bug, beetle, ladybug, tick (insect), ladybug, beetle, bug, bug, bug, bug, bug	4850, 29910, 3933 103985, 16734, 8360, 36373, 79276, 7375, 7050, 7256, 4798, 4950,	13	3	6	bug	0.230769231	0.230769231	0.230769231	17.0	nan	asian lady beetle, beatle, beetle, beetle, lady bug, lady bug, lady bug, lady bug, lady bug, lady bug, ladybug, ladybug, ladybug, ladybug, ladybug, ladybug, ladybug	asian lady beetle, beatle, beetle, beetle, lady bug, lady bug, lady bug, lady bug, lady bug, lady bug, ladybug, ladybug, ladybug, ladybug, ladybug, ladybug, ladybug	nan	ladybug	0.411764706	0.411764706	0.119364625	0.119364625	0.868421053
12780	lamp/lamp_13s.jpg	lamp	lamp	lamp	lamp, lamp, lamp, lamp, lamp, lamp, lamp, lampshade, lamp, lamp, lamp, lamp, lamp, lamp, lamp	9276, 6464, 3738, 4430, 8575, 95354, 7371, 9290, 11373, 2716, 5035, 17848, 3032, 3408, 4405,	15	14	14	lamp	0.933333333	0.933333333	1.0	18.0	nan	lamp, lamp, lamp, lamp, lamp, lamp, lamp, lamp, lamp, lamp, lamp, lamp, lamp, lamp, lamp, lamp, lamp, lamp	lamp, lamp, lamp, lamp, lamp, lamp, lamp, lamp, lamp, lamp, lamp, lamp, lamp, lamp, lamp, lamp, lamp, lamp	white wall	lamp	1.0	1.0	0.0	0.0	0.825
12771	lamp/lamp_04s.jpg	lamp	lamp	lamp	lamp, lamp, lamp, lamp, lamp, lamp, lamp, lamp, lamp, lamp, lamp, lamp, lamp, lamp, lightbulb, lightbulb, lamp, lamp	4594, 3263, 32912, 8631, 20080 16362, 17410, 2572, 29135, 6364, 5699, 9871, 4614, 5211, 7762, 7510, 3351, 5985,	18	16	16	lamp	0.888888889	0.888888889	0.888888889	14.0	nan	lamp, lamp, lamp, lamp, lamp, lamp, lamp, lamp, lamp, lamp, lamp, lamp, lamp, lamp	lamp, lamp, lamp, lamp, lamp, lamp, lamp, lamp, lamp, lamp, lamp, lamp, lamp, lamp	table	lamp	1.0	1.0	0.0	0.0	0.666666667
12768	lamp/lamp_01b.jpg	lamp	lamp	lamp	lamp, lamp, lamp, lamp, lamp, lamp, lamp, lamp, lightbulb, lamp, lightbulb, lamp, lamp, lamp, lamp, lamp	3649 3051, 8622, 31118, 2906, 10767, 2680, 4502, 4016, 25667, 12174, 3975, 4839 3324, 3342, 4310	16	14	14	lamp	0.875	0.875	0.875	20.0	nan	lamp, lamp, lamp, lamp, lamp, lamp, lamp, lamp, lamp, lamp, lamp, lamp, lamp, lamp, lamp, lamp, lamp, lamp, lamp, lamp	lamp, lamp, lamp, lamp, lamp, lamp, lamp, lamp, lamp, lamp, lamp, lamp, lamp, lamp, lamp, lamp, lamp, lamp, lamp, lamp	end table	lamp	1.0	1.0	0.0	0.0	0.795454545
12774	lamp/lamp_07s.jpg	lamp	lamp	lamp	lamp, lamp, lamp, lamp, lamp, lamp, lamp, lamp, lamp, lamb, lamp, lampshade, lamp, lamp, lamp	3211 3627, 5516, 8701, 4629, 18256, 3945, 4298, 9725, 12165, 9551, 11736, 31435, 3552, 7981,	15	13	13	lamp	0.866666667	0.866666667	0.933333333	20.0	nan	lamp, lamp, lamp, lamp, lamp, lamp, lamp, lamp, lamp, lamp, lamp, lamp, lamp, lamp, lamp, lamp, lamp, lamp, lamp, lamp	lamp, lamp, lamp, lamp, lamp, lamp, lamp, lamp, lamp, lamp, lamp, lamp, lamp, lamp, lamp, lamp, lamp, lamp, lamp, lamp	table	lamp	1.0	1.0	0.0	0.0	0.769230769
12779	lamp/lamp_12s.jpg	lamp	lamp	lamp	lamp, lamp, blanket, lamp, lamp, lightbulb, lamp, lamp, lamp, lamp	2301, 4946, 114378, 5110, 8811, 27822, 3762, 13511, 13327, 2899,	10	8	8	lamp	0.8	0.8	0.8	17.0	nan	lamp, lamp, lamp, lamp, lamp, lamp, lamp, lamp, lamp, lamp, lamp, lamp, lamp, lamp, lamp, lamp, lamp	lamp, lamp, lamp, lamp, lamp, lamp, lamp, lamp, lamp, lamp, lamp, lamp, lamp, lamp, lamp, lamp, lamp	table	lamp	1.0	1.0	0.0	0.0	0.714285714
12772	lamp/lamp_05s.jpg	lamp	lamp	lamp	lamp, lamp, lamb, lamp, lamp, lightbulb, lamp, lamp, lightbulb, lamp, lamp, lamp, lamp, lamp, lamp	3599, 25334 178496, 2868 4928 12740, 3613, 3333, 15821, 5548, 3875, 3300, 9207, 4923, 4404,	15	12	12	lamp	0.8	0.8	0.8	17.0	nan	lamb, lamp, lamp, lamp, lamp, lamp, lamp, lamp, lamp, lamp, lamp, lamp, lamp, lamp, lamp, lamp, lamp	lamb, lamp, lamp, lamp, lamp, lamp, lamp, lamp, lamp, lamp, lamp, lamp, lamp, lamp, lamp, lamp, lamp	outlet	lamp	0.941176471	0.941176471	0.057067206	0.057067206	0.65
12769	lamp/lamp_02s.jpg	lamp	lamp	lamp	lamp, lamp, lamp, lamp, lamp, lamp, lamp, lamb, lamp, lamp, lumber, lamp, lamb, lamp, lamp	3893, 7738, 3185, 9761 5862, 5104, 4007, 24973, 5333, 4352, 4205, 4527, 7773, 4283, 5999	15	12	12	lamp	0.8	0.8	0.8	15.0	nan	lamp, lamp, lamp, lamp, lamp, lamp, lamp, lamp, lamp, lamp, lamp, lamp, lamp, lamp, light	lamp, lamp, lamp, lamp, lamp, lamp, lamp, lamp, lamp, lamp, lamp, lamp, lamp, lamp, light	table	lamp	0.933333333	0.933333333	0.064406119	0.064406119	0.707317073
12778	lamp/lamp_11s.jpg	lamp	lamp	lamp	lamp, lamp, lamp, lamb, lamp, lamp, lightbulb, lamp, lamp, lamp, lamb, lamp, lamp	3320, 2757, 4855, 15713, 5365, 7990, 9279, 2006, 7458 4214, 7310, 3592, 4569	13	10	10	lamp	0.769230769	0.769230769	0.769230769	19.0	nan	lamp, lamp, lamp, lamp, lamp, lamp, lamp, lamp, lamp, lamp, lamp, lamp, lamp, lamp, lamp, lamp, lamp, lamp, lamp	lamp, lamp, lamp, lamp, lamp, lamp, lamp, lamp, lamp, lamp, lamp, lamp, lamp, lamp, lamp, lamp, lamp, lamp, lamp	table	lamp	1.0	1.0	0.0	0.0	0.8
12770	lamp/lamp_03s.jpg	lamp	lamp	lamp	lamb, lamp, lamp, lamp, cereal, lamp, lampshade, lamp, lamp, lamp, lamp, lamp, lamp	9900, 4947, 3119, 12296 63283, 25198, 4367, 6804, 3966, 25678, 39766, 5641, 2972,	13	10	10	lamp	0.769230769	0.769230769	0.846153846	15.0	nan	lamp, lamp, lamp, lamp, lamp, lamp, lamp, lamp, lamp, lamp, lamp, lamp, lamp, lamp, lamp	lamp, lamp, lamp, lamp, lamp, lamp, lamp, lamp, lamp, lamp, lamp, lamp, lamp, lamp, lamp	lampshade	lamp	1.0	1.0	0.0	0.0	0.642857143
12775	lamp/lamp_08s.jpg	lamp	lamp	lamp	lamp, lamp, lamb, lamp, lamp, lamp, lamp, lamp, lightbulb, lamp, lightbulb, lamp, lamp, lightbulb, lamp, lamp, lamp	8142, 4198 13939, 16151, 13946, 8053, 4804, 7165, 7216, 6101, 8987, 8787, 13875, 4682, 3462, 8501, 5674,	17	13	13	lamp	0.764705882	0.764705882	0.764705882	18.0	nan	lamp, lamp, lamp, lamp, lamp, lamp, lamp, lamp, lamp, lamp, lamp, lamp, lamp, lamp, lamp, lamp, lamp, lamp	lamp, lamp, lamp, lamp, lamp, lamp, lamp, lamp, lamp, lamp, lamp, lamp, lamp, lamp, lamp, lamp, lamp, lamp	sofa	lamp	1.0	1.0	0.0	0.0	0.725
12777	lamp/lamp_10s.jpg	lamp	lamp	lamp	lamb, lamp, lampshade, lamp, lamp, lamp, lamp, lamp, lamp, lamb, lamp, lamp, lamb, lamp, lamp	6440, 39662 39706, 3744 4390, 27557, 3071, 26259, 6300, 225117, 5569, 13747, 85881, 7159, 6478	15	11	11	lamp	0.733333333	0.733333333	0.8	20.0	nan	lamp, lamp, lamp, lamp, lamp, lamp, lamp, lamp, lamp, lamp, lamp, lamp, lamp, lamp, lamp, lamp, lamp, lamp, lamp, lamp	lamp, lamp, lamp, lamp, lamp, lamp, lamp, lamp, lamp, lamp, lamp, lamp, lamp, lamp, lamp, lamp, lamp, lamp, lamp, lamp	nan	lamp	1.0	1.0	0.0	0.0	0.743589744
12773	lamp/lamp_06s.jpg	lamp	lamp	lamp	lamp, lamp, lamp, lamp, lightbulb, lamp, lightbulb, lightning bug, lamp, lamp, light switch, lamp, lamp	7609, 18589, 3093, 36189, 12009, 3327, 5173 21287 6303, 7134, 17310, 52176, 16307	13	9	9	lamp	0.692307692	0.692307692	0.692307692	18.0	nan	desk light, lamp, lamp, lamp, lamp, lamp, lamp, lamp, lamp, lamp, lamp, lamp, lamp, lamp, lamp, lamp, light, table torch	desk light, lamp, lamp, lamp, lamp, lamp, lamp, lamp, lamp, lamp, lamp, lamp, lamp, lamp, lamp, lamp, light, table torch	cloth	lamp	0.833333333	0.833333333	0.087841046	0.087841046	0.756097561
12776	lamp/lamp_09s.jpg	lamp	lamp	lamp	lamp, lamp, lamb, lamp, lamp, lamp, lamp, lamp, lamp, light switch, lamp, lamb, lamb, lamb, lamp	3226, 4249 4724, 3712, 3977, 12416, 3006, 3078, 5070, 7845, 2194, 10699, 29874, 6812, 4792,	15	10	10	lamp	0.666666667	0.666666667	0.666666667	17.0	nan	lamp, lamp, lamp, lamp, lamp, lamp, lamp, lamp, lamp, lamp, lamp, lamp, lamp, lamp, lamp, lamp, lamp	lamp, lamp, lamp, lamp, lamp, lamp, lamp, lamp, lamp, lamp, lamp, lamp, lamp, lamp, lamp, lamp, lamp	table	lamp	1.0	1.0	0.0	0.0	0.761904762
26998	lamp.jpg	lamp	lamp	lamp	lightbulb, lightbulb, lamp, lamb, lamp, lamb, nightstand, lamp, lamp, lampshade	14750, 14041 4030, 6092 3925, 22588, 5681, 8127, 3187, 73138	10	4	4	lamp	0.4	0.4	0.5	nan	nan	nan	nan	nan	nan	nan	nan	nan	nan	nan
12973	leaf/leaf_03s.jpg	leaf	leaf	leaf	leaf, leaf, leaf, leaf, leaf, leaf, leaf, leaf, leaf, leaf, leaf, leaf, leaf, leaf, leaf, leaf, leaf	2758, 4218, 5765, 5699, 5542, 27656, 14934, 3469, 4453, 4520, 2406, 7286 2604, 7162, 5168, 6021, 7126,	17	17	17	leaf	1.0	1.0	1.0	18.0	nan	leaf, leaf, leaf, leaf, leaf, leaf, leaf, leaf, leaf, leaf, leaf, leaf, leaf, leaf, leaf, leaf, leaf, leaf	leaf, leaf, leaf, leaf, leaf, leaf, leaf, leaf, leaf, leaf, leaf, leaf, leaf, leaf, leaf, leaf, leaf, leaf	nan	leaf	1.0	1.0	0.0	0.0	0.85
12975	leaf/leaf_05s.jpg	leaf	leaf	leaf	leaf, leaf, leaf, leaf, leaf, leaf, leaf, leaf, leaf, leaf, leaf, leaf, leaf, leaf, leaf, leaf	6014, 138977, 7047, 2745, 27891, 2580, 3131, 9990, 7792, 3627, 5605, 1995, 5219 5076, 2271, 16048,	16	16	16	leaf	1.0	1.0	1.0	18.0	nan	leaf, leaf, leaf, leaf, leaf, leaf, leaf, leaf, leaf, leaf, leaf, leaf, leaf, leaf, leaf, leaf, leaf, leaf	leaf, leaf, leaf, leaf, leaf, leaf, leaf, leaf, leaf, leaf, leaf, leaf, leaf, leaf, leaf, leaf, leaf, leaf	paper	leaf	1.0	1.0	0.0	0.0	0.75
12980	leaf/leaf_10s.jpg	leaf	leaf	leaf	leaf, leaf, leaf, leaf, leaf, leaf, leaf, leaf, leaf, leaf, leaf, leaf, leaf, leaf, leaf, leaf	6937, 3430, 7967, 9049, 3096, 2832, 5834 9258, 3739, 6887, 6831, 4098, 1991, 3033, 5963, 6093,	16	16	16	leaf	1.0	1.0	1.0	18.0	nan	leaf, leaf, leaf, leaf, leaf, leaf, leaf, leaf, leaf, leaf, leaf, leaf, leaf, leaf, leaf, leaf, leaf, leaf	leaf, leaf, leaf, leaf, leaf, leaf, leaf, leaf, leaf, leaf, leaf, leaf, leaf, leaf, leaf, leaf, leaf, leaf	nan	leaf	1.0	1.0	0.0	0.0	0.85
12971	leaf/leaf_01b.jpg	leaf	leaf	leaf	leaf, leaf, leaf, leaf, leaf, leaf, leaf, leaf, leaf, leaf, leaf, leaf, leaf, leaf, leaf	6692, 6158, 4795, 34833, 4084, 4214, 6559 3172 2643 3724 2885, 4200, 83790, 27245, 4056,	15	15	15	leaf	1.0	1.0	1.0	18.0	nan	leaf, leaf, leaf, leaf, leaf, leaf, leaf, leaf, leaf, leaf, leaf, leaf, leaf, leaf, leaf, leaf, leaf, leaf	leaf, leaf, leaf, leaf, leaf, leaf, leaf, leaf, leaf, leaf, leaf, leaf, leaf, leaf, leaf, leaf, leaf, leaf	branch	leaf	1.0	1.0	0.0	0.0	0.790697674
12972	leaf/leaf_02s.jpg	leaf	leaf	leaf	leaf, leaf, leaf, leaf, leaf, leaf, leaf, leaf, leaf, leaf, leaf, leaf, leaf, leaf, leaf	5126, 12109, 11829, 39881, 3486 5426, 6172, 6886, 8105 18724 6149, 17023, 7205, 3775, 9764,	15	15	15	leaf	1.0	1.0	1.0	17.0	nan	leaf, leaf, leaf, leaf, leaf, leaf, leaf, leaf, leaf, leaf, leaf, leaf, leaf, leaf, leaf, leaf, leaf	leaf, leaf, leaf, leaf, leaf, leaf, leaf, leaf, leaf, leaf, leaf, leaf, leaf, leaf, leaf, leaf, leaf	nan	leaf	1.0	1.0	0.0	0.0	0.725
12978	leaf/leaf_08s.jpg	leaf	leaf	leaf	leaf, leaf, leaf, leaf, leaf, leaf, leaf, leaf, leaf, leaf, leaf, leaf, leaf	5283, 8574, 8348, 12806, 4247, 6695, 7050, 4578 3298, 3157, 5037, 6849, 2532,	13	13	13	leaf	1.0	1.0	1.0	19.0	nan	leaf, leaf, leaf, leaf, leaf, leaf, leaf, leaf, leaf, leaf, leaf, leaf, leaf, leaf, leaf, leaf, leaf, leaf, leaf	leaf, leaf, leaf, leaf, leaf, leaf, leaf, leaf, leaf, leaf, leaf, leaf, leaf, leaf, leaf, leaf, leaf, leaf, leaf	nan	leaf	1.0	1.0	0.0	0.0	0.702702703
12977	leaf/leaf_07s.jpg	leaf	leaf	leaf	leaf, leaf, leaf, leaf, leaf, leaf, leaf, leaf, leaf, leaf	4416, 4890, 2364, 2614, 6500, 6234, 3673, 7982, 4767, 7804,	10	10	10	leaf	1.0	1.0	1.0	18.0	nan	leaf, leaf, leaf, leaf, leaf, leaf, leaf, leaf, leaf, leaf, leaf, leaf, leaf, leaf, leaf, leaf, leaf, leaf	leaf, leaf, leaf, leaf, leaf, leaf, leaf, leaf, leaf, leaf, leaf, leaf, leaf, leaf, leaf, leaf, leaf, leaf	nan	leaf	1.0	1.0	0.0	0.0	0.829268293
12976	leaf/leaf_06s.jpg	leaf	leaf	leaf	leaf, leaf, leaf, leaf, leaf, leaf, leaf, leaf, leaf, leaf, leaf, leaf, leaf, leaf, leaf	3007, 7480 3375, 3836, 4374, 5298 4099, 8165, 3887, 3625, 9141, 3503, 9495, 18116, 3266,	15	15	15	leaf	1.0	1.0	1.0	18.0	nan	ertf, leaf, leaf, leaf, leaf, leaf, leaf, leaf, leaf, leaf, leaf, leaf, leaf, leaf, leaf, leaf, leaf, leaf	ertf, leaf, leaf, leaf, leaf, leaf, leaf, leaf, leaf, leaf, leaf, leaf, leaf, leaf, leaf, leaf, leaf, leaf	fder	leaf	0.944444444	0.944444444	0.053990295	0.053990295	0.8
27013	leaf.jpg	leaf	leaf	leaf	leaf, leaf, leaf, leaf, leaf, leaf, leaf, leaf, leaf, leaf, leaf, leaf, leaf	13568, 4905, 6916, 13166, 7175, 6846, 4703 4996, 20528, 3982, 8359, 7402, 8742,	13	13	13	leaf	1.0	1.0	1.0	nan	nan	nan	nan	nan	nan	nan	nan	nan	nan	nan
12974	leaf/leaf_04s.jpg	leaf	leaf	leaf	leaf, leaf, mulberry, leaf, leaf, leaf, leaf, leaf, leaf, leaf, leaf, leaf, leaf, leaf, leaf, leaf, leaf, leaf	5004, 6698, 53933, 4404 3925, 3733, 6667, 2407, 4233 3666, 6497, 3267 7338, 4216, 6830, 4539, 3818, 6714,	18	17	17	leaf	0.944444444	0.944444444	0.944444444	19.0	nan	leaf, leaf, leaf, leaf, leaf, leaf, leaf, leaf, leaf, leaf, leaf, leaf, leaf, leaf, leaf, leaf, leaf, leaf, leaf	leaf, leaf, leaf, leaf, leaf, leaf, leaf, leaf, leaf, leaf, leaf, leaf, leaf, leaf, leaf, leaf, leaf, leaf, leaf	spots	leaf	1.0	1.0	0.0	0.0	0.615384615
12981	leaf/leaf_11s.jpg	leaf	leaf	leaf	leaf, leaf, leaf, leaf, leaf, leaf, leaf, plant, leaf, leaf, leaf, leaf, leaf, leaf, leaf, leaf, leaf	2635, 12043, 72766, 4702, 4248, 3401, 10806, 17797, 6913, 22891, 5950, 4118, 6069, 2431, 5193, 3581, 3412,	17	16	16	leaf	0.941176471	0.941176471	0.941176471	15.0	nan	leaf, leaf, leaf, leaf, leaf, leaf, leaf, leaf, leaf, leaf, leaf, leaf, leaf, leaf, leaf	leaf, leaf, leaf, leaf, leaf, leaf, leaf, leaf, leaf, leaf, leaf, leaf, leaf, leaf, leaf	nan	leaf	1.0	1.0	0.0	0.0	0.863636364
12979	leaf/leaf_09s.jpg	leaf	leaf	leaf	leaf, leaf, leaf, leaf, leaf, leaf, leaf, leaf, leaf, leaf, leaf, plant, leaf, leaf, leaf, leaf	7253, 9868 3103, 2795, 3087 11779, 5179, 3215, 13181, 6986, 2372, 20809, 4269, 4879 10822, 7753,	16	15	15	leaf	0.9375	0.9375	0.9375	17.0	nan	leaf, leaf, leaf, leaf, leaf, leaf, leaf, leaf, leaf, leaf, leaf, leaf, leaf, leaf, leaf, leaf, leaf	leaf, leaf, leaf, leaf, leaf, leaf, leaf, leaf, leaf, leaf, leaf, leaf, leaf, leaf, leaf, leaf, leaf	nan	leaf	1.0	1.0	0.0	0.0	0.775
12983	leaf/leaf_13s.jpg	leaf	leaf	leaf	leaf, leaf, leaf, leaf, leaf, leaf, leaf, leaf, leaf, leaf, cake, leaf, leaf, leaf, leaf, leaf	6212, 3422, 5093 2341 4074, 5200, 2850, 261635, 3955 3887 16045 2793, 6204, 10288, 6620 8094,	16	15	15	leaf	0.9375	0.9375	0.9375	19.0	nan	ertyy, leaf, leaf, leaf, leaf, leaf, leaf, leaf, leaf, leaf, leaf, leaf, leaf, leaf, leaf, leaf, leaf, leaf, leaf	ertyy, leaf, leaf, leaf, leaf, leaf, leaf, leaf, leaf, leaf, leaf, leaf, leaf, leaf, leaf, leaf, leaf, leaf, leaf	gtrdr	leaf	0.947368421	0.947368421	0.051227817	0.051227817	0.780487805
12982	leaf/leaf_12s.jpg	leaf	leaf	leaf	leaf, leaf, plant, leaf, leaf, leaf, leaf, leaf, leaf, leaf, leaf, leaf, leaf	12387, 5861, 255183, 3918 4697 5563, 8493 9620, 3985, 4447, 2380, 7126, 2652,	13	12	12	leaf	0.923076923	0.923076923	0.923076923	20.0	nan	leaf, leaf, leaf, leaf, leaf, leaf, leaf, leaf, leaf, leaf, leaf, leaf, leaf, leaf, leaf, leaf, leaf, leaf, leaf, leaf	leaf, leaf, leaf, leaf, leaf, leaf, leaf, leaf, leaf, leaf, leaf, leaf, leaf, leaf, leaf, leaf, leaf, leaf, leaf, leaf	grass	leaf	1.0	1.0	0.0	0.0	0.775
12984	leaf/leaf_14s.jpg	leaf	leaf	leaf	grapevine, leaf, leaf, leaf, leaf, leaf, leaf, tree, leaf, leaf, leaf, leaf, leaf, leaf	32487, 4435, 2944, 3411, 4637, 3104, 9444 9215, 4696, 3658, 2998, 7287, 30936, 3044,	14	12	12	leaf	0.857142857	0.857142857	0.857142857	16.0	nan	leaf, leaf, leaf, leaf, leaf, leaf, leaf, leaf, leaf, leaf, leaf, leaf, leaf, leaf, leaf, leag	leaf, leaf, leaf, leaf, leaf, leaf, leaf, leaf, leaf, leaf, leaf, leaf, leaf, leaf, leaf, leag	nan	leaf	0.9375	0.9375	0.060515365	0.060515365	0.717948718
13339	lion/lion_09s.jpg	lion	lion	lion	lion, lion, lion, lion, lion, lion, lion, lion, lion, lion, lion, lion, lion, lion, lion, lion, lion, lion, lion, lion	3339, 5454, 3840, 5645, 8370 2808, 6142, 5089, 4599, 4766 4929, 6742, 19022, 3521, 3738, 2830, 2826, 8712, 3032, 4019,	20	20	20	lion	1.0	1.0	1.0	19.0	nan	lion, lion, lion, lion, lion, lion, lion, lion, lion, lion, lion, lion, lion, lion, lion, lion, lion, lion, lion	lion, lion, lion, lion, lion, lion, lion, lion, lion, lion, lion, lion, lion, lion, lion, lion, lion, lion, lion	grass	lion	1.0	1.0	0.0	0.0	0.825
13352	lion/lion_22s.jpg	lion	lion	lion	lion, lion, lion, lion, lion, lion, lion, lion, lion, lion, lion, lion, lion, lion, lion, lion, lion, lion, lion, lion	4242, 3652, 5509, 2907 4100 2006, 24262, 4837, 4564, 7900, 3688, 4174, 2808, 2545, 8647, 30474, 8640, 2344, 4826, 3043,	20	20	20	lion	1.0	1.0	1.0	18.0	nan	lion, lion, lion, lion, lion, lion, lion, lion, lion, lion, lion, lion, lion, lion, lion, lion, lion, lion	lion, lion, lion, lion, lion, lion, lion, lion, lion, lion, lion, lion, lion, lion, lion, lion, lion, lion	trees	lion	1.0	1.0	0.0	0.0	0.794871795
13331	lion/lion_01b.jpg	lion	lion	lion	lion, lion, lion, lion, lion, lion, lion, lion, lion, lion, lion, lion, lion, lion, lion, lion, lion, lion	6125, 30172, 2573, 4633, 3668, 6795, 7182, 10598, 10983, 3482, 6412 10223, 2909, 2997, 3590, 4658, 3430, 3041,	18	18	18	lion	1.0	1.0	1.0	18.0	nan	lion, lion, lion, lion, lion, lion, lion, lion, lion, lion, lion, lion, lion, lion, lion, lion, lion, lion	lion, lion, lion, lion, lion, lion, lion, lion, lion, lion, lion, lion, lion, lion, lion, lion, lion, lion	trees	lion	1.0	1.0	0.0	0.0	0.8
13344	lion/lion_14s.jpg	lion	lion	lion	lion, lion, lion, lion, lion, lion, lion, lion, lion, lion, lion, lion, lion, lion, lion, lion, lion	3822, 6001, 3338, 44703 3656, 4860, 6092, 5788, 4677, 4452, 2252, 3339, 4673, 5327, 4638, 4342, 2924,	17	17	17	lion	1.0	1.0	1.0	19.0	nan	lion, lion, lion, lion, lion, lion, lion, lion, lion, lion, lion, lion, lion, lion, lion, lion, lion, lion, lion	lion, lion, lion, lion, lion, lion, lion, lion, lion, lion, lion, lion, lion, lion, lion, lion, lion, lion, lion	nan	lion	1.0	1.0	0.0	0.0	0.820512821
13354	lion/lion_24s.jpg	lion	lion	lion	lion, lion, lion, lion, lion, lion, lion, lion, lion, lion, lion, lion, lion, lion, lion, lion, lion	2728, 7248, 12050, 9232, 4521, 10734, 5187, 4726, 4333 4047, 3507 4056, 4749, 5237, 7045, 2539, 3626,	17	17	17	lion	1.0	1.0	1.0	19.0	nan	lion, lion, lion, lion, lion, lion, lion, lion, lion, lion, lion, lion, lion, lion, lion, lion, lion, lion, lion	lion, lion, lion, lion, lion, lion, lion, lion, lion, lion, lion, lion, lion, lion, lion, lion, lion, lion, lion	sw	lion	1.0	1.0	0.0	0.0	0.804878049
13351	lion/lion_21s.jpg	lion	lion	lion	lion, lion, lion, lion, lion, lion, lion, lion, lion, lion, lion, lion, lion, lion, lion, lion	4962, 5174, 10225, 22798, 3121, 3135, 7580 4753, 4543, 6814, 2894, 1975, 10415, 5861, 4605, 2463,	16	16	16	lion	1.0	1.0	1.0	19.0	nan	lion, lion, lion, lion, lion, lion, lion, lion, lion, lion, lion, lion, lion, lion, lion, lion, lion, lion, lion	lion, lion, lion, lion, lion, lion, lion, lion, lion, lion, lion, lion, lion, lion, lion, lion, lion, lion, lion	nan	lion	1.0	1.0	0.0	0.0	0.769230769
13335	lion/lion_05s.jpg	lion	lion	lion	lion, lion, lion, lion, lion, lion, lion, lion, lion, lion, lion, lion, lion, lion, lion, lion	3933, 7866, 6871, 2411, 4292, 2959, 3559, 8879, 3487, 8461 13656, 5431 5895, 3606, 1543, 2502,	16	16	16	lion	1.0	1.0	1.0	18.0	nan	lion, lion, lion, lion, lion, lion, lion, lion, lion, lion, lion, lion, lion, lion, lion, lion, lion, lion	lion, lion, lion, lion, lion, lion, lion, lion, lion, lion, lion, lion, lion, lion, lion, lion, lion, lion	trees	lion	1.0	1.0	0.0	0.0	0.820512821
13333	lion/lion_03s.jpg	lion	lion	lion	lion, lion, lion, lion, lion, lion, lion, lion, lion, lion, lion, lion, lion, lion, lion, lion	9700, 3477, 3414 3506, 4527, 3832, 4975, 5962, 8179, 3208, 5737, 5326, 4310, 3639, 6435, 4454,	16	16	16	lion	1.0	1.0	1.0	16.0	nan	lion, lion, lion, lion, lion, lion, lion, lion, lion, lion, lion, lion, lion, lion, lion, lion	lion, lion, lion, lion, lion, lion, lion, lion, lion, lion, lion, lion, lion, lion, lion, lion	cage	lion	1.0	1.0	0.0	0.0	0.88372093
13345	lion/lion_15s.jpg	lion	lion	lion	lion, lion, lion, lion, lion, lion, lion, lion, lion, lion, lion, lion, lion, lion, lion	3277, 7172, 3254 8836, 5870, 8105 5348, 2753, 4345, 6709, 6719, 5240, 10407, 31256, 3749,	15	15	15	lion	1.0	1.0	1.0	20.0	nan	lion, lion, lion, lion, lion, lion, lion, lion, lion, lion, lion, lion, lion, lion, lion, lion, lion, lion, lion, lion	lion, lion, lion, lion, lion, lion, lion, lion, lion, lion, lion, lion, lion, lion, lion, lion, lion, lion, lion, lion	weeds	lion	1.0	1.0	0.0	0.0	0.794871795
13353	lion/lion_23s.jpg	lion	lion	lion	lion, lion, lion, lion, lion, lion, lion, lion, lion, lion, lion, lion, lion, lion, lion	4561, 2693 4540, 5359, 3082, 4223, 11300, 2998, 6634, 6955, 7952, 4763, 11715, 2501, 7831	15	15	15	lion	1.0	1.0	1.0	20.0	nan	lion, lion, lion, lion, lion, lion, lion, lion, lion, lion, lion, lion, lion, lion, lion, lion, lion, lion, lion, lion	lion, lion, lion, lion, lion, lion, lion, lion, lion, lion, lion, lion, lion, lion, lion, lion, lion, lion, lion, lion	rock	lion	1.0	1.0	0.0	0.0	0.894736842
13346	lion/lion_16s.jpg	lion	lion	lion	lion, lion, lion, lion, lion, lion, lion, lion, lion, lion, lion, lion, lion, lion, lion	3861, 4973, 3023, 3027, 4797, 16040, 4593, 3966, 4634, 2766, 6987, 4294, 3572, 4878 4329,	15	15	15	lion	1.0	1.0	1.0	18.0	nan	lion, lion, lion, lion, lion, lion, lion, lion, lion, lion, lion, lion, lion, lion, lion, lion, lion, lion	lion, lion, lion, lion, lion, lion, lion, lion, lion, lion, lion, lion, lion, lion, lion, lion, lion, lion	grounds	lion	1.0	1.0	0.0	0.0	0.902439024
13341	lion/lion_11s.jpg	lion	lion	lion	lion, lion, lion, lion, lion, lion, lion, lion, lion, lion, lion, lion, lion, lion	3478 3667, 3270, 3182, 3009, 3533, 3456, 4143, 6153, 5391, 4068 10851 49782, 1904	14	14	14	lion	1.0	1.0	1.0	19.0	nan	lion, lion, lion, lion, lion, lion, lion, lion, lion, lion, lion, lion, lion, lion, lion, lion, lion, lion, lion	lion, lion, lion, lion, lion, lion, lion, lion, lion, lion, lion, lion, lion, lion, lion, lion, lion, lion, lion	dirt	lion	1.0	1.0	0.0	0.0	0.757467994
13337	lion/lion_07s.jpg	lion	lion	lion	lion, lion, lion, lion, lion, lion, lion, lion, lion, lion, lion, lion, lion, lion	4292, 6364, 2843, 4213, 8158, 6557, 7612, 4389, 13990, 4488, 9261, 2986, 3601 8617,	14	14	14	lion	1.0	1.0	1.0	18.0	nan	lion, lion, lion, lion, lion, lion, lion, lion, lion, lion, lion, lion, lion, lion, lion, lion, lion, lion	lion, lion, lion, lion, lion, lion, lion, lion, lion, lion, lion, lion, lion, lion, lion, lion, lion, lion	grass	lion	1.0	1.0	0.0	0.0	0.80952381
13343	lion/lion_13s.jpg	lion	lion	lion	lion, lion, lion, lion, lion, lion, lion, lion, lion, lion, lion, lion, lion	6521, 2738, 4378, 4818, 4472, 2787, 4366, 3122, 3790, 2067, 2615 3031, 9880,	13	13	13	lion	1.0	1.0	1.0	16.0	nan	lion, lion, lion, lion, lion, lion, lion, lion, lion, lion, lion, lion, lion, lion, lion, lion	lion, lion, lion, lion, lion, lion, lion, lion, lion, lion, lion, lion, lion, lion, lion, lion	forest	lion	1.0	1.0	0.0	0.0	0.820512821
13350	lion/lion_20s.jpg	lion	lion	lion	lion, lion, lion, lion, lion, lion, lion, lion, lion, lion, lion, lion	8515, 4829, 6741, 3472, 20338, 4099, 4892, 4940, 8279 5878, 5451, 14209,	12	12	12	lion	1.0	1.0	1.0	17.0	nan	lion, lion, lion, lion, lion, lion, lion, lion, lion, lion, lion, lion, lion, lion, lion, lion, lion	lion, lion, lion, lion, lion, lion, lion, lion, lion, lion, lion, lion, lion, lion, lion, lion, lion	rock	lion	1.0	1.0	0.0	0.0	0.846153846
13336	lion/lion_06s.jpg	lion	lion	lion	lion, lion, lion, lion, lion, lion, lion, lion, lion, lion, lion, lion, lion, lion	5314, 2728, 5194 33792 10890, 3370, 4017 3023, 7409, 3913, 22964, 2537, 5623, 5286	14	14	14	lion	1.0	1.0	1.0	19.0	nan	lion, lion, lion, lion, lion, lion, lion, lion, lion, lion, lion, lion, lion, lion, lion, lion, lion, lion, tiger	lion, lion, lion, lion, lion, lion, lion, lion, lion, lion, lion, lion, lion, lion, lion, lion, lion, lion, tiger	nature	lion	0.947368421	0.947368421	0.051227817	0.051227817	0.725
13355	lion/lion_25s.jpg	lion	lion	lion	lion, lion, lion, lion, lion, lion, lion, lion, lion, lion, lion, lion, lion	2908 2834, 3084, 5739, 4870 4442, 6251, 6078, 3749, 4317, 8553, 4206, 2158,	13	13	13	lion	1.0	1.0	1.0	19.0	nan	ghjk, lion, lion, lion, lion, lion, lion, lion, lion, lion, lion, lion, lion, lion, lion, lion, lion, lion, lion	ghjk, lion, lion, lion, lion, lion, lion, lion, lion, lion, lion, lion, lion, lion, lion, lion, lion, lion, lion	savanna ecosystem	lion	0.947368421	0.947368421	0.051227817	0.051227817	0.921052632
13334	lion/lion_04s.jpg	lion	lion	lion	lion, lion, lion, lion, lion, lion, lion, lion, lion, lion, lion, lion, lion, lion	39190, 4822 4079, 3402 3714, 3782, 5494, 5839, 2678, 2422, 5254 7091, 4100, 3443,	14	14	14	lion	1.0	1.0	1.0	20.0	nan	lion, lion, lion, lion, lion, lion, lion, lion, lion, lion, lion, lion, lion, lion, lion, lion, lion, lion, tiger, tiger	lion, lion, lion, lion, lion, lion, lion, lion, lion, lion, lion, lion, lion, lion, lion, lion, lion, lion, tiger, tiger	nan	lion	0.9	0.9	0.067082039	0.067082039	0.853658537
27040	lion.jpg	lion	lion	lion	lion, lion, lion, lion, lion, lion, lion, lion, lion, lion, lion	2473 3981, 4067, 3476, 5126, 3606, 4533 2901, 3947, 2736, 2780,	11	11	11	lion	1.0	1.0	1.0	nan	nan	nan	nan	nan	nan	nan	nan	nan	nan	nan
13348	lion/lion_18s.jpg	lion	lion	lion	lion, lion, lion, lion, lion, lion, lion, power line, lion, lion, lion, lion, lion, lion, lion, lion	3319, 3983, 2550, 5978, 4093, 3153 6271, 18469 6303, 2754, 2556 3497, 6285, 3513, 9749, 2201,	16	15	15	lion	0.9375	0.9375	0.9375	19.0	nan	lion, lion, lion, lion, lion, lion, lion, lion, lion, lion, lion, lion, lion, lion, lion, lion, lion, lion, loin	lion, lion, lion, lion, lion, lion, lion, lion, lion, lion, lion, lion, lion, lion, lion, lion, lion, lion, loin	sky	lion	0.947368421	0.947368421	0.051227817	0.051227817	0.875
13349	lion/lion_19s.jpg	lion	lion	lion	lion, lion, lion, lion, lion, lion, lion, lion, lion, lion, lion, lion, lion, lion, tiger, lion	9629, 4137, 5448, 12819, 5392, 5777, 4034, 2994, 2815, 6927, 5550, 7725, 3533, 4294, 9829, 3726,	16	15	15	lion	0.9375	0.9375	0.9375	18.0	nan	lion, lion, lion, lion, lion, lion, lion, lion, lion, lion, lion, lion, lion, lion, lion, lion, lion, tiger	lion, lion, lion, lion, lion, lion, lion, lion, lion, lion, lion, lion, lion, lion, lion, lion, lion, tiger	nan	lion	0.944444444	0.944444444	0.053990295	0.053990295	0.829268293
13332	lion/lion_02s.jpg	lion	lion	lion	lion, lion, lion, lion, lion, lion, lion, lion, lion, lion, lion, lion, tiger, lion, lion	27037, 3306, 3826, 3887, 2876, 6989, 4036, 4126, 4036, 393678, 4060, 7599, 5092, 3767, 31193,	15	14	14	lion	0.933333333	0.933333333	0.933333333	19.0	nan	lion, lion, lion, lion, lion, lion, lion, lion, lion, lion, lion, lion, lion, lion, lion, lion, lion, lion, lion	lion, lion, lion, lion, lion, lion, lion, lion, lion, lion, lion, lion, lion, lion, lion, lion, lion, lion, lion	tree	lion	1.0	1.0	0.0	0.0	0.820512821
13338	lion/lion_08s.jpg	lion	lion	lion	lion, lion, lion, lion, lion, lion, lion, lion, lion, lion, loincloth, lion, lion, lion, lion	6060, 3610, 5148, 6570, 4121, 6129, 3670, 3324, 5655, 3127, 9824 5145, 3439, 5853 3403,	15	14	14	lion	0.933333333	0.933333333	0.933333333	19.0	nan	lion, lion, lion, lion, lion, lion, lion, lion, lion, lion, lion, lion, lion, lion, lion, lion, lion, lion, lion	lion, lion, lion, lion, lion, lion, lion, lion, lion, lion, lion, lion, lion, lion, lion, lion, lion, lion, lion	wheat field	lion	1.0	1.0	0.0	0.0	0.853658537
13347	lion/lion_17s.jpg	lion	lion	lion	lion, lion, lion, lion, lion, lion, flask, lion, lion, lion, lion, lion, tiger	4328 3464, 64237, 2713, 75307, 7118, 13478, 1911, 5250 6185, 77309, 118197, 5420,	13	11	11	lion	0.846153846	0.846153846	0.846153846	20.0	nan	lion, lion, lion, lion, lion, lion, lion, lion, lion, lion, lion, lion, lion, lion, lion, lion, lion, lion, lion, lion	lion, lion, lion, lion, lion, lion, lion, lion, lion, lion, lion, lion, lion, lion, lion, lion, lion, lion, lion, lion	nan	lion	1.0	1.0	0.0	0.0	0.794871795
13340	lion/lion_10s.jpg	lion	lion	lion	lion, lion, lion, lion, lion, lion, calf (animal), lion, dog, lion, lion, tiger, lion, lion, lion	2290, 17751, 6547, 10622 5549, 10591 9209, 21816, 6317, 7417, 7324, 3174, 6163, 6031, 27675,	15	12	12	lion	0.8	0.8	0.8	19.0	nan	lion, lion, lion, lion, lion, lion, lion, lion, lion, lion, lion, lion, lion, lion, lion, lion, lion, lion, tiger	lion, lion, lion, lion, lion, lion, lion, lion, lion, lion, lion, lion, lion, lion, lion, lion, lion, lion, tiger	grass	lion	0.947368421	0.947368421	0.051227817	0.051227817	0.85
13342	lion/lion_12s.jpg	lion	lion	lion	tiger, lion, lion, lion, tiger, lion, lion, lion, lion, tiger, lion	8666, 18002, 4130 12733, 10084, 4726, 3824, 8239, 4208, 6271, 1933,	11	8	8	lion	0.727272727	0.727272727	0.727272727	17.0	nan	lion, lion, lion, lion, lion, lion, lion, lion, lion, lion, lion, lion, lion, lion, lion, lion, tigress	lion, lion, lion, lion, lion, lion, lion, lion, lion, lion, lion, lion, lion, lion, lion, lion, tigress	sticks	lion	0.941176471	0.941176471	0.057067206	0.057067206	0.815789474
14625	motorcycle/motorcycle_10s.jpg	motorcycle	motorcycle	motorcycle	motorcycle, motorcycle, motorcycle, bike (bicycle), motorcycle, motorcycle, parachute, motorcycle, dirt bike (vehicle), motorcycle, motorcycle, motorcycle, motorcycle, motorcycle	5304, 2934, 6805, 6589, 6793, 5493, 14644, 5368, 5359, 6030, 21963, 3234, 5751, 4013,	14	11	11	motorcycle	0.785714286	0.785714286	0.785714286	20.0	nan	bike, bike, motor cycles, motorbike, motorcycle, motorcycle, motorcycle, motorcycle, motorcycle, motorcycle, motorcycle, motorcycle, motorcycle, motorcycle, motorcycle, motorcycle, motorcycle, motorcycle, motorcycle, motorcycle	bike, bike, motor cycles, motorbike, motorcycle, motorcycle, motorcycle, motorcycle, motorcycle, motorcycle, motorcycle, motorcycle, motorcycle, motorcycle, motorcycle, motorcycle, motorcycle, motorcycle, motorcycle, motorcycle	road	motorcycle	0.8	0.8	0.089442719	0.089442719	0.8
14617	motorcycle/motorcycle_02s.jpg	motorcycle	motorcycle	motorcycle	motorcycle, motorcycle, motorcycle, motorcycle, motorcycle, motorcycle, dirt bike (vehicle), motorcycle, motorcycle, motorcycle, motorcycle, bike (bicycle), bike (bicycle)	40375, 2993, 3081, 3348, 4715, 3315, 11927, 4628, 2565, 4621, 4615, 12007, 4105,	13	10	10	motorcycle	0.769230769	0.769230769	0.769230769	17.0	nan	bike, motorcycle, motorcycle, motorcycle, motorcycle, motorcycle, motorcycle, motorcycle, motorcycle, motorcycle, motorcycle, motorcycle, motorcycle, motorcycle, motorcycle, motorcycle, motorcycle	bike, motorcycle, motorcycle, motorcycle, motorcycle, motorcycle, motorcycle, motorcycle, motorcycle, motorcycle, motorcycle, motorcycle, motorcycle, motorcycle, motorcycle, motorcycle, motorcycle	road	motorcycle	0.941176471	0.941176471	0.057067206	0.057067206	0.69047619
27132	motorcycle.jpg	motorcycle	motorcycle	motorcycle	motorcycle, motorcycle, dirt bike (vehicle), motorcycle, dirt bike (vehicle), bike (bicycle), motorcycle, motorcycle, bike (bicycle), motorcycle, motorcycle, bike (bicycle), motorcycle	4922, 5116 13364, 4409, 7047, 5395, 3587, 5628, 34770 4898, 8252, 14766, 4301,	13	8	8	motorcycle	0.615384615	0.615384615	0.615384615	nan	nan	nan	nan	nan	nan	nan	nan	nan	nan	nan
14630	motorcycle/motorcycle_15n.jpg	motorcycle	motorcycle	motorcycle	motorcycle, motorcycle, dirt bike (vehicle), motorcycle, bike (bicycle), motorcycle, bike (bicycle), motorcycle, bike (bicycle), motorcycle, bike (bicycle), motorcycle, motorcycle, bike (bicycle), motorcycle	3635, 2172, 9437, 4163, 20598 7981, 9599 38289 3893, 98550, 9082, 8511, 81078, 4926, 3942,	15	9	9	motorcycle	0.6	0.6	0.6	20.0	nan	bike, bike, bike, motor bike, motor bike, motorbike, motorbike, motorcycle, motorcycle, motorcycle, motorcycle, motorcycle, motorcycle, motorcycle, motorcycle, motorcycle, motorcycle, motorcycle, motorcycle, motorcycle	bike, bike, bike, motor bike, motor bike, motorbike, motorbike, motorcycle, motorcycle, motorcycle, motorcycle, motorcycle, motorcycle, motorcycle, motorcycle, motorcycle, motorcycle, motorcycle, motorcycle, motorcycle	street	motorcycle	0.65	0.65	0.106653645	0.106653645	0.707317073
14618	motorcycle/motorcycle_03s.jpg	motorcycle	motorcycle	motorcycle	motorcycle, motorcycle, motorcycle, motorcycle, bike (bicycle), motorcycle, bike (bicycle), dirt bike (vehicle), motorcycle, dirt bike (vehicle), motorcycle, motorcycle, dirt bike (vehicle), motorcycle, motorcycle, bike (bicycle), bike (bicycle)	5714, 9175, 4785, 10792, 3725, 8848, 5629, 10098, 2997, 9578, 8441, 2611, 4118, 4113, 3472, 6190, 5788,	17	10	10	motorcycle	0.588235294	0.588235294	0.588235294	18.0	nan	motorcycle, motorcycle, motorcycle, motorcycle, motorcycle, motorcycle, motorcycle, motorcycle, motorcycle, motorcycle, motorcycle, motorcycle, motorcycle, motorcycle, motorcycle, motorcycle, motorcycle, motorcycle	motorcycle, motorcycle, motorcycle, motorcycle, motorcycle, motorcycle, motorcycle, motorcycle, motorcycle, motorcycle, motorcycle, motorcycle, motorcycle, motorcycle, motorcycle, motorcycle, motorcycle, motorcycle	grass	motorcycle	1.0	1.0	0.0	0.0	0.769230769
14620	motorcycle/motorcycle_05s.jpg	motorcycle	motorcycle	motorcycle	bike (bicycle), motorcycle, motorcycle, dirt bike (vehicle), motorcycle, motorcycle, bike (bicycle), dirt bike (vehicle), bike (bicycle), motorcycle, bike (bicycle), motorcycle, motorcycle, motorcycle, motorcycle, bike (bicycle), motorcycle	3796, 12810 3623, 11924, 10208, 2870, 17217 18519, 20285, 7141 8752, 16374, 4154, 7023 6065, 3829, 2833,	17	10	10	motorcycle	0.588235294	0.588235294	0.588235294	18.0	nan	motorcycle, motorcycle, motorcycle, motorcycle, motorcycle, motorcycle, motorcycle, motorcycle, motorcycle, motorcycle, motorcycle, motorcycle, motorcycle, motorcycle, motorcycle, motorcycle, motorcycle, motorcycle	motorcycle, motorcycle, motorcycle, motorcycle, motorcycle, motorcycle, motorcycle, motorcycle, motorcycle, motorcycle, motorcycle, motorcycle, motorcycle, motorcycle, motorcycle, motorcycle, motorcycle, motorcycle	man	motorcycle	1.0	1.0	0.0	0.0	0.725
14629	motorcycle/motorcycle_14n.jpg	motorcycle	motorcycle	motorcycle	bike (bicycle), motorcycle, motorcycle, motorcycle, bike (bicycle), bike (bicycle), motorcycle, motorcycle, bike (bicycle), bullet, motorcycle, motorcycle, bike (bicycle), motorcycle	46687 4286, 10084, 8830 6196, 5149, 9617, 3245, 6996, 8293, 6086, 3697, 15037, 5110,	14	8	8	motorcycle	0.571428571	0.571428571	0.571428571	18.0	nan	bike, motorcycle, motorcycle, motorcycle, motorcycle, motorcycle, motorcycle, motorcycle, motorcycle, motorcycle, motorcycle, motorcycle, motorcycle, motorcycle, motorcycle, motorcycle, motorcycle, motorcycle	bike, motorcycle, motorcycle, motorcycle, motorcycle, motorcycle, motorcycle, motorcycle, motorcycle, motorcycle, motorcycle, motorcycle, motorcycle, motorcycle, motorcycle, motorcycle, motorcycle, motorcycle	concrete	motorcycle	0.944444444	0.944444444	0.053990295	0.053990295	0.682926829
14628	motorcycle/motorcycle_13s.jpg	motorcycle	motorcycle	motorcycle	bike (bicycle), motorcycle, motorcycle, bike (bicycle), motorcycle, bike (bicycle), bike (bicycle), dirt bike (vehicle), motorcycle, motorcycle, bike (bicycle), motorcycle, motorcycle, motorcycle	7187, 4783, 7807 5272, 8138, 14215, 7662, 9875, 2995, 4348, 9092, 7880, 4621, 3352,	14	8	8	motorcycle	0.571428571	0.571428571	0.571428571	17.0	nan	bike, bike, motorcycle, motorcycle, motorcycle, motorcycle, motorcycle, motorcycle, motorcycle, motorcycle, motorcycle, motorcycle, motorcycle, motorcycle, motorcycle, motorcycle, motorcycle	bike, bike, motorcycle, motorcycle, motorcycle, motorcycle, motorcycle, motorcycle, motorcycle, motorcycle, motorcycle, motorcycle, motorcycle, motorcycle, motorcycle, motorcycle, motorcycle	nan	motorcycle	0.882352941	0.882352941	0.07814249	0.07814249	0.75
14623	motorcycle/motorcycle_08s.jpg	motorcycle	motorcycle	motorcycle	motorcycle, motorcycle, bike (bicycle), motorcycle, bike (bicycle), bike (bicycle), motorcycle, motorcycle, motorcycle, dirt bike (vehicle), bike (bicycle), dirt bike (vehicle), bike (bicycle), motorcycle, motorcycle	3391, 2398 17793, 3087, 2631, 9426, 5919, 5093, 5470, 12033, 13062, 5830, 15893, 2622, 3676,	15	8	8	motorcycle	0.533333333	0.533333333	0.533333333	20.0	nan	bike, bike, motorcycle, motorcycle, motorcycle, motorcycle, motorcycle, motorcycle, motorcycle, motorcycle, motorcycle, motorcycle, motorcycle, motorcycle, motorcycle, motorcycle, motorcycle, motorcycle, motorcycle, motorcycle	bike, bike, motorcycle, motorcycle, motorcycle, motorcycle, motorcycle, motorcycle, motorcycle, motorcycle, motorcycle, motorcycle, motorcycle, motorcycle, motorcycle, motorcycle, motorcycle, motorcycle, motorcycle, motorcycle	tires	motorcycle	0.9	0.9	0.067082039	0.067082039	0.659090909
14622	motorcycle/motorcycle_07s.jpg	motorcycle	motorcycle	motorcycle	bike (bicycle), motorcycle, bike (bicycle), motorcycle, motorcycle, motorcycle, motorcycle, bike (bicycle), bike (bicycle), bike (bicycle), bike (bicycle), dirt bike (vehicle), bike (bicycle), motorcycle, motorcycle, motorcycle	6763, 5646, 9068, 6054, 12926, 4522 3903, 6350, 7981, 6484, 5954, 10912, 4437, 4822, 6055, 3039,	16	8	8	motorcycle	0.5	0.5	0.5	20.0	nan	motorbike, motorcycle, motorcycle, motorcycle, motorcycle, motorcycle, motorcycle, motorcycle, motorcycle, motorcycle, motorcycle, motorcycle, motorcycle, motorcycle, motorcycle, motorcycle, motorcycle, motorcycle, motorcycle, motorcycle	motorbike, motorcycle, motorcycle, motorcycle, motorcycle, motorcycle, motorcycle, motorcycle, motorcycle, motorcycle, motorcycle, motorcycle, motorcycle, motorcycle, motorcycle, motorcycle, motorcycle, motorcycle, motorcycle, motorcycle	parking lot	motorcycle	0.95	0.95	0.048733972	0.048733972	0.8
14619	motorcycle/motorcycle_04s.jpg	motorcycle	motorcycle	motorcycle	motorcycle, motorcycle, motorcycle, dirt bike (vehicle), motorcycle, bike (bicycle), bike (bicycle), motorcycle, bike (bicycle), bike (bicycle), bike (bicycle), motorcycle, bike (bicycle), motorcycle	4587, 14333 5793, 5794, 9366, 4670, 7594, 6217, 7783, 11173, 3667, 14735, 4734, 10564,	14	7	7	motorcycle	0.5	0.5	0.5	16.0	nan	bike, bike, motor bike, motorcycle, motorcycle, motorcycle, motorcycle, motorcycle, motorcycle, motorcycle, motorcycle, motorcycle, motorcycle, motorcycle, motorcycle, motorcycle	bike, bike, motor bike, motorcycle, motorcycle, motorcycle, motorcycle, motorcycle, motorcycle, motorcycle, motorcycle, motorcycle, motorcycle, motorcycle, motorcycle, motorcycle	nan	motorcycle	0.8125	0.8125	0.097578094	0.097578094	0.863636364
14616	motorcycle/motorcycle_01b.jpg	motorcycle	motorcycle	motorcycle	bullet, bike (bicycle), bike (bicycle), motorcycle, bike (bicycle), bike (bicycle), motorcycle, motorcycle, motorcycle, motorcycle, bike (bicycle), motorcycle, motorcycle, motorcycle, bike (bicycle), motorcycle, bike (bicycle), bike (bicycle), bike (bicycle)	12232 2623, 4927, 3273, 11272, 3492, 7274 12943, 2880, 3676, 3154, 10304, 4209, 7286, 14145, 4632, 4637, 4624, 4815,	19	9	9	bike (bicycle)	0.473684211	0.473684211	0.473684211	17.0	nan	motor bike, motorcycle, motorcycle, motorcycle, motorcycle, motorcycle, motorcycle, motorcycle, motorcycle, motorcycle, motorcycle, motorcycle, motorcycle, motorcycle, motorcycle, motorcycle, motorcycle	motor bike, motorcycle, motorcycle, motorcycle, motorcycle, motorcycle, motorcycle, motorcycle, motorcycle, motorcycle, motorcycle, motorcycle, motorcycle, motorcycle, motorcycle, motorcycle, motorcycle	motorcycle	motorcycle	0.941176471	0.941176471	0.057067206	0.057067206	0.846153846
14627	motorcycle/motorcycle_12s.jpg	motorcycle	motorcycle	motorcycle	motorcycle, motorcycle, motorcycle, bike (bicycle), motorcycle, motorcycle, motorcycle, bike (bicycle), bike (bicycle), motorcycle, bike (bicycle), bike (bicycle), dirt bike (vehicle), bike (bicycle), bike (bicycle)	3230, 9951, 2499, 5701, 4588, 9146, 6579 7744, 5329, 4784, 8966, 5460, 7374, 7810, 4473,	15	7	7	motorcycle	0.466666667	0.466666667	0.466666667	18.0	nan	bike, motor bike, motorbike, motorcycle, motorcycle, motorcycle, motorcycle, motorcycle, motorcycle, motorcycle, motorcycle, motorcycle, motorcycle, motorcycle, motorcycle, motorcycle, motorcycle, motorcycle	bike, motor bike, motorbike, motorcycle, motorcycle, motorcycle, motorcycle, motorcycle, motorcycle, motorcycle, motorcycle, motorcycle, motorcycle, motorcycle, motorcycle, motorcycle, motorcycle, motorcycle	lawn	motorcycle	0.833333333	0.833333333	0.087841046	0.087841046	0.756097561
14624	motorcycle/motorcycle_09s.jpg	motorcycle	motorcycle	motorcycle	dirt bike (vehicle), bike (bicycle), motorcycle, bike (bicycle), bike (bicycle), motorcycle, motorcycle, motorcycle, motorcycle, dirt bike (vehicle), bike (bicycle), motorcycle, bike (bicycle), bike (bicycle), bike (bicycle), motorcycle	8087 12465 4462, 5421, 5712, 3189, 4415, 7538, 3466, 32126 7003, 7356, 12973, 3738 3134, 20263,	16	7	7	bike (bicycle)	0.4375	0.4375	0.4375	17.0	nan	motorbike, motorcycle, motorcycle, motorcycle, motorcycle, motorcycle, motorcycle, motorcycle, motorcycle, motorcycle, motorcycle, motorcycle, motorcycle, motorcycle, motorcycle, motorcycle, motorcycle	motorbike, motorcycle, motorcycle, motorcycle, motorcycle, motorcycle, motorcycle, motorcycle, motorcycle, motorcycle, motorcycle, motorcycle, motorcycle, motorcycle, motorcycle, motorcycle, motorcycle	electric lines	motorcycle	0.941176471	0.941176471	0.057067206	0.057067206	0.725
14626	motorcycle/motorcycle_11s.jpg	motorcycle	motorcycle	motorcycle	motorcycle, dirt bike (vehicle), motorcycle, bike (bicycle), motorcycle, bike (bicycle), bike (bicycle), bike (bicycle), motorcycle, bike (bicycle), bike (bicycle), motorcycle, bike (bicycle), bike (bicycle), motorcycle	5269, 12195, 9135, 5173, 4537, 5095, 4494, 3651, 4642, 6294, 8852, 6702, 9249, 9795, 3190,	15	6	8	bike (bicycle)	0.4	0.4	0.4	19.0	nan	bike, bike, bike, motorbike, motorcycle, motorcycle, motorcycle, motorcycle, motorcycle, motorcycle, motorcycle, motorcycle, motorcycle, motorcycle, motorcycle, motorcycle, motorcycle, motorcycle, motorcycle	bike, bike, bike, motorbike, motorcycle, motorcycle, motorcycle, motorcycle, motorcycle, motorcycle, motorcycle, motorcycle, motorcycle, motorcycle, motorcycle, motorcycle, motorcycle, motorcycle, motorcycle	at the back yellow partition	motorcycle	0.789473684	0.789473684	0.09352877	0.09352877	0.75
14621	motorcycle/motorcycle_06s.jpg	motorcycle	motorcycle	motorcycle	bike (bicycle), motorcycle, motorcycle, bike (bicycle), bike (bicycle), motorcycle, motorcycle, dirt bike (vehicle), bike (bicycle), bike (bicycle), motorcycle, bike (bicycle), bike (bicycle), dirt bike (vehicle)	27012, 4074, 4309, 3450, 8942, 4801, 4442, 10626 5239, 6703 3323, 7100, 35787, 2950,	14	5	7	bike (bicycle)	0.357142857	0.357142857	0.357142857	17.0	nan	bike, hair bow, moped, motorbike, motorcycle, motorcycle, motorcycle, motorcycle, motorcycle, motorcycle, motorcycle, motorcycle, motorcycle, motorcycle, motorcycle, motorcycle, motorcycle	bike, hair bow, moped, motorbike, motorcycle, motorcycle, motorcycle, motorcycle, motorcycle, motorcycle, motorcycle, motorcycle, motorcycle, motorcycle, motorcycle, motorcycle, motorcycle	tree	motorcycle	0.764705882	0.764705882	0.102879368	0.102879368	0.785714286
15026	necklace/necklace_14n.jpg	necklace	necklace	necklace	necklace, necklace, necklace, necklace, necklace, necklace, chain, necklace, necklace, necklace, necklace, necklace, necklace, necklace, necklace, necklace	6069, 6455 3833, 2708, 5193, 3044, 10850, 5056, 3503, 25060, 9263, 21598, 6325 5498, 13423, 3557,	16	15	15	necklace	0.9375	0.9375	0.9375	18.0	nan	necklace, necklace, necklace, necklace, necklace, necklace, necklace, necklace, necklace, necklace, necklace, necklace, necklace, necklace, necklace, necklace, necklace, necklace	necklace, necklace, necklace, necklace, necklace, necklace, necklace, necklace, necklace, necklace, necklace, necklace, necklace, necklace, necklace, necklace, necklace, necklace	mannequin	necklace	1.0	1.0	0.0	0.0	0.6
15020	necklace/necklace_08s.jpg	necklace	necklace	necklace	necklace, necklace, necklace, necklace, necklace, jar, necklace, necklace, necklace, necklace, necklace, necklace	3891, 4802, 2778, 20949 3703, 97138, 6563, 9179, 11068, 6071, 6982, 3214	12	11	11	necklace	0.916666667	0.916666667	0.916666667	19.0	nan	necklace, necklace, necklace, necklace, necklace, necklace, necklace, necklace, necklace, necklace, necklace, necklace, necklace, necklace, necklace, necklace, necklace, necklace, necklace	necklace, necklace, necklace, necklace, necklace, necklace, necklace, necklace, necklace, necklace, necklace, necklace, necklace, necklace, necklace, necklace, necklace, necklace, necklace	necklace display stand	necklace	1.0	1.0	0.0	0.0	0.731707317
15016	necklace/necklace_04n.jpg	necklace	necklace	necklace	necklace, chain, necklace, necklace, necklace, necklace, necklace, necklace, necklace, necklace, necklace, necklace	3425, 5692, 3088, 5306, 5506, 3231, 12816, 7185, 4016, 3238, 5425, 4707,	12	11	11	necklace	0.916666667	0.916666667	0.916666667	17.0	nan	necklace, necklace, necklace, necklace, necklace, necklace, necklace, necklace, necklace, necklace, necklace, necklace, necklace, necklace, necklace, necklace, necklace	necklace, necklace, necklace, necklace, necklace, necklace, necklace, necklace, necklace, necklace, necklace, necklace, necklace, necklace, necklace, necklace, necklace	shirt	necklace	1.0	1.0	0.0	0.0	0.666666667
15015	necklace/necklace_03s.jpg	necklace	necklace	necklace	necklace, necklace, necklace, necklace, chain, necklace, necklace, chain, necklace, necklace, necklace, necklace, necklace, necklace	23718, 5660, 3547, 10332, 5453, 7758, 3458, 5750, 4152, 60327, 2406, 5426, 38280, 3389	14	12	12	necklace	0.857142857	0.857142857	0.857142857	19.0	nan	necklace, necklace, necklace, necklace, necklace, necklace, necklace, necklace, necklace, necklace, necklace, necklace, necklace, necklace, necklace, necklace, necklace, necklace, necklace	necklace, necklace, necklace, necklace, necklace, necklace, necklace, necklace, necklace, necklace, necklace, necklace, necklace, necklace, necklace, necklace, necklace, necklace, necklace	nan	necklace	1.0	1.0	0.0	0.0	0.658536585
15017	necklace/necklace_05s.jpg	necklace	necklace	necklace	necklace, necklace, necklace, necklace, necklace, necklace, necklace, necklace, necklace, necklace, woman, chain, necklace, necklace	10970, 4180, 6790, 7705 3283, 3985, 3913, 3905, 14414, 4777, 4293, 5288, 8639, 2606,	14	12	12	necklace	0.857142857	0.857142857	0.857142857	19.0	nan	jewelry, necklace, necklace, necklace, necklace, necklace, necklace, necklace, necklace, necklace, necklace, necklace, necklace, necklace, necklace, necklace, necklace, necklace, necklace	jewelry, necklace, necklace, necklace, necklace, necklace, necklace, necklace, necklace, necklace, necklace, necklace, necklace, necklace, necklace, necklace, necklace, necklace, necklace	female	necklace	0.947368421	0.947368421	0.051227817	0.051227817	0.769230769
15024	necklace/necklace_12s.jpg	necklace	necklace	necklace	necklace, jewel, necklace, necklace, necklace, necklace, chain, necklace, necklace, necklace, necklace, necklace, necklace, necklace, necklace, necklace, chain, necklace	4179, 6356, 2437, 3093, 5809, 2488, 4614, 2725, 5296 4717, 2520, 29728, 9693, 3511, 2719, 6072, 4571, 4161,	18	15	15	necklace	0.833333333	0.833333333	0.833333333	18.0	nan	necklace, necklace, necklace, necklace, necklace, necklace, necklace, necklace, necklace, necklace, necklace, necklace, necklace, necklace, necklace, necklace, necklace, necklace	necklace, necklace, necklace, necklace, necklace, necklace, necklace, necklace, necklace, necklace, necklace, necklace, necklace, necklace, necklace, necklace, necklace, necklace	nan	necklace	1.0	1.0	0.0	0.0	0.780487805
15025	necklace/necklace_13n.jpg	necklace	necklace	necklace	necklace, necklace, necklace, necklace, jewel, necklace, necklace, necklace, necklace, necklace, gold, necklace	4228, 2874, 3609, 7982, 6126, 5849, 4499, 7005, 7006, 4298, 58741, 11758,	12	10	10	necklace	0.833333333	0.833333333	0.833333333	19.0	nan	chain, necklace, necklace, necklace, necklace, necklace, necklace, necklace, necklace, necklace, necklace, necklace, necklace, necklace, necklace, necklace, necklace, necklace, necklace	chain, necklace, necklace, necklace, necklace, necklace, necklace, necklace, necklace, necklace, necklace, necklace, necklace, necklace, necklace, necklace, necklace, necklace, necklace	display	necklace	0.947368421	0.947368421	0.051227817	0.051227817	0.595238095
15019	necklace/necklace_07s.jpg	necklace	necklace	necklace	necklace, necklace, neck, necklace, necklace, necklace, chain, necklace, necklace, chain, necklace, necklace, necklace, necklace	9791, 4423 3188, 3631, 11757, 4495, 5756, 17877, 4637, 4416, 3488, 11033, 11334 7622,	14	11	11	necklace	0.785714286	0.785714286	0.785714286	20.0	nan	necklace, necklace, necklace, necklace, necklace, necklace, necklace, necklace, necklace, necklace, necklace, necklace, necklace, necklace, necklace, necklace, necklace, necklace, necklace, necklace	necklace, necklace, necklace, necklace, necklace, necklace, necklace, necklace, necklace, necklace, necklace, necklace, necklace, necklace, necklace, necklace, necklace, necklace, necklace, necklace	freckles	necklace	1.0	1.0	0.0	0.0	0.833333333
15014	necklace/necklace_02s.jpg	necklace	necklace	necklace	necklace, necklace, necklace, necklace, necklace, necklace, chain, chain, necklace, necklace, necklace, necklace, chain, necklace	2829 3563, 5204 3371, 26046, 3837, 11847, 4225, 11597, 5417, 2789 4145, 8173, 6451	14	11	11	necklace	0.785714286	0.785714286	0.785714286	19.0	nan	necklace, necklace, necklace, necklace, necklace, necklace, necklace, necklace, necklace, necklace, necklace, necklace, necklace, necklace, necklace, necklace, necklace, necklace, necklace	necklace, necklace, necklace, necklace, necklace, necklace, necklace, necklace, necklace, necklace, necklace, necklace, necklace, necklace, necklace, necklace, necklace, necklace, necklace	vest	necklace	1.0	1.0	0.0	0.0	0.829268293
15022	necklace/necklace_10n.jpg	necklace	necklace	necklace	pennant, chain, necklace, necklace, necklace, necklace, jewelry, necklace, necklace, necklace, necklace, necklace, chain, necklace, necklace, necklace	10560, 9761 3852, 15139, 5715, 2751, 71776, 4532, 14165, 2989, 44885, 4229, 5851, 4028, 9863, 5944,	16	12	12	necklace	0.75	0.75	0.75	20.0	nan	chain, necklace, necklace, necklace, necklace, necklace, necklace, necklace, necklace, necklace, necklace, necklace, necklace, necklace, necklace, necklace, necklace, necklace, necklace, necklace	chain, necklace, necklace, necklace, necklace, necklace, necklace, necklace, necklace, necklace, necklace, necklace, necklace, necklace, necklace, necklace, necklace, necklace, necklace, necklace	black pearls	necklace	0.95	0.95	0.048733972	0.048733972	0.634146341
15027	necklace/necklace_15n.jpg	necklace	necklace	necklace	necklace, necklace, jewelry, necklace, necklace, pearl, necklace, necklace, necklace, jewelry, necklace, necklace, necklace, chain, necklace, necklace, necklace, necklace, jewel, necklace	4447, 25413 73716, 7710, 3416, 7421, 9010, 3494, 2666, 19831, 2758, 4224 4708, 9068, 6276, 6141, 3001, 2922, 17276, 27228,	20	15	15	necklace	0.75	0.75	0.75	19.0	nan	bracelet, bungle, choker, necklace, necklace, necklace, necklace, necklace, necklace, necklace, necklace, necklace, necklace, necklace, necklace, necklace, necklace, necklace, necklace	bracelet, bungle, choker, necklace, necklace, necklace, necklace, necklace, necklace, necklace, necklace, necklace, necklace, necklace, necklace, necklace, necklace, necklace, necklace	neck	necklace	0.842105263	0.842105263	0.083654675	0.083654675	0.926829268
15023	necklace/necklace_11s.jpg	necklace	necklace	necklace	necklace, necklace, necklace, necklace, chain, necklace, necklace, necklace, chain, necklace, necklace, chain, chain, necklace, chain, necklace	2832, 7859, 5062 3122, 21624, 7525, 4158, 6068, 6574 9376, 3793, 4378, 6044 4982, 6333, 6879,	16	11	11	necklace	0.6875	0.6875	0.6875	18.0	nan	chain, necklace, necklace, necklace, necklace, necklace, necklace, necklace, necklace, necklace, necklace, necklace, necklace, necklace, necklace, necklace, necklace, pendant	chain, necklace, necklace, necklace, necklace, necklace, necklace, necklace, necklace, necklace, necklace, necklace, necklace, necklace, necklace, necklace, necklace, pendant	sliding charm	necklace	0.888888889	0.888888889	0.074074074	0.074074074	0.744186047
15021	necklace/necklace_09s.jpg	necklace	necklace	necklace	necklace, necklace, necklace, necklace, necklace, necklace, necklace, chain, necklace, chain, chain, silverware	7324, 5644, 4339, 3667, 2458, 2568, 7080, 10127, 24038, 27479, 3805, 33981,	12	8	8	necklace	0.666666667	0.666666667	0.666666667	20.0	nan	locket, necklace, necklace, necklace, necklace, necklace, necklace, necklace, necklace, necklace, necklace, necklace, necklace, necklace, necklace, necklace, necklace, necklace, pendant, solid	locket, necklace, necklace, necklace, necklace, necklace, necklace, necklace, necklace, necklace, necklace, necklace, necklace, necklace, necklace, necklace, necklace, necklace, pendant, solid	pendant	necklace	0.85	0.85	0.079843597	0.079843597	0.575
15013	necklace/necklace_01b.jpg	necklace	necklace	necklace	necklace, necklace, necklace, necklace, chain, chain, chain, necklace, neck, chain, necklace, pine needle, necklace	16470, 6758, 5455 6752, 3799, 6541, 7845 3200, 5869, 11008, 23750, 24334 3065,	13	7	7	necklace	0.538461538	0.538461538	0.538461538	18.0	nan	necklace, necklace, necklace, necklace, necklace, necklace, necklace, necklace, necklace, necklace, necklace, necklace, necklace, necklace, necklace, necklace, necklace, purple and pink beads	necklace, necklace, necklace, necklace, necklace, necklace, necklace, necklace, necklace, necklace, necklace, necklace, necklace, necklace, necklace, necklace, necklace, purple and pink beads	shirt	necklace	0.944444444	0.944444444	0.053990295	0.053990295	0.825
27161	necklace.jpg	necklace	necklace	necklace	necklace, chain, necklace, locket, necklace, jewelry, chain, chain, jewelry, chain, necklace, chain, necklace, necklace	8667, 14470, 8978, 9643, 3354, 10723 6754, 9840, 11635, 17703, 7304, 7774 3203, 4245,	14	6	6	necklace	0.428571429	0.428571429	0.428571429	nan	nan	nan	nan	nan	nan	nan	nan	nan	nan	nan
15018	necklace/necklace_06s.jpg	necklace	necklace	necklace	pearl, necklace, pearl, pearl, necklace, necklace, chain, necklace, pearl, pearl, necklace, pearl, needle, necklace, pearl, pearl, pearl	5481, 115696, 63840, 171590, 4046, 8227, 4337, 12488 4396, 9263, 4102, 3704, 4011, 2716 3871, 4391 6580,	17	6	9	pearl	0.352941176	0.352941176	0.352941176	17.0	nan	chain, necklace, necklace, necklace, necklace, necklace, necklace, necklace, necklace, necklace, necklace, necklace, necklace, pearl, pearl, pearl, pearl	chain, necklace, necklace, necklace, necklace, necklace, necklace, necklace, necklace, necklace, necklace, necklace, necklace, pearl, pearl, pearl, pearl	neck	necklace	0.705882353	0.705882353	0.110510169	0.110510169	0.80952381
15787	pants/pants_11s.jpg	pants	pants	pants	pants, pants, pants, pants, leggings, pants, pants, pants, pants, pants, pants, pants, pants, pants	4521, 3823, 6782, 6054, 4180, 9439, 7039, 21237, 4352, 29455, 29699, 7511, 3312, 7862,	14	13	13	pants	0.928571429	0.928571429	0.928571429	16.0	nan	pants, pants, pants, pants, pants, pants, pants, pants, pants, pants, pants, pants, pants, pants, pants, slack	pants, pants, pants, pants, pants, pants, pants, pants, pants, pants, pants, pants, pants, pants, pants, slack	legs	pants	0.9375	0.9375	0.060515365	0.060515365	0.8
27215	pants.jpg	pants	pants	pants	pants, pants, pants, pants, pants, pants, pants, pantsuit, pants, pants, pants, pants, pants, pants	17389, 3785, 5572, 4966, 11294, 4637, 3292, 4152, 4089, 4187, 6163, 5468, 5610, 4885,	14	13	13	pants	0.928571429	0.928571429	1.0	nan	nan	nan	nan	nan	nan	nan	nan	nan	nan	nan
15779	pants/pants_03s.jpg	pants	pants	pants	pants, pants, pants, pants, pants, pants, pantsuit, pants, pants, pants, pants, pants	16434, 57576, 6783, 7237, 8950, 3381, 4283, 3192, 5207, 17284, 5340 9016,	12	11	11	pants	0.916666667	0.916666667	1.0	19.0	nan	leg, leg, leg, pants, pants, pants, pants, pants, pants, pants, pants, pants, pants, pants, pants, pants, pants, skinny jeans, trekking trouser	leg, leg, leg, pants, pants, pants, pants, pants, pants, pants, pants, pants, pants, pants, pants, pants, pants, skinny jeans, trekking trouser	pants	pants	0.736842105	0.736842105	0.101022618	0.101022618	0.769230769
15781	pants/pants_05s.jpg	pants	pants	pants	pants, pants, pants, pants, pocket (pants), peanut, pants, pants, pants, pants, pants, pants, pants, pants, pants, pants, pants, pants	4111 14615, 5328, 10090, 108371 38092, 3750 12801, 14798, 3048 12127, 12401, 7850, 8484, 3807, 5099 3795, 2571	18	16	16	pants	0.888888889	0.888888889	0.944444444	17.0	nan	khaki, khaki, pants, pants, pants, pants, pants, pants, pants, pants, pants, pants, pants, pants, pants, pants, pants	khaki, khaki, pants, pants, pants, pants, pants, pants, pants, pants, pants, pants, pants, pants, pants, pants, pants	person	pants	0.882352941	0.882352941	0.07814249	0.07814249	0.763157895
15788	pants/pants_12s.jpg	pants	pants	pants	pants, dress, pants, pants, pantsuit, pants, pants, pants, pants, pants, pants, pants, pants, pants, pants, pants, pants, pants	5542, 7661, 13227, 4254, 5587, 9719, 27069 14670, 4284, 6395, 15441, 4870 3374, 23947 3895, 9046, 3034, 8756,	18	16	16	pants	0.888888889	0.888888889	0.944444444	17.0	nan	kackis, pants, pants, pants, pants, pants, pants, pants, pants, pants, pants, pants, pants, pants, pants, slack, trouser	kackis, pants, pants, pants, pants, pants, pants, pants, pants, pants, pants, pants, pants, pants, pants, slack, trouser	legs	pants	0.823529412	0.823529412	0.092459441	0.092459441	0.853658537
15784	pants/pants_08s.jpg	pants	pants	pants	pants, pants, pants, pants, pants, pants, pants, pantsuit, pants, pants, pants, pants, pants, pants, pants, pants, pantsuit	3632, 5336, 4340, 6029, 9669, 4212, 4378, 4177, 4087, 8632, 13232, 8717, 9430, 4807, 5079, 4684, 73588,	17	15	15	pants	0.882352941	0.882352941	1.0	18.0	nan	jean, pants, pants, pants, pants, pants, pants, pants, pants, pants, pants, pants, pants, pants, pants, slack, slack, slack	jean, pants, pants, pants, pants, pants, pants, pants, pants, pants, pants, pants, pants, pants, pants, slack, slack, slack	nan	pants	0.777777778	0.777777778	0.097990789	0.097990789	0.714285714
15786	pants/pants_10s.jpg	pants	pants	pants	man, pantsuit, pants, pants, pants, pants, pants, pants, pants, pants, pants, pants, pants, pants	9862, 4630, 7753, 5015, 5968, 10626, 5473 46381, 3532 4658, 27194, 24478, 19743, 4666,	14	12	12	pants	0.857142857	0.857142857	0.928571429	18.0	nan	khaki, khaki, pants, pants, pants, pants, pants, pants, pants, pants, pants, pants, pants, pants, slack, slack, trouser, trouser	khaki, khaki, pants, pants, pants, pants, pants, pants, pants, pants, pants, pants, pants, pants, slack, slack, trouser, trouser	person	pants	0.666666667	0.666666667	0.111111111	0.111111111	0.736842105
15780	pants/pants_04s.jpg	pants	pants	pants	pants, pants, pants, pants, pantsuit, pants, pants, pants, pants, pants, pantsuit, pants, pants	6380, 6928, 7525, 3872, 3372, 11904, 9858, 4542, 14626, 10175, 43826, 23071, 49538,	13	11	11	pants	0.846153846	0.846153846	1.0	18.0	nan	jean, jogger, pants, pants, pants, pants, pants, pants, pants, pants, pants, pants, pants, pants, pants, pants, pants, pants	jean, jogger, pants, pants, pants, pants, pants, pants, pants, pants, pants, pants, pants, pants, pants, pants, pants, pants	road	pants	0.888888889	0.888888889	0.074074074	0.074074074	0.904761905
15778	pants/pants_02s.jpg	pants	pants	pants	pants, pants, pants, pants, pants, pantsuit, pants, pantsuit, pants, pants, pants, pants, pants, pants, pants, pants, pants, jeans	5648, 19272, 11114, 13615, 11248, 7583 5746, 6980, 8459, 9606, 6220, 5532, 33198, 7441, 5409, 5534 4932, 10527,	18	15	15	pants	0.833333333	0.833333333	0.944444444	18.0	nan	khaki, pants, pants, pants, pants, pants, pants, pants, pants, pants, pants, pants, pants, pants, pants, pants, pants, pants	khaki, pants, pants, pants, pants, pants, pants, pants, pants, pants, pants, pants, pants, pants, pants, pants, pants, pants	person	pants	0.944444444	0.944444444	0.053990295	0.053990295	0.863636364
15789	pants/pants_13s.jpg	pants	pants	pants	pantsuit, pants, pants, pants, pants, pants, pants, pants, pants, pants, dress, pants, pantsuit, pants, pants	129536, 9795, 3318 8464, 1789, 3096 4999, 14593, 7485, 10346, 14828, 13720, 4400, 5430, 5912,	15	12	12	pants	0.8	0.8	0.933333333	18.0	nan	paint, pants, pants, pants, pants, pants, pants, pants, pants, pants, pants, pants, pants, pants, pants, pants, pants, slack	paint, pants, pants, pants, pants, pants, pants, pants, pants, pants, pants, pants, pants, pants, pants, pants, pants, slack	belt	pants	0.888888889	0.888888889	0.074074074	0.074074074	0.87804878
15777	pants/pants_01b.jpg	pants	pants	pants	pants, pants, pants, pants, flatiron (hair), pants, pants, pants, pants, pants, pants, panther, pants, pantsuit	6071, 3016, 6310, 6963, 22458, 35826, 7443, 13326, 5414, 3976, 17533 2166, 11402, 3805,	14	11	11	pants	0.785714286	0.785714286	0.857142857	18.0	nan	pants, pants, pants, pants, pants, pants, pants, pants, pants, pants, pants, pants, pants, pants, pants, slack, slack, trouser	pants, pants, pants, pants, pants, pants, pants, pants, pants, pants, pants, pants, pants, pants, pants, slack, slack, trouser	nan	pants	0.833333333	0.833333333	0.087841046	0.087841046	0.820512821
15785	pants/pants_09s.jpg	pants	pants	pants	jeans, pantsuit, pants, pants, pants, pants, pants, pants, pants, pants, sweatsuit, pantsuit, pants	6545, 4248, 16950, 6714, 78034, 26344, 20758, 3480, 32468, 9339, 7170, 13296, 3767,	13	9	9	pants	0.692307692	0.692307692	0.846153846	14.0	nan	jogger, jogger, pants, pants, pants, pants, pants, pants, pants, pants, pants, pants, pants, sweat	jogger, jogger, pants, pants, pants, pants, pants, pants, pants, pants, pants, pants, pants, sweat	drawstring	pants	0.785714286	0.785714286	0.109664211	0.109664211	0.829268293
15782	pants/pants_06s.jpg	pants	pants	pants	pants, pants, pants, pants, pantsuit, pants, pants, pants, pants, pants, woman, dress, pants, pantsuit, pocket (pants), pantsuit, pants	22634, 6722, 5819, 4755, 12425, 9595, 11219, 5169, 35197, 4764 14521, 7893, 4615, 15373, 70538, 2852, 6910,	17	11	11	pants	0.647058824	0.647058824	0.882352941	19.0	nan	pants, pants, pants, pants, pants, pants, pants, pants, pants, pants, pants, pants, pants, pants, pants, pants, pants, pants, trouser	pants, pants, pants, pants, pants, pants, pants, pants, pants, pants, pants, pants, pants, pants, pants, pants, pants, pants, trouser	tree	pants	0.947368421	0.947368421	0.051227817	0.051227817	0.692307692
15783	pants/pants_07s.jpg	pants	pants	pants	leggings, jeans, pants, pants, pants, pants, pants, leggings, jeans, leggings, pants, leggings, leggings, pants, jeans	4913, 4946, 4088, 26037, 8518, 15147, 7292, 6773, 7741, 7642, 5694, 7988, 4382, 27557, 5889,	15	7	7	pants	0.466666667	0.466666667	0.466666667	20.0	nan	jean, jeggings, leg, leg, legging, legging, legging, legging, legging, legging, legging, legging, legging, leggins, pants, pants, pants, pants, pants, skinny jeans	jean, jeggings, leg, leg, legging, legging, legging, legging, legging, legging, legging, legging, legging, leggins, pants, pants, pants, pants, pants, skinny jeans	pink pants	legging	0.45	0.25	0.096824584	0.111242977	0.875
16108	peacock/peacock_08s.jpg	peacock	peacock	peacock	peacock, peacock, peacock, peacock, peacock, peacock, peacock, peacock, peacock, peacock, peacock, peacock, peacock, peacock, peacock, peacock, peacock, peacock, peacock, peacock, peacock, peacock	3703, 7123, 11128, 12114, 11373, 4630, 8340, 5538, 4375, 5502, 3158, 2815, 4374 46756 12738, 3637, 5129, 5209, 5910, 5286, 4135 3661,	22	22	22	peacock	1.0	1.0	1.0	20.0	nan	peacock, peacock, peacock, peacock, peacock, peacock, peacock, peacock, peacock, peacock, peacock, peacock, peacock, peacock, peacock, peacock, peacock, peacock, peacock, peacock	peacock, peacock, peacock, peacock, peacock, peacock, peacock, peacock, peacock, peacock, peacock, peacock, peacock, peacock, peacock, peacock, peacock, peacock, peacock, peacock	nan	peacock	1.0	1.0	0.0	0.0	0.906976744
16103	peacock/peacock_03s.jpg	peacock	peacock	peacock	peacock, peacock, peacock, peacock, peacock, peacock, peacock, peacock, peacock, peacock, peacock, peacock, peacock, peacock, peacock, peacock, peacock, peacock, peacock	4478, 3007, 503618, 6095, 6373, 6142, 11319 9239, 4126, 5486, 6477, 5057, 4765, 4621, 5752, 3792, 27603, 3140, 3613,	19	19	19	peacock	1.0	1.0	1.0	20.0	nan	peacock, peacock, peacock, peacock, peacock, peacock, peacock, peacock, peacock, peacock, peacock, peacock, peacock, peacock, peacock, peacock, peacock, peacock, peacock, peacock	peacock, peacock, peacock, peacock, peacock, peacock, peacock, peacock, peacock, peacock, peacock, peacock, peacock, peacock, peacock, peacock, peacock, peacock, peacock, peacock	feathers	peacock	1.0	1.0	0.0	0.0	0.707317073
16104	peacock/peacock_04s.jpg	peacock	peacock	peacock	peacock, peacock, peacock, peacock, peacock, peacock, peacock, peacock, peacock, peacock, peacock, peacock, peacock, peacock, peacock, peacock, peacock, peacock	41076, 4919, 3412, 6490, 4965, 5582, 5611, 4980, 4661 5349, 5067, 4119, 17190, 8577, 4606, 3860, 65120, 5053,	18	18	18	peacock	1.0	1.0	1.0	19.0	nan	peacock, peacock, peacock, peacock, peacock, peacock, peacock, peacock, peacock, peacock, peacock, peacock, peacock, peacock, peacock, peacock, peacock, peacock, peacock	peacock, peacock, peacock, peacock, peacock, peacock, peacock, peacock, peacock, peacock, peacock, peacock, peacock, peacock, peacock, peacock, peacock, peacock, peacock	fountain	peacock	1.0	1.0	0.0	0.0	0.785714286
16105	peacock/peacock_05s.jpg	peacock	peacock	peacock	peacock, peacock, peacock, peacock, peacock, peacock, peacock, peacock, peacock, peacock, peacock, peacock, peacock, peacock, peacock	570718, 4005, 3177 5535, 2652 5738, 6094, 3396, 8307, 4336, 5608, 12024, 3385, 2753, 8390,	15	15	15	peacock	1.0	1.0	1.0	20.0	nan	bird, peacock, peacock, peacock, peacock, peacock, peacock, peacock, peacock, peacock, peacock, peacock, peacock, peacock, peacock, peacock, peacock, peacock, peacock, peacock	bird, peacock, peacock, peacock, peacock, peacock, peacock, peacock, peacock, peacock, peacock, peacock, peacock, peacock, peacock, peacock, peacock, peacock, peacock, peacock	grass	peacock	0.95	0.95	0.048733972	0.048733972	0.921052632
16102	peacock/peacock_02s.jpg	peacock	peacock	peacock	peacock, peacock, peacock, peacock, peacock, peacock, peacock, peacock, peacock, peacock, peacock, peacock, peacock, peacock, peacock	5364, 8159, 3934, 25302, 4168, 6848, 17781, 5705, 3708, 3621, 8249, 8729, 5822, 3278, 3130,	15	15	15	peacock	1.0	1.0	1.0	19.0	nan	no idea, peacock, peacock, peacock, peacock, peacock, peacock, peacock, peacock, peacock, peacock, peacock, peacock, peacock, peacock, peacock, peacock, peacock, peacock	no idea, peacock, peacock, peacock, peacock, peacock, peacock, peacock, peacock, peacock, peacock, peacock, peacock, peacock, peacock, peacock, peacock, peacock, peacock	nan	peacock	0.947368421	0.947368421	0.051227817	0.051227817	0.790697674
16110	peacock/peacock_10s.jpg	peacock	peacock	peacock	peacock, peacock, peacock, peacock, peacock, peacock, peacock, peacock, peacock, peacock, peacock, peacock, peacock	4713, 4139, 4122, 15163, 11526, 5763, 4781, 5387, 5232, 3462, 8888, 5656, 7525,	13	13	13	peacock	1.0	1.0	1.0	15.0	nan	bird, peacock, peacock, peacock, peacock, peacock, peacock, peacock, peacock, peacock, peacock, peacock, peacock, peacock, peacock	bird, peacock, peacock, peacock, peacock, peacock, peacock, peacock, peacock, peacock, peacock, peacock, peacock, peacock, peacock	nan	peacock	0.933333333	0.933333333	0.064406119	0.064406119	0.75
16101	peacock/peacock_01b.jpg	peacock	peacock	peacock	peacock, peacock, peacock, peacock, peacock, peacock, peacock, peacock, peacock, peacock, peacock, peacock, peacock, peacock, peacock, peacock	3636, 23094, 30755, 4896, 14663, 8193, 6305, 4176, 3738, 7924, 5511 6284 4839, 3335, 7177, 2837,	16	16	16	peacock	1.0	1.0	1.0	16.0	nan	bird, peacock, peacock, peacock, peacock, peacock, peacock, peacock, peacock, peacock, peacock, peacock, peacock, peacock, peacock, pelican	bird, peacock, peacock, peacock, peacock, peacock, peacock, peacock, peacock, peacock, peacock, peacock, peacock, peacock, peacock, pelican	feather	peacock	0.875	0.875	0.082679728	0.082679728	0.775
16109	peacock/peacock_09s.jpg	peacock	peacock	peacock	peacock, peacock, peacock, peacock, peacock, peanut, peacock, peacock, peacock, peacock, peacock, peacock, peacock, peacock, peacock, peacock, peacock, peacock	5552 5064, 5598, 19224 4920, 5469, 5009, 5152, 4536, 4668, 7501, 7027, 11391, 6606, 3104, 28878 2784, 6039,	18	17	17	peacock	0.944444444	0.944444444	0.944444444	18.0	nan	peacock, peacock, peacock, peacock, peacock, peacock, peacock, peacock, peacock, peacock, peacock, peacock, peacock, peacock, peacock, peacock, peacock, peacock	peacock, peacock, peacock, peacock, peacock, peacock, peacock, peacock, peacock, peacock, peacock, peacock, peacock, peacock, peacock, peacock, peacock, peacock	nan	peacock	1.0	1.0	0.0	0.0	0.8
16106	peacock/peacock_06s.jpg	peacock	peacock	peacock	peacock, peacock, peacock, bird, peacock, peacock, peacock, peacock, peacock, peacock, peacock, peacock, peacock, peacock, peacock, peacock	9985, 6824, 4298, 19582, 5664 6726, 4975, 4247, 4251, 2552, 8295, 3231, 3157 14125, 4556, 3034,	16	15	15	peacock	0.9375	0.9375	0.9375	19.0	nan	peacock, peacock, peacock, peacock, peacock, peacock, peacock, peacock, peacock, peacock, peacock, peacock, peacock, peacock, peacock, peacock, peacock, peacock, peacock	peacock, peacock, peacock, peacock, peacock, peacock, peacock, peacock, peacock, peacock, peacock, peacock, peacock, peacock, peacock, peacock, peacock, peacock, peacock	field	peacock	1.0	1.0	0.0	0.0	0.780487805
16111	peacock/peacock_11s.jpg	peacock	peacock	peacock	peacock, peacock, peacock, peacock, peacock, peacock, peacock, peacock, peacock, peacock, peacock, peacock, badger	10306, 7501, 64635, 3753, 39622 6767, 7396, 4260, 7784, 3265, 32366, 6004, 3250,	13	12	12	peacock	0.923076923	0.923076923	0.923076923	19.0	nan	peacock, peacock, peacock, peacock, peacock, peacock, peacock, peacock, peacock, peacock, peacock, peacock, peacock, peacock, peacock, peacock, peacock, peacock, peacock	peacock, peacock, peacock, peacock, peacock, peacock, peacock, peacock, peacock, peacock, peacock, peacock, peacock, peacock, peacock, peacock, peacock, peacock, peacock	flowers	peacock	1.0	1.0	0.0	0.0	0.743589744
16112	peacock/peacock_12s.jpg	peacock	peacock	peacock	peacock, peacock, peacock, peacock, peacock, bird, peacock, peacock, peacock, peacock, peacock, peacock, peacock	4169, 5879, 10292, 5157, 7172 28215, 2387 21485, 7319 6019, 5792, 3342, 5141,	13	12	12	peacock	0.923076923	0.923076923	0.923076923	17.0	nan	peacock, peacock, peacock, peacock, peacock, peacock, peacock, peacock, peacock, peacock, peacock, peacock, peacock, peacock, peacock, peacock, peacock	peacock, peacock, peacock, peacock, peacock, peacock, peacock, peacock, peacock, peacock, peacock, peacock, peacock, peacock, peacock, peacock, peacock	grass	peacock	1.0	1.0	0.0	0.0	0.925
27237	peacock.jpg	peacock	peacock	peacock	peacock, peacock, peacock, peacock, peacock, peacock, peacock, feather, peacock, peacock, peacock, peacock, peacock	2945, 3336, 26396, 8653, 106340, 14394, 4667, 7924, 2627, 4250, 6631, 6498, 5616	13	12	12	peacock	0.923076923	0.923076923	0.923076923	nan	nan	nan	nan	nan	nan	nan	nan	nan	nan	nan
16107	peacock/peacock_07s.jpg	peacock	peacock	peacock	peacock, peacock, peacock, peacock, peacock, peacock, peacock, peacock, peacock, bird, peacock, peacock	5385, 4336 7479, 9241, 5297, 4974, 83650, 4754, 4198 39377, 4978, 17743,	12	11	11	peacock	0.916666667	0.916666667	0.916666667	20.0	nan	bird, peacock, peacock, peacock, peacock, peacock, peacock, peacock, peacock, peacock, peacock, peacock, peacock, peacock, peacock, peacock, peacock, peacock, peacock, pheasant	bird, peacock, peacock, peacock, peacock, peacock, peacock, peacock, peacock, peacock, peacock, peacock, peacock, peacock, peacock, peacock, peacock, peacock, peacock, pheasant	grass	peacock	0.9	0.9	0.067082039	0.067082039	0.804878049
16126	peanut/peanut_14n.jpg	peanut	peanut	peanut	peanut, groundhog, peanut, peanut, peanut, peanut, peanut, peanut, peanut, peanut, peanut, peanut	2954, 42802, 3562, 8320, 30068, 3071, 40579, 6697, 2551, 4576, 4598, 4473,	12	11	11	peanut	0.916666667	0.916666667	0.916666667	18.0	nan	peanut, peanut, peanut, peanut, peanut, peanut, peanut, peanut, peanut, peanut, peanut, peanut, peanut, peanut, peanut, peanut, peanut, peanut	peanut, peanut, peanut, peanut, peanut, peanut, peanut, peanut, peanut, peanut, peanut, peanut, peanut, peanut, peanut, peanut, peanut, peanut	ne	peanut	1.0	1.0	0.0	0.0	0.842105263
16118	peanut/peanut_06n.jpg	peanut	peanut	peanut	peanut, peanut, peanut, peanut, peanut, peanut, peanut, peanut, peanut, peanut, peanut, casserole (food), walnut, peanut, peanut	9340, 25720, 39450, 7638, 7508, 2650, 9151, 22090, 11329, 5197, 6132 7864, 11317, 11633, 4585,	15	13	13	peanut	0.866666667	0.866666667	0.866666667	19.0	nan	peanut, peanut, peanut, peanut, peanut, peanut, peanut, peanut, peanut, peanut, peanut, peanut, peanut, peanut, peanut, peanut, peanut, peanut, peanut	peanut, peanut, peanut, peanut, peanut, peanut, peanut, peanut, peanut, peanut, peanut, peanut, peanut, peanut, peanut, peanut, peanut, peanut, peanut	shells	peanut	1.0	1.0	0.0	0.0	0.837209302
16123	peanut/peanut_11n.jpg	peanut	peanut	peanut	peanut, peanut, peanut, peanut, peanut, peanut, peanut, peanut, nut, peanut, peanut, peanut, nut, peanut, peanut	19851, 3423, 14265, 3759, 3766, 22427, 4349, 3579, 4856, 5498, 5704 3540, 9342, 3637, 3123,	15	13	13	peanut	0.866666667	0.866666667	0.866666667	18.0	nan	groundnut, peanut, peanut, peanut, peanut, peanut, peanut, peanut, peanut, peanut, peanut, peanut, peanut, peanut, peanut, peanut, peanut, peanut	groundnut, peanut, peanut, peanut, peanut, peanut, peanut, peanut, peanut, peanut, peanut, peanut, peanut, peanut, peanut, peanut, peanut, peanut	nan	peanut	0.944444444	0.944444444	0.053990295	0.053990295	0.88372093
16117	peanut/peanut_05s.jpg	peanut	peanut	peanut	peanut, peanut, peanut, peanut, peanut, peanut, peanut, peanut, peanut, peanut, groundhog, peanut, nut	2312, 4736, 7040 8447, 5876, 4239, 27409, 11589, 3602 6562, 15269, 6230, 4348	13	11	11	peanut	0.846153846	0.846153846	0.846153846	18.0	nan	peanut, peanut, peanut, peanut, peanut, peanut, peanut, peanut, peanut, peanut, peanut, peanut, peanut, peanut, peanut, peanut, peanut, peanut	peanut, peanut, peanut, peanut, peanut, peanut, peanut, peanut, peanut, peanut, peanut, peanut, peanut, peanut, peanut, peanut, peanut, peanut	nan	peanut	1.0	1.0	0.0	0.0	0.875
16121	peanut/peanut_09n.jpg	peanut	peanut	peanut	peanut, peanut, peanut, peanut, peanut, peanut, peanut, peanut, peanut, nut, peanut, shell (fruit/nut), peanut, peanut, peanut, nut, peanut	48264, 3321, 24325, 4016, 2796, 8719, 7182, 15847, 3345 9883 9479, 12339, 8598, 4773, 16582, 7398, 3532,	17	14	14	peanut	0.823529412	0.823529412	0.823529412	20.0	nan	peanut, peanut, peanut, peanut, peanut, peanut, peanut, peanut, peanut, peanut, peanut, peanut, peanut, peanut, peanut, peanut, peanut, peanut, peanut, uytr	peanut, peanut, peanut, peanut, peanut, peanut, peanut, peanut, peanut, peanut, peanut, peanut, peanut, peanut, peanut, peanut, peanut, peanut, peanut, uytr	vbhf	peanut	0.95	0.95	0.048733972	0.048733972	0.87804878
16116	peanut/peanut_04s.jpg	peanut	peanut	peanut	peanut, peanut, peanut, peanut, nut, peanut, peanut, peanut, beanie (hat), peanut, peanut, peanut, peanut, peanut, nut, peanut	3958, 10703, 2787, 6468, 22352, 3513, 4430, 6204, 13283, 4634, 5379, 4163, 9576, 5548, 13039, 5313,	16	13	13	peanut	0.8125	0.8125	0.8125	18.0	nan	peanut, peanut, peanut, peanut, peanut, peanut, peanut, peanut, peanut, peanut, peanut, peanut, peanut, peanut, peanut, peanut, peanut, peanut	peanut, peanut, peanut, peanut, peanut, peanut, peanut, peanut, peanut, peanut, peanut, peanut, peanut, peanut, peanut, peanut, peanut, peanut	whole peanut	peanut	1.0	1.0	0.0	0.0	0.837837838
16125	peanut/peanut_13n.jpg	peanut	peanut	peanut	peanut, peanut butter, peanut, peanut, peanut, peanut, peanut, peanut, peanut, peanut, peanut, peanut, groundhog, peanut, nut, peanut	5148, 4513, 8762, 3405, 8386, 3564, 19164, 14116, 108155, 6690, 5026, 4194, 7214, 3132, 5610, 2840	16	13	13	peanut	0.8125	0.8125	0.875	15.0	nan	fresh, nut, peanut, peanut, peanut, peanut, peanut, peanut, peanut, peanut, peanut, peanut, peanut, peanut, peanut	fresh, nut, peanut, peanut, peanut, peanut, peanut, peanut, peanut, peanut, peanut, peanut, peanut, peanut, peanut	nut	peanut	0.866666667	0.866666667	0.087770745	0.087770745	0.780487805
16122	peanut/peanut_10n.jpg	peanut	peanut	peanut	peanut, peanut, peanut, peanut, groundhog, peanut, peanut, peanut, nut, peanut	5558, 9497 25716, 5213 22282, 18698, 15626, 3278, 8064 2886,	10	8	8	peanut	0.8	0.8	0.8	18.0	nan	peanut, peanut, peanut, peanut, peanut, peanut, peanut, peanut, peanut, peanut, peanut, peanut, peanut, peanut, peanut, peanut, peanut, peanut	peanut, peanut, peanut, peanut, peanut, peanut, peanut, peanut, peanut, peanut, peanut, peanut, peanut, peanut, peanut, peanut, peanut, peanut	brown	peanut	1.0	1.0	0.0	0.0	0.871794872
27238	peanut.jpg	peanut	peanut	peanut	peanut, peanut, peanut, peanut, peanut, nut, peanut, peanut, nut	4406, 62877, 4033, 6691, 13194, 14833, 21229, 5764, 5562,	9	7	7	peanut	0.777777778	0.777777778	0.777777778	nan	nan	nan	nan	nan	nan	nan	nan	nan	nan	nan
16119	peanut/peanut_07s.jpg	peanut	peanut	peanut	pennant, peanut, peanut butter, peanut, shell (fruit/nut), peanut, peanut, peanut, peanut, peanut, peanut, peanut, peanut	5273, 3865, 2914, 189795, 20283, 11508, 4780, 10654 12355, 5361, 4486, 4488, 6215,	13	10	10	peanut	0.769230769	0.769230769	0.846153846	19.0	nan	peanut, peanut, peanut, peanut, peanut, peanut, peanut, peanut, peanut, peanut, peanut, peanut, peanut, peanut, peanut, peanut, peanut, peanut, peanut	peanut, peanut, peanut, peanut, peanut, peanut, peanut, peanut, peanut, peanut, peanut, peanut, peanut, peanut, peanut, peanut, peanut, peanut, peanut	nan	peanut	1.0	1.0	0.0	0.0	0.80952381
16124	peanut/peanut_12s.jpg	peanut	peanut	peanut	peanut, peanut, peanut, nut, peanut, peanut, nut, peanut, peanut, nut, peanut, peanut	7343, 9286, 36118, 21583, 3186, 9758, 5198, 3827, 17914, 4910, 3759, 2672,	12	9	9	peanut	0.75	0.75	0.75	19.0	nan	ground nut, peanut, peanut, peanut, peanut, peanut, peanut, peanut, peanut, peanut, peanut, peanut, peanut, peanut, peanut, peanut, peanut, peanut, peanut	ground nut, peanut, peanut, peanut, peanut, peanut, peanut, peanut, peanut, peanut, peanut, peanut, peanut, peanut, peanut, peanut, peanut, peanut, peanut	nan	peanut	0.947368421	0.947368421	0.051227817	0.051227817	0.794871795
16113	peanut/peanut_01b.jpg	peanut	peanut	peanut	nut, peanut butter, peanut, peanut, peanut, peanut, nut, peanut, peanut, nut, peanut, peanut, peanut, peanut, peanut	18035, 3777, 5085, 3725, 5910, 2975, 6566 5057, 3690, 19098, 11060 4422, 6124, 14788, 3232,	15	11	11	peanut	0.733333333	0.733333333	0.8	19.0	nan	food, peanut, peanut, peanut, peanut, peanut, peanut, peanut, peanut, peanut, peanut, peanut, peanut, peanut, peanut, peanut, peanut, peanut, peanut	food, peanut, peanut, peanut, peanut, peanut, peanut, peanut, peanut, peanut, peanut, peanut, peanut, peanut, peanut, peanut, peanut, peanut, peanut	sand	peanut	0.947368421	0.947368421	0.051227817	0.051227817	0.842105263
16120	peanut/peanut_08s.jpg	peanut	peanut	peanut	peanut butter, peanut, peanut, peanut, peanut, peanut, peanut, peanut, peanut, nut, peanut, peanut, peanut, nut, nut	3511, 9192 7220, 4887 2981, 4535 5118, 5375 2464, 18158, 30231, 10098 6098, 2942, 7369,	15	11	11	peanut	0.733333333	0.733333333	0.8	18.0	nan	nut, nut, peanut, peanut, peanut, peanut, peanut, peanut, peanut, peanut, peanut, peanut, peanut, peanut, peanut, peanut, peanut, peanut	nut, nut, peanut, peanut, peanut, peanut, peanut, peanut, peanut, peanut, peanut, peanut, peanut, peanut, peanut, peanut, peanut, peanut	peanut shells	peanut	0.888888889	0.888888889	0.074074074	0.074074074	0.725
16114	peanut/peanut_02n.jpg	peanut	peanut	peanut	peanut, peanut, peanut, peanut, peanut, peanut, bean, peanut, nut, nut, peanut	3273, 12716, 5567, 13888, 8741, 4083 206510, 10503, 4542 4199, 5707,	11	8	8	peanut	0.727272727	0.727272727	0.727272727	20.0	nan	ghj, nut, peanut, peanut, peanut, peanut, peanut, peanut, peanut, peanut, peanut, peanut, peanut, peanut, peanut, peanut, peanut, peanut, peanut, peanut	ghj, nut, peanut, peanut, peanut, peanut, peanut, peanut, peanut, peanut, peanut, peanut, peanut, peanut, peanut, peanut, peanut, peanut, peanut, peanut	peanut shells	peanut	0.9	0.9	0.067082039	0.067082039	0.666666667
16115	peanut/peanut_03s.jpg	peanut	peanut	peanut	peanut, peanut butter, peanut, peanut, peanut, orange, nut, peanut, peanut, peanut, peanut, groundhog, peanut butter, peanut, peanut, pennant, peanut	22585, 3942, 6402, 22977, 7296, 62964 6673, 4188, 3538, 4762, 5150, 8146, 19290, 4878, 8798, 5243, 4329,	17	11	11	peanut	0.647058824	0.647058824	0.764705882	19.0	nan	peanut, peanut, peanut, peanut, peanut, peanut, peanut, peanut, peanut, peanut, peanut, peanut, peanut, peanut, peanut, peanut, peanut, peanut, peanut	peanut, peanut, peanut, peanut, peanut, peanut, peanut, peanut, peanut, peanut, peanut, peanut, peanut, peanut, peanut, peanut, peanut, peanut, peanut	shell	peanut	1.0	1.0	0.0	0.0	0.902439024
16683	pigeon/pigeon_12s.jpg	pigeon	pigeon	pigeon	pigeon, pigeon, pigeon, pigeon, bird, pigeon, pigeon, pigeon, pigeon, pigeon, pigeon, bird, pigeon, pigeon, pigeon, pigeon, pigeon, pigeon	4561, 3777, 5209, 3249, 16672, 6581, 10276 42085 3378, 3542, 4741, 6687, 7669, 4010, 9704 6642, 5583, 6781,	18	16	16	pigeon	0.888888889	0.888888889	0.888888889	16.0	nan	bird, bird, bird, dove, pidgeon, pidgeon, pigeon, pigeon, pigeon, pigeon, pigeon, pigeon, pigeon, pigeon, pigeon, pigeon	bird, bird, bird, dove, pidgeon, pidgeon, pigeon, pigeon, pigeon, pigeon, pigeon, pigeon, pigeon, pigeon, pigeon, pigeon	nan	pigeon	0.625	0.625	0.12103073	0.12103073	0.789473684
16679	pigeon/pigeon_08s.jpg	pigeon	pigeon	pigeon	pigeon, pigeon, pigeon, pigeon, pigeon, pigeon, bird, pigeon, pigeon, bird, pigeon, pigeon, pigeon, pigeon, pigeon	4294, 3124, 12830, 3401, 4716, 6123, 25348, 61499, 11285, 12574, 6091 5562, 7785, 8151, 11791,	15	13	13	pigeon	0.866666667	0.866666667	0.866666667	19.0	nan	bird, dove, pigeon, pigeon, pigeon, pigeon, pigeon, pigeon, pigeon, pigeon, pigeon, pigeon, pigeon, pigeon, pigeon, pigeon, pigeon, pigeon, pigeon	bird, dove, pigeon, pigeon, pigeon, pigeon, pigeon, pigeon, pigeon, pigeon, pigeon, pigeon, pigeon, pigeon, pigeon, pigeon, pigeon, pigeon, pigeon	nan	pigeon	0.894736842	0.894736842	0.0704059	0.0704059	0.820512821
16674	pigeon/pigeon_03s.jpg	pigeon	pigeon	pigeon	pigeon, pigeon, pigeon, pigeon, pigeon, bird, pigeon, pigeon, pigeon, pigeon, bird, pigeon, pigeon, pigeon	6002, 10526, 8200, 5200, 4181, 3679 4490, 3733, 12948, 10126, 7056, 4816, 4790, 6297	14	12	12	pigeon	0.857142857	0.857142857	0.857142857	17.0	nan	bird, pidgeon, pigeon, pigeon, pigeon, pigeon, pigeon, pigeon, pigeon, pigeon, pigeon, pigeon, pigeon, pigeon, pigeon, pigeon, pigeon	bird, pidgeon, pigeon, pigeon, pigeon, pigeon, pigeon, pigeon, pigeon, pigeon, pigeon, pigeon, pigeon, pigeon, pigeon, pigeon, pigeon	nan	pigeon	0.882352941	0.882352941	0.07814249	0.07814249	0.825
16678	pigeon/pigeon_07s.jpg	pigeon	pigeon	pigeon	bird, pigeon, bird, pigeon, pigeon, pigeon, pigeon, bird, pigeon, pigeon, pigeon, pigeon, pigeon, pigeon, pigeon	3889, 64324, 5032 4068, 5508, 22311, 48546, 3819, 3761, 11115 28726, 42610, 2894, 2993, 52734,	15	12	12	pigeon	0.8	0.8	0.8	18.0	nan	bird, bird, bird, pigeon, pigeon, pigeon, pigeon, pigeon, pigeon, pigeon, pigeon, pigeon, pigeon, pigeon, pigeon, pigeon, pigeon, pigeon	bird, bird, bird, pigeon, pigeon, pigeon, pigeon, pigeon, pigeon, pigeon, pigeon, pigeon, pigeon, pigeon, pigeon, pigeon, pigeon, pigeon	ground	pigeon	0.833333333	0.833333333	0.087841046	0.087841046	0.904761905
27278	pigeon.jpg	pigeon	pigeon	pigeon	pigeon, pigeon, pigeon, bird, pigeon, bird, pigeon, pigeon, pigeon	7931, 4514 34405, 12181, 5149, 7394, 2945, 5582, 2898,	9	7	7	pigeon	0.777777778	0.777777778	0.777777778	nan	nan	nan	nan	nan	nan	nan	nan	nan	nan	nan
16676	pigeon/pigeon_05s.jpg	pigeon	pigeon	pigeon	bird, pigeon, pigeon, pigeon, pigeon, pigeon, bird, bird, pigeon, pigeon, pigeon, bird, pigeon, pigeon, pigeon, pigeon, pigeon	15602 82999 6408, 15430 5394, 3163, 5116, 4359, 13754, 12863, 10270 33701, 57358, 8860, 5677 3017, 25967,	17	13	13	pigeon	0.764705882	0.764705882	0.764705882	16.0	nan	bird, peacock, pidgeon, pigeon, pigeon, pigeon, pigeon, pigeon, pigeon, pigeon, pigeon, pigeon, pigeon, pigeon, pigeon, pigeon	bird, peacock, pidgeon, pigeon, pigeon, pigeon, pigeon, pigeon, pigeon, pigeon, pigeon, pigeon, pigeon, pigeon, pigeon, pigeon	wire	pigeon	0.8125	0.8125	0.097578094	0.097578094	0.804878049
16673	pigeon/pigeon_02s.jpg	pigeon	pigeon	pigeon	pigeon, pigeon, pigeon, pigeon, bird, pigeon, pecan, pigeon, pigeon, bird, pigeon, pigeon, bird, pigeon, pigeon, pigeon	3914, 2596, 6512, 4306, 5215, 7605, 20707, 4511, 7870, 13736, 5619, 17021, 2206, 4870, 7108, 14286,	16	12	12	pigeon	0.75	0.75	0.75	17.0	nan	bird, dove, pidgeon, pigeon, pigeon, pigeon, pigeon, pigeon, pigeon, pigeon, pigeon, pigeon, pigeon, pigeon, pigeon, pigeon, pigeon	bird, dove, pidgeon, pigeon, pigeon, pigeon, pigeon, pigeon, pigeon, pigeon, pigeon, pigeon, pigeon, pigeon, pigeon, pigeon, pigeon	nan	pigeon	0.823529412	0.823529412	0.092459441	0.092459441	0.756097561
16680	pigeon/pigeon_09s.jpg	pigeon	pigeon	pigeon	pigeon, pigeon, pigeon, pigeon, bird, pigeon, pigeon, bird, pigeon, bird, pigeon, pigeon, pigeon, bird, pigeon, pigeon	3856, 7712, 6389, 10038, 19685, 9395, 4282, 45777, 6421, 10559, 28106, 30531, 21750, 10734, 3959, 5238,	16	12	12	pigeon	0.75	0.75	0.75	17.0	nan	bird, bird, pidgeon, pigeon, pigeon, pigeon, pigeon, pigeon, pigeon, pigeon, pigeon, pigeon, pigeon, pigeon, pigeon, pigeon, pigeon	bird, bird, pidgeon, pigeon, pigeon, pigeon, pigeon, pigeon, pigeon, pigeon, pigeon, pigeon, pigeon, pigeon, pigeon, pigeon, pigeon	grass	pigeon	0.823529412	0.823529412	0.092459441	0.092459441	0.775
16682	pigeon/pigeon_11s.jpg	pigeon	pigeon	pigeon	pigeon, bird, pigeon, pigeon, bird, pigeon, pigeon, pigeon, pigeon, pigeon, pigeon, pigeon, bird, bird, pigeon, pigeon	36253, 3969, 4417, 2690, 4112, 29167, 11203, 3561, 3703, 14742, 3871, 32643 7621, 3186, 6159, 22580,	16	12	12	pigeon	0.75	0.75	0.75	17.0	nan	bird, bird, bird, pigeon, pigeon, pigeon, pigeon, pigeon, pigeon, pigeon, pigeon, pigeon, pigeon, pigeon, pigeon, pigeon, pigeon	bird, bird, bird, pigeon, pigeon, pigeon, pigeon, pigeon, pigeon, pigeon, pigeon, pigeon, pigeon, pigeon, pigeon, pigeon, pigeon	nan	pigeon	0.823529412	0.823529412	0.092459441	0.092459441	0.634146341
16677	pigeon/pigeon_06s.jpg	pigeon	pigeon	pigeon	pigeon, pigeon, pigeon, braid, pigeon, pigeon, pigeon, pigeon, bird, bird, pigeon, pigeon, pigeon, pigeon, penguin, bird	3356, 4316 12827, 20298, 9030, 6108, 11137, 5816, 16121, 11302, 9312, 4513, 2653, 3102, 3814, 4960,	16	11	11	pigeon	0.6875	0.6875	0.6875	20.0	nan	pidgeon, pigeon, pigeon, pigeon, pigeon, pigeon, pigeon, pigeon, pigeon, pigeon, pigeon, pigeon, pigeon, pigeon, pigeon, pigeon, pigeon, pigeon, pigeon, quail	pidgeon, pigeon, pigeon, pigeon, pigeon, pigeon, pigeon, pigeon, pigeon, pigeon, pigeon, pigeon, pigeon, pigeon, pigeon, pigeon, pigeon, pigeon, pigeon, quail	nan	pigeon	0.9	0.9	0.067082039	0.067082039	0.75
16672	pigeon/pigeon_01b.jpg	pigeon	pigeon	pigeon	pigeon, bird, bird, pigeon, pigeon, pigeon, bird, pigeon, bird, bird, pigeon, pigeon, pigeon, pigeon, pigeon, pigeon	28201, 4889, 37059 5432, 6741, 8198, 85625, 8264, 6598, 4524, 6087, 6526, 14893, 16310, 62361, 5901,	16	11	11	pigeon	0.6875	0.6875	0.6875	19.0	nan	bird, bird, f, pidgen, pigeon, pigeon, pigeon, pigeon, pigeon, pigeon, pigeon, pigeon, pigeon, pigeon, pigeon, pigeon, pigeon, pigeon, pigeon	bird, bird, f, pidgen, pigeon, pigeon, pigeon, pigeon, pigeon, pigeon, pigeon, pigeon, pigeon, pigeon, pigeon, pigeon, pigeon, pigeon, pigeon	road	pigeon	0.789473684	0.789473684	0.09352877	0.09352877	0.804878049
16675	pigeon/pigeon_04s.jpg	pigeon	pigeon	pigeon	bird, bird, pigeon, pigeon, pigeon, bird, pigeon, pigeon, bird, pigeon, bird, pigeon, bird, pigeon, pigeon, pigeon, pigeon	5469 39583, 3860, 10895 6130, 9039, 5965, 40056, 5596, 26057, 8476, 4334, 2202, 19477, 19068, 21003, 3045,	17	11	11	pigeon	0.647058824	0.647058824	0.647058824	19.0	nan	bird, bird, dove, mourning dove, pidgen, pigeon, pigeon, pigeon, pigeon, pigeon, pigeon, pigeon, pigeon, pigeon, pigeon, pigeon, pigeon, pigeon, pigeon	bird, bird, dove, mourning dove, pidgen, pigeon, pigeon, pigeon, pigeon, pigeon, pigeon, pigeon, pigeon, pigeon, pigeon, pigeon, pigeon, pigeon, pigeon	sw	pigeon	0.736842105	0.736842105	0.101022618	0.101022618	0.8
16681	pigeon/pigeon_10s.jpg	pigeon	pigeon	pigeon	bird, pigeon, bird, bird, bird, bird, bird, bird, pigeon, bird, bird, bird, bird, bird, pigeon, pigeon, pigeon	3369, 11926 3717, 5288, 15022, 210278, 10122, 4085, 59075, 28756, 3140, 4215, 121204, 8363, 93948, 3700, 4781,	17	5	12	bird	0.294117647	0.294117647	0.294117647	18.0	nan	bird, bird, bird, bird, bird, dove, dove, pigeon, pigeon, pigeon, pigeon, pigeon, pigeon, pigeon, pigeon, pigeon, pigeon, quail	bird, bird, bird, bird, bird, dove, dove, pigeon, pigeon, pigeon, pigeon, pigeon, pigeon, pigeon, pigeon, pigeon, pigeon, quail	cement edging	pigeon	0.555555556	0.555555556	0.117121395	0.117121395	0.487804878
16751	pillow/pillow_12s.jpg	pillow	pillow	pillow	pillow, pillow, pillow, pillow, pillow, pillow, pillow, pillow, pillow, pillow, pillow, pillow, pillow, pillow, pillow	4022, 8128, 5929, 2405, 3873, 12795, 11030, 10835, 1965, 4797, 4279, 3533, 3212, 4496, 4266	15	15	15	pillow	1.0	1.0	1.0	18.0	nan	pillow, pillow, pillow, pillow, pillow, pillow, pillow, pillow, pillow, pillow, pillow, pillow, pillow, pillow, pillow, pillow, pillow, pillow	pillow, pillow, pillow, pillow, pillow, pillow, pillow, pillow, pillow, pillow, pillow, pillow, pillow, pillow, pillow, pillow, pillow, pillow	wall	pillow	1.0	1.0	0.0	0.0	0.658536585
16742	pillow/pillow_03s.jpg	pillow	pillow	pillow	pillow, pillow, pillow, pillow, pillow, pillow, pillow, pillow, pillow, pillow, pillow, pillow, pillow, pillow	4757, 3436, 4597, 8144, 4469, 3629, 5786, 10915, 4632 10275, 6663, 4488, 12147, 3803	14	14	14	pillow	1.0	1.0	1.0	18.0	nan	pillow, pillow, pillow, pillow, pillow, pillow, pillow, pillow, pillow, pillow, pillow, pillow, pillow, pillow, pillow, pillow, pillow, pillow	pillow, pillow, pillow, pillow, pillow, pillow, pillow, pillow, pillow, pillow, pillow, pillow, pillow, pillow, pillow, pillow, pillow, pillow	nan	pillow	1.0	1.0	0.0	0.0	0.804878049
16744	pillow/pillow_05s.jpg	pillow	pillow	pillow	pillow, pillow, pillow, pillow, pillow, pillow, pillow, pillow, pillow, pillow, pillow, pillow, pillow, pillow	3907, 5178, 3831, 8840, 3183, 3148, 7074, 4875, 5748, 5786, 7702, 3520, 10468, 25145,	14	14	14	pillow	1.0	1.0	1.0	18.0	nan	pillow, pillow, pillow, pillow, pillow, pillow, pillow, pillow, pillow, pillow, pillow, pillow, pillow, pillow, pillow, pillow, pillow, pillow	pillow, pillow, pillow, pillow, pillow, pillow, pillow, pillow, pillow, pillow, pillow, pillow, pillow, pillow, pillow, pillow, pillow, pillow	sofa	pillow	1.0	1.0	0.0	0.0	0.829268293
16747	pillow/pillow_08s.jpg	pillow	pillow	pillow	pillow, pillow, pillow, pillow, pillow, pillow, pillow, pillow, pillow, pillow, pillow, pillbox, pillow, pillow, pillow, pillow, pillow, pillow, pillow	7756, 326438, 5666, 2922, 4873, 16852, 6305, 8208, 9458, 8876, 4701, 4181, 8386 6399, 56429, 4038, 30193, 3031, 2603,	19	18	18	pillow	0.947368421	0.947368421	0.947368421	17.0	nan	cushion, pillow, pillow, pillow, pillow, pillow, pillow, pillow, pillow, pillow, pillow, pillow, pillow, pillow, pillow, pillow, pillow	cushion, pillow, pillow, pillow, pillow, pillow, pillow, pillow, pillow, pillow, pillow, pillow, pillow, pillow, pillow, pillow, pillow	nan	pillow	0.941176471	0.941176471	0.057067206	0.057067206	0.675
16743	pillow/pillow_04s.jpg	pillow	pillow	pillow	pillow, pillow, pillow, pillow, pillow, pillow, pillow, pillow, pillow, pillbox, pillow, pillow, pillow, pillow, pillow	5322, 3427, 6785, 6810, 5478 3881, 8016, 4858, 8024, 2972, 4389, 4970, 2773, 7118, 4379,	15	14	14	pillow	0.933333333	0.933333333	0.933333333	18.0	nan	cushion, pillow, pillow, pillow, pillow, pillow, pillow, pillow, pillow, pillow, pillow, pillow, pillow, pillow, pillow, pillow, pillow, pillow	cushion, pillow, pillow, pillow, pillow, pillow, pillow, pillow, pillow, pillow, pillow, pillow, pillow, pillow, pillow, pillow, pillow, pillow	nan	pillow	0.944444444	0.944444444	0.053990295	0.053990295	0.512820513
16740	pillow/pillow_01b.jpg	pillow	pillow	pillow	pillow, punch (hole punch), pillow, pillow, pillow, pillow, pillow, pillow, pillow, pillow, pillow, pillow, pillow, pillow, pillow	13463, 13741, 13444, 5079, 6342, 4334, 6013, 5477, 21697, 10641, 4580, 6094, 5167, 8121, 56170,	15	14	14	pillow	0.933333333	0.933333333	0.933333333	18.0	nan	embroidery, embroidery, pillow, pillow, pillow, pillow, pillow, pillow, pillow, pillow, pillow, pillow, pillow, pillow, pillow, pillow, pillow, pillow	embroidery, embroidery, pillow, pillow, pillow, pillow, pillow, pillow, pillow, pillow, pillow, pillow, pillow, pillow, pillow, pillow, pillow, pillow	needlepoint	pillow	0.888888889	0.888888889	0.074074074	0.074074074	0.714285714
16748	pillow/pillow_09s.jpg	pillow	pillow	pillow	pillow, pillow, pillow, pillow, pillow, pillow, pillow, cushion, pillow, pillow, pillow, pillow, pillow, pillow, pillow	7147, 3224, 65323, 4621, 3012, 9487, 54919, 4982, 4823, 13776, 4697, 3721, 3036 6189, 3031,	15	14	14	pillow	0.933333333	0.933333333	0.933333333	17.0	nan	musical note, pillow, pillow, pillow, pillow, pillow, pillow, pillow, pillow, pillow, pillow, pillow, pillow, pillow, pillow, pillow, pollow	musical note, pillow, pillow, pillow, pillow, pillow, pillow, pillow, pillow, pillow, pillow, pillow, pillow, pillow, pillow, pillow, pollow	pillow	pillow	0.882352941	0.882352941	0.07814249	0.07814249	0.763157895
16745	pillow/pillow_06s.jpg	pillow	pillow	pillow	bed, pillow, pillow, pillow, pillow, pillow, pillow, pillow, pillow, pillow, pillow, pillow	5612, 5352, 5463 5479, 5281, 4394, 9343, 3244, 11259, 6790, 7213, 10255,	12	11	11	pillow	0.916666667	0.916666667	0.916666667	17.0	nan	paper bag, pillow, pillow, pillow, pillow, pillow, pillow, pillow, pillow, pillow, pillow, pillow, pillow, pillow, pillow, pillow, pillow	paper bag, pillow, pillow, pillow, pillow, pillow, pillow, pillow, pillow, pillow, pillow, pillow, pillow, pillow, pillow, pillow, pillow	bed	pillow	0.941176471	0.941176471	0.057067206	0.057067206	0.761904762
16749	pillow/pillow_10s.jpg	pillow	pillow	pillow	pillow, pillow, pillow, pillow, pillow, pillow, pillow, column (pillar), pillow, pillow, pillow	6255, 4168, 6749, 3745, 4325, 21165, 5343, 7461, 10565, 5157, 5527,	11	10	10	pillow	0.909090909	0.909090909	0.909090909	19.0	nan	pillow, pillow, pillow, pillow, pillow, pillow, pillow, pillow, pillow, pillow, pillow, pillow, pillow, pillow, pillow, pillow, pillow, pillow, pillow	pillow, pillow, pillow, pillow, pillow, pillow, pillow, pillow, pillow, pillow, pillow, pillow, pillow, pillow, pillow, pillow, pillow, pillow, pillow	bed	pillow	1.0	1.0	0.0	0.0	0.825
16752	pillow/pillow_13n.jpg	pillow	pillow	pillow	pillow, pillow, pillow, pillow, pillow, pillow, pillow, pillow, pillow, pillow, pillow, pillow, pillow, pillow, pillow, pillbox, pillow, cushion, pillow, pillow	5863, 4608, 7302, 3046, 4728, 3839, 5201, 6386, 4965, 8569, 3067 9697 3449, 5128, 19533, 5138 4525, 4357, 3357, 4142,	20	18	18	pillow	0.9	0.9	0.9	19.0	nan	pillow, pillow, pillow, pillow, pillow, pillow, pillow, pillow, pillow, pillow, pillow, pillow, pillow, pillow, pillow, pillow, pillow, pillow, pillow	pillow, pillow, pillow, pillow, pillow, pillow, pillow, pillow, pillow, pillow, pillow, pillow, pillow, pillow, pillow, pillow, pillow, pillow, pillow	bed sheet	pillow	1.0	1.0	0.0	0.0	0.738095238
16750	pillow/pillow_11s.jpg	pillow	pillow	pillow	pillow, pillow, pillow, pillow, pillow, pillow, pillow, pillow, pillow, pillow, pillow, cushion, cushion, pillow, pillow	13753, 4904, 5992, 3774, 5514, 15524, 13915, 9048, 5848, 28174, 4982, 42278, 8108, 3659, 3706,	15	13	13	pillow	0.866666667	0.866666667	0.866666667	18.0	nan	for outdoor, pillow, pillow, pillow, pillow, pillow, pillow, pillow, pillow, pillow, pillow, pillow, pillow, pillow, pillow, pillow, pillow, pillow	for outdoor, pillow, pillow, pillow, pillow, pillow, pillow, pillow, pillow, pillow, pillow, pillow, pillow, pillow, pillow, pillow, pillow, pillow	chair	pillow	0.944444444	0.944444444	0.053990295	0.053990295	0.725
27283	pillow.jpg	pillow	pillow	pillow	pillow, pillow, pillow, pillow, cushion, pillow, pillow, pillow, cushion, pillow, jumpsuit, pillow, pillow, pillow, pillow, pillow, pillow	4818, 7240, 5135, 40747, 38191, 4557, 5923, 3566, 29154, 3622, 16053, 9165 8580, 3773, 6904, 3236, 5349	17	14	14	pillow	0.823529412	0.823529412	0.823529412	nan	nan	nan	nan	nan	nan	nan	nan	nan	nan	nan
16741	pillow/pillow_02s.jpg	pillow	pillow	pillow	pillow, pillow, pillow, pillow, cushion, pillow, pillow, pillow, pillow, sofa bed, pillow, pillow, pillow, sofa bed, pillow, pillow	4406, 4092, 6262, 5211 24715, 8557, 23774, 2972, 9230, 11151, 3463, 9639, 4848, 7983, 3448, 6419,	16	13	13	pillow	0.8125	0.8125	0.8125	20.0	nan	cushion, cushion, pillow, pillow, pillow, pillow, pillow, pillow, pillow, pillow, pillow, pillow, pillow, pillow, pillow, pillow, pillow, pillow, pillow, pillow	cushion, cushion, pillow, pillow, pillow, pillow, pillow, pillow, pillow, pillow, pillow, pillow, pillow, pillow, pillow, pillow, pillow, pillow, pillow, pillow	sofa	pillow	0.9	0.9	0.067082039	0.067082039	0.511627907
16746	pillow/pillow_07s.jpg	pillow	pillow	pillow	pillow, bed, headband, pillow, pillow, pillow, pillow, pillow, pillow, pillow, curtain, pillow	5350, 4869, 62114, 6919, 3495, 9057, 28637, 7947, 10139, 3130, 50982, 6887,	12	9	9	pillow	0.75	0.75	0.75	18.0	nan	pillow, pillow, pillow, pillow, pillow, pillow, pillow, pillow, pillow, pillow, pillow, pillow, pillow, pillow, pillow, pillow, pillow, pillow	pillow, pillow, pillow, pillow, pillow, pillow, pillow, pillow, pillow, pillow, pillow, pillow, pillow, pillow, pillow, pillow, pillow, pillow	bed	pillow	1.0	1.0	0.0	0.0	0.888888889
17035	plate/plate_12s.jpg	plate	plate	plate (dish)	plate (dish), plate (dish), plate (dish), plate (dish), plate (dish), plate (dish), plate (dish), plate (dish), plate (dish), plate (dish), plate (dish), plate (dish), plate (dish), plate (dish), plate (dish), plate (dish), plate (dish), plate (dish), home plate, plate (dish), plate (dish), plate (dish)	4861, 3345, 3930, 5922, 7204, 3931, 4125, 11149 7069, 6278, 4906 6113, 8161, 6250 158207, 11428, 3567, 9776, 4654 23162, 5527, 18998,	22	21	21	plate (dish)	0.954545455	0.954545455	1.0	16.0	nan	bowl, dish, dish, plate, plate, plate, plate, plate, plate, plate, plate, plate, plate, plate, plate, plate	bowl, dish, dish, plate, plate, plate, plate, plate, plate, plate, plate, plate, plate, plate, plate, plate	nan	plate	0.8125	0.8125	0.097578094	0.097578094	0.761904762
17036	plate/plate_13s.jpg	plate	plate	plate (dish)	plate (dish), plate (dish), plate (dish), plate (dish), plate (dish), home plate, plate (dish), plate (dish), plate (dish), plate (dish), plate (dish), plate (dish), plate (dish), plate (dish), plate (dish), plate (dish)	123869 4817, 7678, 6926, 32967, 5080, 4298, 3054, 8666 7006, 3343, 5470, 8920, 5006, 3669, 2314,	16	15	15	plate (dish)	0.9375	0.9375	1.0	16.0	nan	dish, plate, plate, plate, plate, plate, plate, plate, plate, plate, plate, plate, plate, plate, plate, plate	dish, plate, plate, plate, plate, plate, plate, plate, plate, plate, plate, plate, plate, plate, plate, plate	flower	plate	0.9375	0.9375	0.060515365	0.060515365	0.625
17027	plate/plate_04s.jpg	plate	plate	plate (dish)	plate (dish), plate (dish), plate (dish), plate (dish), plate (dish), plate (dish), plate (dish), plate (dish), plate (dish), plate (dish), plate (dish), plate (dish), plastic film	8367, 18725, 150187, 6207, 5135, 4526, 3605, 4495, 5545, 11534, 4149, 3845, 3023,	13	12	12	plate (dish)	0.923076923	0.923076923	0.923076923	17.0	nan	dinner set, plate, plate, plate, plate, plate, plate, plate, plate, plate, plate, plate, plate, plate, plate, plate, plate	dinner set, plate, plate, plate, plate, plate, plate, plate, plate, plate, plate, plate, plate, plate, plate, plate, plate	spoon	plate	0.941176471	0.941176471	0.057067206	0.057067206	0.815789474
17034	plate/plate_11s.jpg	plate	plate	plate (dish)	plate (dish), plate (dish), plate (dish), plate (dish), plate (dish), plate (dish), plate (dish), plate (dish), plate (dish), plate (dish), plate (dish), home plate, plate (dish)	5085, 5359, 4724, 4846 8856 5851, 11257, 7166, 3088, 4733, 4982, 10360, 8171,	13	12	12	plate (dish)	0.923076923	0.923076923	1.0	17.0	nan	dish, dish, plate, plate, plate, plate, plate, plate, plate, plate, plate, plate, plate, plate, plate, plate, plate	dish, dish, plate, plate, plate, plate, plate, plate, plate, plate, plate, plate, plate, plate, plate, plate, plate	counter	plate	0.882352941	0.882352941	0.07814249	0.07814249	0.75
17028	plate/plate_05s.jpg	plate	plate	plate (dish)	home plate, plate (dish), plate (dish), plate (dish), plate (dish), plate (dish), plate (dish), plate (dish), plate (dish), plate (dish), plate (dish), plate (dish)	29876, 4195, 4631 16164, 10782, 79194, 2210, 7311, 4834, 3206 4599 7448,	12	11	11	plate (dish)	0.916666667	0.916666667	1.0	19.0	nan	china dish, dish, dish, plate, plate, plate, plate, plate, plate, plate, plate, plate, plate, plate, plate, plate, plate, plate, plate	china dish, dish, dish, plate, plate, plate, plate, plate, plate, plate, plate, plate, plate, plate, plate, plate, plate, plate, plate	nan	plate	0.842105263	0.842105263	0.083654675	0.083654675	0.642857143
17025	plate/plate_02s.jpg	plate	plate	plate (dish)	plate (dish), plate (dish), plate (dish), plate (dish), plate (dish), plate (dish), plate (dish), home plate, plate (dish), plate (dish), home plate, plate (dish), plate (dish), plate (dish), plate (dish), plate (dish), plate (dish), plate (dish)	2863, 11418, 4111, 2634 5442, 3609, 4886, 8709, 6608, 26210, 92741, 5744, 4055, 7565, 4565, 3753, 5431, 6139,	18	16	16	plate (dish)	0.888888889	0.888888889	1.0	18.0	nan	palte, plate, plate, plate, plate, plate, plate, plate, plate, plate, plate, plate, plate, plate, plate, plate, plate, plate	palte, plate, plate, plate, plate, plate, plate, plate, plate, plate, plate, plate, plate, plate, plate, plate, plate, plate	table	plate	0.944444444	0.944444444	0.053990295	0.053990295	0.738095238
17024	plate/plate_01b.jpg	plate	plate	plate (dish)	plate (dish), plate (dish), plate (dish), plate (dish), plate (dish), plate (dish), plate (dish), plate (dish), plate (dish), plate (dish), home plate, plate (dish), pan, plate (dish)	3356, 4642, 2694, 5802, 3635, 51330, 39397, 6088 3368, 8678, 13606, 3435, 7865, 8108,	14	12	12	plate (dish)	0.857142857	0.857142857	0.928571429	18.0	nan	dinnerware, dish, plate, plate, plate, plate, plate, plate, plate, plate, plate, plate, plate, plate, plate, plate, plate, plate	dinnerware, dish, plate, plate, plate, plate, plate, plate, plate, plate, plate, plate, plate, plate, plate, plate, plate, plate	nan	plate	0.888888889	0.888888889	0.074074074	0.074074074	0.775
17033	plate/plate_10s.jpg	plate	plate	plate (dish)	plate (dish), plate (dish), plate (dish), plate (dish), plate (dish), plate (dish), plate (dish), home plate, home plate, plate (dish), plate (dish), plate (dish), plate (dish)	4963, 4917, 19362, 8988, 7235, 8410, 13207, 3569, 51205 7778, 5926, 2885, 3556,	13	11	11	plate (dish)	0.846153846	0.846153846	1.0	17.0	nan	dish, plate, plate, plate, plate, plate, plate, plate, plate, plate, plate, plate, plate, plate, plate, plate, plate	dish, plate, plate, plate, plate, plate, plate, plate, plate, plate, plate, plate, plate, plate, plate, plate, plate	nan	plate	0.941176471	0.941176471	0.057067206	0.057067206	0.761904762
17026	plate/plate_03s.jpg	plate	plate	plate (dish)	plate (dish), plate (dish), plate (dish), plate (dish), plate (dish), crate (box), plate (dish), plate (dish), plant, plate (dish), plate (dish), plate (dish)	4735, 12002, 3349, 18975, 3417, 18184, 4094, 9788, 7445, 4648 5795, 3943,	12	10	10	plate (dish)	0.833333333	0.833333333	0.833333333	19.0	nan	circle, dish, dish, lid, plate, plate, plate, plate, plate, plate, plate, plate, plate, plate, plate, plate, plate, plate, plate	circle, dish, dish, lid, plate, plate, plate, plate, plate, plate, plate, plate, plate, plate, plate, plate, plate, plate, plate	table	plate	0.789473684	0.789473684	0.09352877	0.09352877	0.846153846
17029	plate/plate_06s.jpg	plate	plate	plate (dish)	plate (dish), plate (dish), plate (dish), plate (dish), plate (dish), plate (dish), plate (dish), home plate, home plate, plate (dish), plate (dish), plate (dish), home plate, plate (dish)	11149, 11110, 7660, 2803, 5293, 10573, 4639, 22773 11744, 5590, 5506, 3439, 3652, 42219,	14	11	11	plate (dish)	0.785714286	0.785714286	1.0	15.0	nan	palte, plate, plate, plate, plate, plate, plate, plate, plate, plate, plate, plate, plate, plate, plate	palte, plate, plate, plate, plate, plate, plate, plate, plate, plate, plate, plate, plate, plate, plate	nan	plate	0.933333333	0.933333333	0.064406119	0.064406119	0.8
27304	plate.jpg	plate	plate	plate (dish)	home plate, plate (dish), plate (dish), plate (dish), plate (dish), plate (dish), plate (dish), home plate, plate (dish), plate (dish), plate (dish), home plate, plate (dish), saucer, plate (dish), plate (dish), plate (dish)	7748 13630 7902, 7685, 18834, 51696, 6336, 20157, 10102, 41749, 4549, 11373, 7807, 5557, 10370, 9202, 3292,	17	13	13	plate (dish)	0.764705882	0.764705882	0.941176471	nan	nan	nan	nan	nan	nan	nan	nan	nan	nan	nan
17031	plate/plate_08s.jpg	plate	plate	plate (dish)	home plate, plate (dish), plate (dish), plate (dish), plate (dish), plate (dish), home plate, plate (dish), plate (dish), plate (dish), home plate	17577, 7049, 9261, 4301, 2639, 18413, 8339, 44687, 13946, 3720, 9439,	11	8	8	plate (dish)	0.727272727	0.727272727	1.0	19.0	nan	dish, plate, plate, plate, plate, plate, plate, plate, plate, plate, plate, plate, plate, plate, plate, plate, platter, platter, platter	dish, plate, plate, plate, plate, plate, plate, plate, plate, plate, plate, plate, plate, plate, plate, plate, platter, platter, platter	knife	plate	0.789473684	0.789473684	0.09352877	0.09352877	0.692307692
17032	plate/plate_09s.jpg	plate	plate	plate (dish)	plate (dish), place mat, plate (dish), plate (dish), flamingo, plate (dish), plate (dish), home plate, plate (dish), plate (dish), home plate, plate (dish), plate (dish), plate (dish), plate (dish), plate (dish), plastic film, plastic film	3576, 4201, 3544, 4376, 20524, 8344, 6517, 28218, 3613, 4598, 20527, 6078, 42654 13568, 4744, 4038, 3011, 3032,	18	12	12	plate (dish)	0.666666667	0.666666667	0.777777778	16.0	nan	dish, dish, plate, plate, plate, plate, plate, plate, plate, plate, plate, plate, plate, plate, plate, plate	dish, dish, plate, plate, plate, plate, plate, plate, plate, plate, plate, plate, plate, plate, plate, plate	silverware	plate	0.875	0.875	0.082679728	0.082679728	0.85
17030	plate/plate_07s.jpg	plate	plate	plate (dish)	plate (dish), badge, badge, home plate, badge, plate (dish), chinaware, plate (dish), coin, shield	112956, 6673, 4336, 5559, 7839, 5010, 7183, 17010, 22960, 5136,	10	3	3	plate (dish)	0.3	0.3	0.4	19.0	nan	china, china dish, fine china ware, plate, plate, plate, plate, plate, plate, plate, plate, plate, plate, plate, plate, plate, plate, plate, plate	china, china dish, fine china ware, plate, plate, plate, plate, plate, plate, plate, plate, plate, plate, plate, plate, plate, plate, plate, plate	shield	plate	0.842105263	0.842105263	0.083654675	0.083654675	0.780487805
18525	refrigerator/refrigerator_10s.jpg	refrigerator	refrigerator	refrigerator	refrigerator, refrigerator, refrigerator, refrigerator, refrigerator, refrigerator, refrigerator, refrigerator, refrigerator, refrigerator, refrigerator, refrigerator, refrigerator, refrigerator, refrigerator, refrigerator, refrigerator, refrigerator, refrigerator	3243, 3316, 50087, 7605, 5569, 7425, 7467, 10116, 5288, 5006, 4894 2032, 5234, 22011, 48689, 5542, 2460 25578, 3065,	19	19	19	refrigerator	1.0	1.0	1.0	19.0	nan	fridge, fridge, refrigerator, refrigerator, refrigerator, refrigerator, refrigerator, refrigerator, refrigerator, refrigerator, refrigerator, refrigerator, refrigerator, refrigerator, refrigerator, refrigerator, refrigerator, refrigerator, refrigerator	fridge, fridge, refrigerator, refrigerator, refrigerator, refrigerator, refrigerator, refrigerator, refrigerator, refrigerator, refrigerator, refrigerator, refrigerator, refrigerator, refrigerator, refrigerator, refrigerator, refrigerator, refrigerator	refrigerators	refrigerator	0.894736842	0.894736842	0.0704059	0.0704059	0.8
18521	refrigerator/refrigerator_06s.jpg	refrigerator	refrigerator	refrigerator	refrigerator, refrigerator, refrigerator, refrigerator, refrigerator, refrigerator, refrigerator, refrigerator, refrigerator, refrigerator	3732, 29997, 2862, 3485, 11944, 46682, 4244, 3083, 3031, 2572,	10	10	10	refrigerator	1.0	1.0	1.0	18.0	nan	fridge, fridge, refrigerator, refrigerator, refrigerator, refrigerator, refrigerator, refrigerator, refrigerator, refrigerator, refrigerator, refrigerator, refrigerator, refrigerator, refrigerator, refrigerator, refrigerator, refrigerator	fridge, fridge, refrigerator, refrigerator, refrigerator, refrigerator, refrigerator, refrigerator, refrigerator, refrigerator, refrigerator, refrigerator, refrigerator, refrigerator, refrigerator, refrigerator, refrigerator, refrigerator	tes	refrigerator	0.888888889	0.888888889	0.074074074	0.074074074	0.829268293
18518	refrigerator/refrigerator_03s.jpg	refrigerator	refrigerator	refrigerator	refrigerator, refrigerator, refrigerator, refrigerator, refrigerator, refrigerator, refrigerator, refrigerator, refrigerator, refrigerator, refrigerator, refrigerator, refrigerator, refrigerator, refrigerator, refrigerator, refrigerator	4053, 3606, 2390, 3216, 6880, 5650, 5081, 17631, 8952, 154635, 13462, 6386, 3208, 3865, 2709 3032, 2844	17	17	17	refrigerator	1.0	1.0	1.0	19.0	nan	fridge, fridge, fridge, fridge, refrigerator, refrigerator, refrigerator, refrigerator, refrigerator, refrigerator, refrigerator, refrigerator, refrigerator, refrigerator, refrigerator, refrigerator, refrigerator, refrigerator, refrigerator	fridge, fridge, fridge, fridge, refrigerator, refrigerator, refrigerator, refrigerator, refrigerator, refrigerator, refrigerator, refrigerator, refrigerator, refrigerator, refrigerator, refrigerator, refrigerator, refrigerator, refrigerator	cabinets	refrigerator	0.789473684	0.789473684	0.09352877	0.09352877	0.846153846
18524	refrigerator/refrigerator_09s.jpg	refrigerator	refrigerator	refrigerator	refrigerator, refrigerator, refrigerator, refrigerator, refrigerator, frisbee, refrigerator, refrigerator, refrigerator, refrigerator, refrigerator, refrigerator, refrigerator, refrigerator, refrigerator, refrigerator	6548 4845, 8242, 4138, 19947, 36457, 15094, 12952, 42046 3343, 8641, 4434 2283, 7044, 11732, 2733,	16	15	15	refrigerator	0.9375	0.9375	0.9375	19.0	nan	fridge, fridge, prong, refrigerator, refrigerator, refrigerator, refrigerator, refrigerator, refrigerator, refrigerator, refrigerator, refrigerator, refrigerator, refrigerator, refrigerator, refrigerator, refrigerator, refrigerator, refrigerator	fridge, fridge, prong, refrigerator, refrigerator, refrigerator, refrigerator, refrigerator, refrigerator, refrigerator, refrigerator, refrigerator, refrigerator, refrigerator, refrigerator, refrigerator, refrigerator, refrigerator, refrigerator	kitchen	refrigerator	0.842105263	0.842105263	0.083654675	0.083654675	0.825
18522	refrigerator/refrigerator_07s.jpg	refrigerator	refrigerator	refrigerator	refrigerator, refrigerator, frisbee, refrigerator, refrigerator, refrigerator, refrigerator, refrigerator, refrigerator, refrigerator, refrigerator, refrigerator, refrigerator, refrigerator	4405 6579, 14998, 2855, 3337, 5540, 3438, 45215, 53475, 2513, 3015, 4930, 4488, 73495	14	13	13	refrigerator	0.928571429	0.928571429	0.928571429	19.0	nan	fridge, fridge, fridge, fridge, refrigerator, refrigerator, refrigerator, refrigerator, refrigerator, refrigerator, refrigerator, refrigerator, refrigerator, refrigerator, refrigerator, refrigerator, refrigerator, refrigerator, refrigerator	fridge, fridge, fridge, fridge, refrigerator, refrigerator, refrigerator, refrigerator, refrigerator, refrigerator, refrigerator, refrigerator, refrigerator, refrigerator, refrigerator, refrigerator, refrigerator, refrigerator, refrigerator	nan	refrigerator	0.789473684	0.789473684	0.09352877	0.09352877	0.928571429
18523	refrigerator/refrigerator_08s.jpg	refrigerator	refrigerator	refrigerator	refrigerator, refrigerator, refrigerator, refrigerator, refrigerator, freezer, refrigerator, refrigerator, refrigerator, refrigerator, refrigerator, refrigerator, refrigerator	4131, 4912, 6251, 5458, 6053, 7354, 8285, 11317, 16997 6564 2066, 2846, 3049,	13	12	12	refrigerator	0.923076923	0.923076923	0.923076923	20.0	nan	fridge, fridge, juice, refrigerator, refrigerator, refrigerator, refrigerator, refrigerator, refrigerator, refrigerator, refrigerator, refrigerator, refrigerator, refrigerator, refrigerator, refrigerator, refrigerator, refrigerator, refrigerator, refrigerator	fridge, fridge, juice, refrigerator, refrigerator, refrigerator, refrigerator, refrigerator, refrigerator, refrigerator, refrigerator, refrigerator, refrigerator, refrigerator, refrigerator, refrigerator, refrigerator, refrigerator, refrigerator, refrigerator	food	refrigerator	0.85	0.85	0.079843597	0.079843597	0.857142857
18516	refrigerator/refrigerator_01b.jpg	refrigerator	refrigerator	refrigerator	refrigerator, refrigerator, refrigerator, refrigerator, refrigerator, refrigerator, refrigerator, water cooler, refrigerator, doorstop, refrigerator, refrigerator, refrigerator, refrigerator, refrigerator, refrigerator	4037, 10689, 3582, 20389, 11662, 2423, 29050, 73757, 4614, 8002, 6627, 8642, 14043, 3830, 55003, 4033,	16	14	14	refrigerator	0.875	0.875	0.875	17.0	nan	door, fridge, fridge, fridge, refrigerator, refrigerator, refrigerator, refrigerator, refrigerator, refrigerator, refrigerator, refrigerator, refrigerator, refrigerator, refrigerator, refrigerator, refrigerator	door, fridge, fridge, fridge, refrigerator, refrigerator, refrigerator, refrigerator, refrigerator, refrigerator, refrigerator, refrigerator, refrigerator, refrigerator, refrigerator, refrigerator, refrigerator	ice maker	refrigerator	0.764705882	0.764705882	0.102879368	0.102879368	0.756756757
18517	refrigerator/refrigerator_02s.jpg	refrigerator	refrigerator	refrigerator	refrigerator, refrigerator, refrigerator, refrigerator, cooler, refrigerator, refrigerator, refrigerator, refrigerator, refrigerator, freezer, refrigerator, refrigerator, refrigerator, refrigerator, refrigerator	3594, 8856, 5485 47118, 49637, 16893 7535, 15351, 6249, 7927, 9122, 2184, 4239, 3203, 7729, 6029,	16	14	14	refrigerator	0.875	0.875	0.875	17.0	nan	fridge, fridge, fridge, fridge, fridge, fridge, fridge, fridge, fridge, refrigerator, refrigerator, refrigerator, refrigerator, refrigerator, refrigerator, refrigerator, refrigerator	fridge, fridge, fridge, fridge, fridge, fridge, fridge, fridge, fridge, refrigerator, refrigerator, refrigerator, refrigerator, refrigerator, refrigerator, refrigerator, refrigerator	floor	fridge	0.529411765	0.470588235	0.121057825	0.121057825	0.829268293
18527	refrigerator/refrigerator_12s.jpg	refrigerator	refrigerator	refrigerator	refrigerator, refrigerator, door, refrigerator, refrigerator, refrigerator, refrigerator, water filter, refrigerator, refrigerator, refrigerator, refrigerator, refrigerator, refrigerator	140625, 39026 14100, 8441 6183, 8401, 40289, 8031, 9098, 15178, 7260, 6449, 5499, 3543,	14	12	12	refrigerator	0.857142857	0.857142857	0.857142857	20.0	nan	coffee maker, dispenser, fridge, refrigerator, refrigerator, refrigerator, refrigerator, refrigerator, refrigerator, refrigerator, refrigerator, refrigerator, refrigerator, refrigerator, refrigerator, refrigerator, refrigerator, refrigerator, water filter, wood	coffee maker, dispenser, fridge, refrigerator, refrigerator, refrigerator, refrigerator, refrigerator, refrigerator, refrigerator, refrigerator, refrigerator, refrigerator, refrigerator, refrigerator, refrigerator, refrigerator, refrigerator, water filter, wood	ne	refrigerator	0.75	0.75	0.096824584	0.096824584	0.634146341
27407	refrigerator.jpg	refrigerator	refrigerator	refrigerator	refrigerator, rearview mirror, refrigerator, refrigerator, refrigerator, refrigerator, refrigerator, refrigerator, freezer, refrigerator, freezer, refrigerator, refrigerator, refrigerator, refrigerator	7442, 6727, 4434, 21829, 5942, 8964, 12867, 9373, 7386, 4256, 7567 3961, 2457, 11968, 3327,	15	12	12	refrigerator	0.8	0.8	0.8	nan	nan	nan	nan	nan	nan	nan	nan	nan	nan	nan
18520	refrigerator/refrigerator_05s.jpg	refrigerator	refrigerator	refrigerator	refrigerator, refrigerator, refrigerator, refrigerator, refrigerator, refrigerator, rearview mirror, refrigerator, refrigerator, refrigerator, refrigerator, frisbee, cooler, refrigerator	6587, 3456, 6947, 10120, 10592, 2024, 16239, 2425, 12605, 12865, 4918, 15981, 23471, 3863,	14	11	11	refrigerator	0.785714286	0.785714286	0.785714286	20.0	nan	fridge, fridge, refrigerator, refrigerator, refrigerator, refrigerator, refrigerator, refrigerator, refrigerator, refrigerator, refrigerator, refrigerator, refrigerator, refrigerator, refrigerator, refrigerator, refrigerator, refrigerator, refrigerator, refrigerator	fridge, fridge, refrigerator, refrigerator, refrigerator, refrigerator, refrigerator, refrigerator, refrigerator, refrigerator, refrigerator, refrigerator, refrigerator, refrigerator, refrigerator, refrigerator, refrigerator, refrigerator, refrigerator, refrigerator	stove	refrigerator	0.9	0.9	0.067082039	0.067082039	0.880952381
18526	refrigerator/refrigerator_11s.jpg	refrigerator	refrigerator	refrigerator	refrigerator, refrigerator, refrigerator, refrigerator, refrigerator, refrigerator, refrigerator, water filter, refrigerator, water filter, rearview mirror, refrigerator, refrigerator, refrigerator	7028, 4098, 6482, 30638, 6047, 4719, 19141, 7726, 7654, 4831, 6230, 11955, 3989 1856,	14	11	11	refrigerator	0.785714286	0.785714286	0.785714286	20.0	nan	fridge, fridge, refrigerator, refrigerator, refrigerator, refrigerator, refrigerator, refrigerator, refrigerator, refrigerator, refrigerator, refrigerator, refrigerator, refrigerator, refrigerator, refrigerator, refrigerator, refrigerator, refrigerator, refrigerator	fridge, fridge, refrigerator, refrigerator, refrigerator, refrigerator, refrigerator, refrigerator, refrigerator, refrigerator, refrigerator, refrigerator, refrigerator, refrigerator, refrigerator, refrigerator, refrigerator, refrigerator, refrigerator, refrigerator	stove	refrigerator	0.9	0.9	0.067082039	0.067082039	0.75
18519	refrigerator/refrigerator_04s.jpg	refrigerator	refrigerator	refrigerator	door, refrigerator, refrigerator, refrigerator, water filter, refrigerator, refrigerator, refrigerator, tape (adhesive tape), door, refrigerator, refrigerator, refrigerator, frisbee, refrigerator, refrigerator, refrigerator	72630, 2033, 3700, 4316, 10148, 7701, 66658, 15277, 69515, 31497, 20624, 35284, 3726, 40623, 10525, 4141, 4942,	17	12	12	refrigerator	0.705882353	0.705882353	0.705882353	17.0	nan	fridge, fridge, fridge, frig, refrigerator, refrigerator, refrigerator, refrigerator, refrigerator, refrigerator, refrigerator, refrigerator, refrigerator, refrigerator, refrigerator, refrigerator, refrigerator	fridge, fridge, fridge, frig, refrigerator, refrigerator, refrigerator, refrigerator, refrigerator, refrigerator, refrigerator, refrigerator, refrigerator, refrigerator, refrigerator, refrigerator, refrigerator	cupboard	refrigerator	0.764705882	0.764705882	0.102879368	0.102879368	0.894736842
19580	scarf/scarf_16s.jpg	scarf	scarf	scarf	scarf, scarf, scarf, scarf, scarf, scarf, scarf, scarf, scarf, shawl, scarf, scarf, scarf, scarf, scarf	5737, 4988, 3386, 8024, 7987, 3754, 7540, 5488, 5915, 9738, 20308, 3116, 3037, 3707, 8572,	15	14	14	scarf	0.933333333	0.933333333	0.933333333	18.0	nan	scarf, scarf, scarf, scarf, scarf, scarf, scarf, scarf, scarf, scarf, scarf, scarf, scarf, scarf, scarf, scarf, scarf, scarf	scarf, scarf, scarf, scarf, scarf, scarf, scarf, scarf, scarf, scarf, scarf, scarf, scarf, scarf, scarf, scarf, scarf, scarf	mannequin	scarf	1.0	1.0	0.0	0.0	0.897435897
19572	scarf/scarf_08s.jpg	scarf	scarf	scarf	scarf, scarf, scarf, scarf, scarf, man, scarf, scarf, scarf, scarf, scarf	52574, 13358, 4424, 5197, 6905, 10358, 6922, 2804, 30648, 4873, 83115,	11	10	10	scarf	0.909090909	0.909090909	0.909090909	18.0	nan	scarf, scarf, scarf, scarf, scarf, scarf, scarf, scarf, scarf, scarf, scarf, scarf, scarf, scarf, scarf, scarf, scarf, shawl	scarf, scarf, scarf, scarf, scarf, scarf, scarf, scarf, scarf, scarf, scarf, scarf, scarf, scarf, scarf, scarf, scarf, shawl	beard	scarf	0.944444444	0.944444444	0.053990295	0.053990295	0.853658537
19577	scarf/scarf_13s.jpg	scarf	scarf	scarf	scarf, scarf, scarf, scarf, scarf, scarf, clothes, scarf, knife, scarf, scarf, scarf, scarf, scarf, scarf, scarf, scarf, scarf, scarf, shawl, scarf, scarf	5569, 6400, 5809, 5816, 3974, 35630, 54531, 5863, 28044, 10048, 8613 17039, 3638, 7920, 24605, 4606, 5599, 3601, 3719, 13900, 4103, 2405,	22	19	19	scarf	0.863636364	0.863636364	0.863636364	18.0	nan	scarf, scarf, scarf, scarf, scarf, scarf, scarf, scarf, scarf, scarf, scarf, scarf, scarf, scarf, scarf, scarf, scarf, scarf	scarf, scarf, scarf, scarf, scarf, scarf, scarf, scarf, scarf, scarf, scarf, scarf, scarf, scarf, scarf, scarf, scarf, scarf	woman	scarf	1.0	1.0	0.0	0.0	0.717948718
19578	scarf/scarf_14s.jpg	scarf	scarf	scarf	scarf, scarf, scarf, scarf, scarf, scarf, clothes, scarf, boy, scarf, scarf	11230, 4605, 16743, 6543, 25421, 8253 5269, 19403 6730, 7868, 53395	11	9	9	scarf	0.818181818	0.818181818	0.818181818	20.0	nan	scarf, scarf, scarf, scarf, scarf, scarf, scarf, scarf, scarf, scarf, scarf, scarf, scarf, scarf, scarf, scarf, scarf, scarf, scarf, scarf	scarf, scarf, scarf, scarf, scarf, scarf, scarf, scarf, scarf, scarf, scarf, scarf, scarf, scarf, scarf, scarf, scarf, scarf, scarf, scarf	suit jacket	scarf	1.0	1.0	0.0	0.0	0.761904762
19573	scarf/scarf_09s.jpg	scarf	scarf	scarf	scarf, scarf, scarf, scarf, girl, scarf, dress, scarf, scarf, scarf, scarf, scarf, scarf, scarf, scarf, shawl	6750, 8277, 3686, 2847, 25725 7371 3910 3310, 8295, 3637 5720, 8367, 3184, 8017, 3778, 3122,	16	13	13	scarf	0.8125	0.8125	0.8125	20.0	nan	scarf, scarf, scarf, scarf, scarf, scarf, scarf, scarf, scarf, scarf, scarf, scarf, scarf, scarf, scarf, scarf, scarf, scarf, scarf, scorf	scarf, scarf, scarf, scarf, scarf, scarf, scarf, scarf, scarf, scarf, scarf, scarf, scarf, scarf, scarf, scarf, scarf, scarf, scarf, scorf	woman	scarf	0.95	0.95	0.048733972	0.048733972	0.842105263
19571	scarf/scarf_07s.jpg	scarf	scarf	scarf	shawl, clothes, scarf, scarf, scarf, scarf, barbell, scarf, scarf, scarf, scarf, scarf, scarf, scarf	4138, 3693, 19831 11142, 3876, 86206 57798, 53520, 3455, 4929, 2398, 7156, 4039, 2153,	14	11	11	scarf	0.785714286	0.785714286	0.785714286	16.0	nan	scarf, scarf, scarf, scarf, scarf, scarf, scarf, scarf, scarf, scarf, scarf, scarf, scarf, scarf, scarf, scarf	scarf, scarf, scarf, scarf, scarf, scarf, scarf, scarf, scarf, scarf, scarf, scarf, scarf, scarf, scarf, scarf	person	scarf	1.0	1.0	0.0	0.0	0.756097561
19576	scarf/scarf_12s.jpg	scarf	scarf	scarf	scarf, scarf, scarf, scarf, scarf, sheet, scarf, scarf, scarf, scarf, knot, towel, scarf, scarf, towel, scarf, scarf, scarf	3246 19768, 3512, 5209, 3048, 8937, 18502, 11668, 5100, 29142, 38393, 4540, 3680, 11525, 10194, 6984, 9010, 3122	18	14	14	scarf	0.777777778	0.777777778	0.777777778	15.0	nan	cloth, scarf, scarf, scarf, scarf, scarf, scarf, scarf, scarf, scarf, scarf, scarf, scarf, scarf, scarf	cloth, scarf, scarf, scarf, scarf, scarf, scarf, scarf, scarf, scarf, scarf, scarf, scarf, scarf, scarf	nan	scarf	0.933333333	0.933333333	0.064406119	0.064406119	0.743589744
19569	scarf/scarf_05s.jpg	scarf	scarf	scarf	scarf, scarf, scarf, scarf, scarf, shawl, blanket, blanket, scarf, scarf, shawl, scarf, scarf, scarf	4559, 3614, 12862, 38553, 6175 40689, 10581, 25407, 10366, 4042 5070, 5408, 3049, 6184,	14	10	10	scarf	0.714285714	0.714285714	0.714285714	19.0	nan	scarf, scarf, scarf, scarf, scarf, scarf, scarf, scarf, scarf, scarf, scarf, scarf, scarf, scarf, scarf, scarf, scarf, scarf, scarf	scarf, scarf, scarf, scarf, scarf, scarf, scarf, scarf, scarf, scarf, scarf, scarf, scarf, scarf, scarf, scarf, scarf, scarf, scarf	shirt	scarf	1.0	1.0	0.0	0.0	0.717948718
19568	scarf/scarf_04s.jpg	scarf	scarf	scarf	scarf, towel, scarf, scarf, scarf, shawl, scarf, shawl, scarf, scarf, clothes, scarf, scarf, scarf	11967, 12657, 5590, 3351 17055, 7283, 3345, 9397, 4141, 3596 37822 36297, 14311, 7990,	14	10	10	scarf	0.714285714	0.714285714	0.714285714	18.0	nan	scarf, scarf, scarf, scarf, scarf, scarf, scarf, scarf, scarf, scarf, scarf, scarf, scarf, scarf, scarf, scarf, scarf, shawl	scarf, scarf, scarf, scarf, scarf, scarf, scarf, scarf, scarf, scarf, scarf, scarf, scarf, scarf, scarf, scarf, scarf, shawl	woman	scarf	0.944444444	0.944444444	0.053990295	0.053990295	0.775
19579	scarf/scarf_15s.jpg	scarf	scarf	scarf	scarf, scarf, scarf, scarf, scarf, scarf, scarf, shawl, shawl, scarf, towel, scarf, towel, scarf, urn	4156, 5401, 3626, 4512, 16354 7330 31323, 7076, 7835, 3934, 9948, 3553, 15582, 2403, 6405,	15	10	10	scarf	0.666666667	0.666666667	0.666666667	16.0	nan	cloak, scarf, scarf, scarf, scarf, scarf, scarf, scarf, scarf, scarf, scarf, scarf, scarf, scarf, shawl, shawl	cloak, scarf, scarf, scarf, scarf, scarf, scarf, scarf, scarf, scarf, scarf, scarf, scarf, scarf, shawl, shawl	mannequin	scarf	0.8125	0.8125	0.097578094	0.097578094	0.736842105
19566	scarf/scarf_02s.jpg	scarf	scarf	scarf	sweater, scarf, shawl, scarf, shirt, scarf, scrabble, scarf, scarf, scarf, shawl, scarf, scarf, scarf	17756, 7851, 5789, 5252, 6848, 4169, 21501, 129916, 5685, 5522, 7018, 3973, 2960, 5229	14	9	9	scarf	0.642857143	0.642857143	0.642857143	20.0	nan	british legion, scarf, scarf, scarf, scarf, scarf, scarf, scarf, scarf, scarf, scarf, scarf, scarf, scarf, scarf, scarf, scarf, scarf, scarf, scarf	british legion, scarf, scarf, scarf, scarf, scarf, scarf, scarf, scarf, scarf, scarf, scarf, scarf, scarf, scarf, scarf, scarf, scarf, scarf, scarf	coat	scarf	0.95	0.95	0.048733972	0.048733972	0.785714286
19574	scarf/scarf_10s.jpg	scarf	scarf	scarf	scarf, shawl, scarf, dress, scarf, chute, muff (hands), scarf, scarf, scarf, scarf	26297, 8420, 20936, 6517, 4923, 10398, 36447, 15121, 9733, 3968, 14638,	11	7	7	scarf	0.636363636	0.636363636	0.636363636	19.0	nan	scarf, scarf, scarf, scarf, scarf, scarf, scarf, scarf, scarf, scarf, scarf, scarf, scarf, scarf, scarf, scarf, scarf, scarf, scarf	scarf, scarf, scarf, scarf, scarf, scarf, scarf, scarf, scarf, scarf, scarf, scarf, scarf, scarf, scarf, scarf, scarf, scarf, scarf	mannequin	scarf	1.0	1.0	0.0	0.0	0.820512821
19570	scarf/scarf_06s.jpg	scarf	scarf	scarf	scarf, scarf, scarf, scarf, shawl, scarf, scarf, towel, towel, scarf, scarf, clothes, towel, scarf, towel rack, scarf, scarf, scarf, shawl	8061, 17210, 3244, 31993, 9667, 5808, 45587, 14757, 7540, 12980, 44150, 5654, 10285, 8621, 6868, 8512, 4259 8493 2997,	19	12	12	scarf	0.631578947	0.631578947	0.631578947	18.0	nan	scarf, scarf, scarf, scarf, scarf, scarf, scarf, scarf, scarf, scarf, scarf, scarf, scarf, scarf, scarf, scarf, scarf, shawl	scarf, scarf, scarf, scarf, scarf, scarf, scarf, scarf, scarf, scarf, scarf, scarf, scarf, scarf, scarf, scarf, scarf, shawl	mannequin	scarf	0.944444444	0.944444444	0.053990295	0.053990295	0.675
27484	scarf.jpg	scarf	scarf	scarf	scarf, sticker, scarf, towel, wall, towel, shawl, scarf, scarf, shawl, scarf, scarf, scarf, scarf, shaving cream, scarf, scarf	5378, 26003 31078, 4345, 11313, 3626, 17106, 14787, 2303 9154, 3400, 21550, 3372, 7085, 7245, 4520, 4746,	17	10	10	scarf	0.588235294	0.588235294	0.588235294	nan	nan	nan	nan	nan	nan	nan	nan	nan	nan	nan
19575	scarf/scarf_11s.jpg	scarf	scarf	scarf	shawl, clothes, scarf, scarf, scarf, scarf, scarf, scarf, dress, scarf, shawl, saddle (horse)	3908, 5222, 3044, 2704, 29188, 8333, 3780, 6334, 4320, 7026, 4838, 7819,	12	7	7	scarf	0.583333333	0.583333333	0.583333333	19.0	nan	scarf, scarf, scarf, scarf, scarf, scarf, scarf, scarf, scarf, scarf, scarf, scarf, scarf, scarf, scarf, scarf, scarf, scarf, scarf	scarf, scarf, scarf, scarf, scarf, scarf, scarf, scarf, scarf, scarf, scarf, scarf, scarf, scarf, scarf, scarf, scarf, scarf, scarf	woman	scarf	1.0	1.0	0.0	0.0	0.575
19565	scarf/scarf_01s.jpg	scarf	scarf	scarf	shawl, blanket, scarf, scarf, clothes, dress, mannequin, scarf, scarf, scarf, scarf, shawl, shawl, scarf, scarf	7602, 18628, 25338, 46235, 14841, 5326, 4591, 8682, 7586, 6300, 5463 6069, 8998, 7508, 3482,	15	8	8	scarf	0.533333333	0.533333333	0.533333333	17.0	nan	dress, scarf, scarf, scarf, scarf, scarf, scarf, scarf, scarf, scarf, scarf, scarf, scarf, shawl, shawl, sweater, sweater	dress, scarf, scarf, scarf, scarf, scarf, scarf, scarf, scarf, scarf, scarf, scarf, scarf, shawl, shawl, sweater, sweater	mannequin	scarf	0.705882353	0.705882353	0.110510169	0.110510169	0.804878049
19567	scarf/scarf_03s.jpg	scarf	scarf	scarf	scarf, scarf, clothes, scarf, dress, blanket, scarf, shawl, shawl, weather vane, scarf, clothes, dress, scarf, scaffold, scarf	9565, 5141, 4303, 2681, 9595, 17652 11319, 6029, 3987, 42709, 37479 5568 16062, 15133, 64717, 2461	16	7	7	scarf	0.4375	0.4375	0.4375	18.0	nan	cloak, scarf, scarf, scarf, scarf, scarf, scarf, scarf, scarf, scarf, scarf, scarf, scarf, shall, shaw, shawl, shawl, shawl	cloak, scarf, scarf, scarf, scarf, scarf, scarf, scarf, scarf, scarf, scarf, scarf, scarf, shall, shaw, shawl, shawl, shawl	mannequin	scarf	0.666666667	0.666666667	0.111111111	0.111111111	0.775
19600	scissors/scissors_07s.jpg	scissors	scissors	scissors	scissors, scissors, scissors, scissors, scissors, scissors, scissors, scissors, scissors, scissors, scissors, scissors, scissors, scissors, scissors, scissors, scissors, scissors, scissors, scissors, scissors	36275, 7936, 5920, 5410 3149, 31403, 46218, 5329, 6560, 5677, 17326, 6195, 6444, 10359, 21032, 27815, 26051, 42809 6092 31142 3133,	21	21	21	scissors	1.0	1.0	1.0	20.0	nan	scissors, scissors, scissors, scissors, scissors, scissors, scissors, scissors, scissors, scissors, scissors, scissors, scissors, scissors, scissors, scissors, scissors, scissors, scissors, scissors	scissors, scissors, scissors, scissors, scissors, scissors, scissors, scissors, scissors, scissors, scissors, scissors, scissors, scissors, scissors, scissors, scissors, scissors, scissors, scissors	bucket	scissors	1.0	1.0	0.0	0.0	0.725
19604	scissors/scissors_11s.jpg	scissors	scissors	scissors	scissors, scissors, scissors, scissors, scissors, scissors, scissors, scissors, scissors, scissors, scissors, scissors, scissors, scissors, scissors, scissors, scissors, scissors	4158, 10908, 23748, 4120 9831, 4582, 3280, 18857, 3226, 5545, 5136, 6066, 4063, 2667 2525, 5214, 4099, 4088,	18	18	18	scissors	1.0	1.0	1.0	20.0	nan	scissors, scissors, scissors, scissors, scissors, scissors, scissors, scissors, scissors, scissors, scissors, scissors, scissors, scissors, scissors, scissors, scissors, scissors, scissors, scissors	scissors, scissors, scissors, scissors, scissors, scissors, scissors, scissors, scissors, scissors, scissors, scissors, scissors, scissors, scissors, scissors, scissors, scissors, scissors, scissors	nan	scissors	1.0	1.0	0.0	0.0	0.794871795
19607	scissors/scissors_14s.jpg	scissors	scissors	scissors	scissors, scissors, scissors, scissors, scissors, scissors, scissors, scissors, scissors, scissors, scissors, scissors, scissors, scissors, scissors, scissors, scissors, scissors	43345, 2443, 2915, 18276, 3745, 3644 11686, 3798, 18766, 6100, 4895, 15782, 32399, 2863, 4242, 3126, 4525, 3874,	18	18	18	scissors	1.0	1.0	1.0	20.0	nan	scissors, scissors, scissors, scissors, scissors, scissors, scissors, scissors, scissors, scissors, scissors, scissors, scissors, scissors, scissors, scissors, scissors, scissors, scissors, scissors	scissors, scissors, scissors, scissors, scissors, scissors, scissors, scissors, scissors, scissors, scissors, scissors, scissors, scissors, scissors, scissors, scissors, scissors, scissors, scissors	floor	scissors	1.0	1.0	0.0	0.0	0.829268293
19602	scissors/scissors_09s.jpg	scissors	scissors	scissors	scissors, scissors, scissors, scissors, scissors, scissors, scissors, scissors, scissors, scissors, scissors, scissors, scissors, scissors, scissors, scissors, scissors, scissors	6511 4387, 3639, 46284, 53297, 5023, 2520, 56201, 4443, 4928, 5423, 6476, 3732, 2420, 7446, 33535, 3607, 10206,	18	18	18	scissors	1.0	1.0	1.0	17.0	nan	scissors, scissors, scissors, scissors, scissors, scissors, scissors, scissors, scissors, scissors, scissors, scissors, scissors, scissors, scissors, scissors, scissors	scissors, scissors, scissors, scissors, scissors, scissors, scissors, scissors, scissors, scissors, scissors, scissors, scissors, scissors, scissors, scissors, scissors	packaging	scissors	1.0	1.0	0.0	0.0	0.790697674
19597	scissors/scissors_04s.jpg	scissors	scissors	scissors	scissors, scissors, scissors, scissors, scissors, scissors, scissors, scissors, scissors, scissors, scissors, scissors, scissors, scissors, scissors, scissors, scissors, scissors	3401, 20263, 6140, 6278, 2875, 25081, 5090, 5902, 8021, 30677, 40918, 3915, 35060, 25821, 3419, 3161, 15215, 2178	18	18	18	scissors	1.0	1.0	1.0	16.0	nan	scissors, scissors, scissors, scissors, scissors, scissors, scissors, scissors, scissors, scissors, scissors, scissors, scissors, scissors, scissors, scissors	scissors, scissors, scissors, scissors, scissors, scissors, scissors, scissors, scissors, scissors, scissors, scissors, scissors, scissors, scissors, scissors	hand	scissors	1.0	1.0	0.0	0.0	0.825
19603	scissors/scissors_10s.jpg	scissors	scissors	scissors	scissors, scissors, scissors, scissors, scissors, scissors, scissors, scissors, scissors, scissors, scissors, scissors, scissors, scissors, scissors, scissors, scissors	4517, 3835 7678 6473, 13846 3170, 2651, 5902, 7015, 8644, 3423, 4687, 3317 8134 3040, 2788, 2987,	17	17	17	scissors	1.0	1.0	1.0	20.0	nan	scissors, scissors, scissors, scissors, scissors, scissors, scissors, scissors, scissors, scissors, scissors, scissors, scissors, scissors, scissors, scissors, scissors, scissors, scissors, scissors	scissors, scissors, scissors, scissors, scissors, scissors, scissors, scissors, scissors, scissors, scissors, scissors, scissors, scissors, scissors, scissors, scissors, scissors, scissors, scissors	block	scissors	1.0	1.0	0.0	0.0	0.769230769
19594	scissors/scissors_01s.jpg	scissors	scissors	scissors	scissors, scissors, scissors, scissors, scissors, scissors, scissors, scissors, scissors, scissors, scissors, scissors, scissors, scissors, scissors, scissors, scissors	5630 71630, 3975 5587, 5714, 5766, 5467, 5531, 7861, 12933, 2557, 35575, 7046, 35848, 11135, 4752, 9416,	17	17	17	scissors	1.0	1.0	1.0	17.0	nan	scissors, scissors, scissors, scissors, scissors, scissors, scissors, scissors, scissors, scissors, scissors, scissors, scissors, scissors, scissors, scissors, scissors	scissors, scissors, scissors, scissors, scissors, scissors, scissors, scissors, scissors, scissors, scissors, scissors, scissors, scissors, scissors, scissors, scissors	paper	scissors	1.0	1.0	0.0	0.0	0.715393134
19596	scissors/scissors_03s.jpg	scissors	scissors	scissors	scissors, scissors, scissors, scissors, scissors, scissors, scissors, scissors, scissors, scissors, scissors, scissors, scissors, scissors, scissors, scissors	4452, 5237, 6018, 2137, 3753 8306, 4047, 3144, 5753, 3341, 7281, 3799, 4830, 4531, 4024, 3911,	16	16	16	scissors	1.0	1.0	1.0	18.0	nan	scissors, scissors, scissors, scissors, scissors, scissors, scissors, scissors, scissors, scissors, scissors, scissors, scissors, scissors, scissors, scissors, scissors, scissors	scissors, scissors, scissors, scissors, scissors, scissors, scissors, scissors, scissors, scissors, scissors, scissors, scissors, scissors, scissors, scissors, scissors, scissors	paper	scissors	1.0	1.0	0.0	0.0	0.794871795
19601	scissors/scissors_08s.jpg	scissors	scissors	scissors	scissors, scissors, scissors, scissors, scissors, scissors, scissors, scissors, scissors, scissors, scissors, scissors, scissors, scissors	15817, 4053 4326, 6838, 5056 2273, 13710, 9203 5539, 3142, 9186, 2462, 2290 3741,	14	14	14	scissors	1.0	1.0	1.0	18.0	nan	scissors, scissors, scissors, scissors, scissors, scissors, scissors, scissors, scissors, scissors, scissors, scissors, scissors, scissors, scissors, scissors, scissors, scissors	scissors, scissors, scissors, scissors, scissors, scissors, scissors, scissors, scissors, scissors, scissors, scissors, scissors, scissors, scissors, scissors, scissors, scissors	nan	scissors	1.0	1.0	0.0	0.0	0.85
19599	scissors/scissors_06s.jpg	scissors	scissors	scissors	scissors, scissors, scissors, scissors, scissors, scissors, scissors, scissors, scissors, scissors, scissors, scissors, scissors	3118, 4743, 5372, 3624, 10458, 5883, 54963, 3884, 6165, 4970, 5866, 4113, 3393,	13	13	13	scissors	1.0	1.0	1.0	19.0	nan	scissors, scissors, scissors, scissors, scissors, scissors, scissors, scissors, scissors, scissors, scissors, scissors, scissors, scissors, scissors, scissors, scissors, scissors, scissors	scissors, scissors, scissors, scissors, scissors, scissors, scissors, scissors, scissors, scissors, scissors, scissors, scissors, scissors, scissors, scissors, scissors, scissors, scissors	tablecloth	scissors	1.0	1.0	0.0	0.0	0.833333333
19595	scissors/scissors_02s.jpg	scissors	scissors	scissors	scissors, scissors, scissors, scissors, scissors, scissors, scissors, scissors, scissors, scissors, scissors	3978, 2858, 5051, 3161, 5163, 2558, 3649, 57914, 4512 6031, 4194,	11	11	11	scissors	1.0	1.0	1.0	19.0	nan	scissors, scissors, scissors, scissors, scissors, scissors, scissors, scissors, scissors, scissors, scissors, scissors, scissors, scissors, scissors, scissors, scissors, scissors, scissors	scissors, scissors, scissors, scissors, scissors, scissors, scissors, scissors, scissors, scissors, scissors, scissors, scissors, scissors, scissors, scissors, scissors, scissors, scissors	nan	scissors	1.0	1.0	0.0	0.0	0.7
27486	scissors.jpg	scissors	scissors	scissors	scissors, scissors, scissors, scissors, scissors, scissors, scissors, scissors	6915, 10811, 8738, 4004, 46497, 4078, 26194, 2880,	8	8	8	scissors	1.0	1.0	1.0	nan	nan	nan	nan	nan	nan	nan	nan	nan	nan	nan
19606	scissors/scissors_13s.jpg	scissors	scissors	scissors	scissors, scissors, scissors, scissors, scissors, scissors, scissors, scissors, scissors, scissors, scissors, wire cutters, scissors, scissors, scissors, scissors, scissors, scissors, scissors, scissors, scissors	5983, 3726 7112, 3111, 6327, 8511, 12376, 3284, 73867, 33177, 4425, 34096, 4026, 5924, 2296 5671, 7859, 58084, 26580, 8032, 71119,	21	20	20	scissors	0.952380952	0.952380952	0.952380952	19.0	nan	scissors, scissors, scissors, scissors, scissors, scissors, scissors, scissors, scissors, scissors, scissors, scissors, scissors, scissors, scissors, scissors, scissors, scissors, scissors	scissors, scissors, scissors, scissors, scissors, scissors, scissors, scissors, scissors, scissors, scissors, scissors, scissors, scissors, scissors, scissors, scissors, scissors, scissors	nan	scissors	1.0	1.0	0.0	0.0	0.756097561
19605	scissors/scissors_12s.jpg	scissors	scissors	scissors	scissors, scissors, siren (alarm), scissors, scissors, scissors, scissors, scissors, scissors, scissors, scissors, scissors, scissors, scissors, scissors, scissors, scissors	7619, 139682, 6646, 6059, 5206, 12703, 4288, 4551, 8068, 57479, 6866, 4960, 3147, 2972, 5570, 4698, 3187,	17	16	16	scissors	0.941176471	0.941176471	0.941176471	19.0	nan	scissors, scissors, scissors, scissors, scissors, scissors, scissors, scissors, scissors, scissors, scissors, scissors, scissors, scissors, scissors, scissors, scissors, scissors, scissors	scissors, scissors, scissors, scissors, scissors, scissors, scissors, scissors, scissors, scissors, scissors, scissors, scissors, scissors, scissors, scissors, scissors, scissors, scissors	ne	scissors	1.0	1.0	0.0	0.0	0.863636364
19598	scissors/scissors_05s.jpg	scissors	scissors	scissors	scissors, scissors, scissors, tool, scissors, scissors, scissors, scissors, scissors, scissors, scissors, scissors, scissors, scissors, scissors, scissors, scissors	16977, 4979, 11674, 49215, 203165, 5111, 3559, 4767, 39389, 8885, 3330 7077, 2390, 2334, 9290, 3778, 21171,	17	16	16	scissors	0.941176471	0.941176471	0.941176471	17.0	nan	scissors, scissors, scissors, scissors, scissors, scissors, scissors, scissors, scissors, scissors, scissors, scissors, scissors, scissors, scissors, scissors, scissors	scissors, scissors, scissors, scissors, scissors, scissors, scissors, scissors, scissors, scissors, scissors, scissors, scissors, scissors, scissors, scissors, scissors	paint brush	scissors	1.0	1.0	0.0	0.0	0.707317073
20079	sheep/sheep_05s.jpg	sheep	sheep	sheep	sheep, sheep, sheep, sheep, sheep, goat, sheep, sheep, sheep, sheep, sheep, goat, sheep, sheep, sheep, sheep, sheep	15148, 5184, 2832 4126, 23138, 5588 4273, 4692, 5212, 3552, 4800, 5250, 5896, 6194, 4449, 3744, 4281,	17	15	15	sheep	0.882352941	0.882352941	0.882352941	19.0	nan	dragon statue, sheep, sheep, sheep, sheep, sheep, sheep, sheep, sheep, sheep, sheep, sheep, sheep, sheep, sheep, sheep, sheep, sheep, sheep	dragon statue, sheep, sheep, sheep, sheep, sheep, sheep, sheep, sheep, sheep, sheep, sheep, sheep, sheep, sheep, sheep, sheep, sheep, sheep	grass	sheep	0.947368421	0.947368421	0.051227817	0.051227817	0.743589744
27521	sheep.jpg	sheep	sheep	sheep	sheep, sheep, sheep, sheep, sheep, sheep, sheep, goat, sheep, sheep, sheep, sheep, lamb, sheep, sheep	3274, 14624, 4614 5046, 5995, 5677, 6248, 7591, 3072, 3143, 3205, 34586, 3137, 5338, 5009	15	13	13	sheep	0.866666667	0.866666667	0.866666667	nan	nan	nan	nan	nan	nan	nan	nan	nan	nan	nan
20085	sheep/sheep_11s.jpg	sheep	sheep	sheep	sheep, sheep, sheep, sheep, sheep, sheep, sheep, sheep, sheep, shears, sheep, lamp	3832, 4854, 4119, 5000 2912, 14575, 26487, 13302, 8668, 2065, 31558 4665,	12	10	10	sheep	0.833333333	0.833333333	0.833333333	18.0	nan	sheep, sheep, sheep, sheep, sheep, sheep, sheep, sheep, sheep, sheep, sheep, sheep, sheep, sheep, sheep, sheep, sheep, sheep	sheep, sheep, sheep, sheep, sheep, sheep, sheep, sheep, sheep, sheep, sheep, sheep, sheep, sheep, sheep, sheep, sheep, sheep	grass	sheep	1.0	1.0	0.0	0.0	0.717948718
20080	sheep/sheep_06s.jpg	sheep	sheep	sheep	sheep, sheep, sheep, sheep, sheep, sheep, sheep, goat, sheep, sheep, sheep, sheep, sheep, sheep, sheep, polisher (buffing machine), lamppost, sheep	109704, 4214, 7515, 5208, 5378, 3425, 4135, 9424, 43290 3119, 3741, 3907, 6363, 4311, 10141, 9920, 4096, 4146,	18	15	15	sheep	0.833333333	0.833333333	0.833333333	19.0	nan	lamb, lamb, sheep, sheep, sheep, sheep, sheep, sheep, sheep, sheep, sheep, sheep, sheep, sheep, sheep, sheep, sheep, sheep, sheep	lamb, lamb, sheep, sheep, sheep, sheep, sheep, sheep, sheep, sheep, sheep, sheep, sheep, sheep, sheep, sheep, sheep, sheep, sheep	nan	sheep	0.894736842	0.894736842	0.0704059	0.0704059	0.80952381
20086	sheep/sheep_12s.jpg	sheep	sheep	sheep	goat, sheep, sheep, sheep, sheep, sheep, sheep, lamb, sheep, sheep, sheep, sheep, lamb, sheep, sheep, sheep	5252, 4623, 7006 19750, 4973, 5828, 8665, 5558, 3815, 4406, 3251, 7904, 24958, 4098, 3888, 3942	16	13	13	sheep	0.8125	0.8125	0.8125	18.0	nan	goat, sheep, sheep, sheep, sheep, sheep, sheep, sheep, sheep, sheep, sheep, sheep, sheep, sheep, sheep, sheep, sheep, sheep	goat, sheep, sheep, sheep, sheep, sheep, sheep, sheep, sheep, sheep, sheep, sheep, sheep, sheep, sheep, sheep, sheep, sheep	grass	sheep	0.944444444	0.944444444	0.053990295	0.053990295	0.725
20078	sheep/sheep_04n.jpg	sheep	sheep	sheep	goat, sheep, sheep, sheep, sheep, sheep, sheep, sheep, sheep, sheet, sheep, sheep, goat, sheep, sheep, sheep, sheep, lamp	4201, 4452, 4800, 5107, 7254 6198, 3677, 4632, 25426, 65087 9924, 6030, 5364, 23669 6008, 3895, 3028, 4217,	18	14	14	sheep	0.777777778	0.777777778	0.777777778	20.0	nan	sheep, sheep, sheep, sheep, sheep, sheep, sheep, sheep, sheep, sheep, sheep, sheep, sheep, sheep, sheep, sheep, sheep, sheep, sheep, sheep	sheep, sheep, sheep, sheep, sheep, sheep, sheep, sheep, sheep, sheep, sheep, sheep, sheep, sheep, sheep, sheep, sheep, sheep, sheep, sheep	fence	sheep	1.0	1.0	0.0	0.0	0.857142857
20077	sheep/sheep_03s.jpg	sheep	sheep	sheep	sheep, sheep, sheep, sheep, goat, sheep, sheep, goat, sheep, goat, sheep, sheep, sheep, lamb, sheep, sheep, sheep	8209, 3270, 4301, 16933 3657, 27947, 2674, 9479, 19603, 3797, 14415, 6825, 4324, 4646, 8175, 3561, 3058,	17	13	13	sheep	0.764705882	0.764705882	0.764705882	14.0	nan	ewe, goat, goat, lam, lamb, lamb, sheep, sheep, sheep, sheep, sheep, sheep, sheep, sheep	ewe, goat, goat, lam, lamb, lamb, sheep, sheep, sheep, sheep, sheep, sheep, sheep, sheep	tall grass	sheep	0.571428571	0.571428571	0.132260014	0.132260014	0.840909091
20083	sheep/sheep_09s.jpg	sheep	sheep	sheep	ram, sheep, goat, sheep, bat (animal), sheep, sheep, sheep, sheep, sheep, sheep, sheep, goat, sheep, sheep	5489, 2841, 8009, 18083, 19839, 3699, 4397, 8387, 19068, 7608, 3831, 17817, 6720 2875, 2994,	15	11	11	sheep	0.733333333	0.733333333	0.733333333	16.0	nan	ram, ram, sheep, sheep, sheep, sheep, sheep, sheep, sheep, sheep, sheep, sheep, sheep, sheep, sheep, sheep	ram, ram, sheep, sheep, sheep, sheep, sheep, sheep, sheep, sheep, sheep, sheep, sheep, sheep, sheep, sheep	grass	sheep	0.875	0.875	0.082679728	0.082679728	0.7
20076	sheep/sheep_02s.jpg	sheep	sheep	sheep	sheep, sheep, goat, goat, sheep, sheep, sheep, goat, goat, sheep, sheep, sheep, sheep, lamb, sheep, sheep, sheep, sheep	6850, 3231, 8344, 6057, 6710, 5679 3746, 3713, 6109 9191, 3778, 5629, 2263, 4512, 2391 4043, 2765, 5818,	18	13	13	sheep	0.722222222	0.722222222	0.722222222	19.0	nan	goat, sheep, sheep, sheep, sheep, sheep, sheep, sheep, sheep, sheep, sheep, sheep, sheep, sheep, sheep, sheep, sheep, sheep, sheep	goat, sheep, sheep, sheep, sheep, sheep, sheep, sheep, sheep, sheep, sheep, sheep, sheep, sheep, sheep, sheep, sheep, sheep, sheep	grass	sheep	0.947368421	0.947368421	0.051227817	0.051227817	0.85
20084	sheep/sheep_10s.jpg	sheep	sheep	sheep	lamb, sheep, lamb, sheep, sheep, sheep, sheep, coat, sheep, sheep, sheep, sheep, lamb, sheep, goat, sheep	53150, 5070 10979 15277, 42548 86637, 4020, 8958, 11071, 3783, 2947, 2382, 6819, 4145, 6359 3034,	16	11	11	sheep	0.6875	0.6875	0.6875	17.0	nan	lamb, sheep, sheep, sheep, sheep, sheep, sheep, sheep, sheep, sheep, sheep, sheep, sheep, sheep, sheep, sheep, sheep	lamb, sheep, sheep, sheep, sheep, sheep, sheep, sheep, sheep, sheep, sheep, sheep, sheep, sheep, sheep, sheep, sheep	nan	sheep	0.941176471	0.941176471	0.057067206	0.057067206	0.85
20082	sheep/sheep_08s.jpg	sheep	sheep	sheep	sheep, sheep, sheep, ship, sheep, goat, sheep, goat, goat, bowl, sheep, sheep, sheep, sheep	6462, 7179, 2900, 4765, 21057, 9597, 9331, 8823, 4342, 9144, 4590, 3886, 4522, 4230,	14	9	9	sheep	0.642857143	0.642857143	0.642857143	19.0	nan	ewe, ewe, lamb, sheep, sheep, sheep, sheep, sheep, sheep, sheep, sheep, sheep, sheep, sheep, sheep, sheep, sheep, sheep, sheep	ewe, ewe, lamb, sheep, sheep, sheep, sheep, sheep, sheep, sheep, sheep, sheep, sheep, sheep, sheep, sheep, sheep, sheep, sheep	wool	sheep	0.842105263	0.842105263	0.083654675	0.083654675	0.829268293
20081	sheep/sheep_07s.jpg	sheep	sheep	sheep	sheep, sheep, sheep, sheep, goat, sheep, sheep, goat, goat, sheep, sheep, goat, goat, lamb	2827, 4820, 49728, 4875, 5943, 7437, 3091, 6024, 8187, 3599, 3214, 4053, 7855 3256	14	8	8	sheep	0.571428571	0.571428571	0.571428571	20.0	nan	sheekp, sheep, sheep, sheep, sheep, sheep, sheep, sheep, sheep, sheep, sheep, sheep, sheep, sheep, sheep, sheep, sheep, sheep, sheep, sheep	sheekp, sheep, sheep, sheep, sheep, sheep, sheep, sheep, sheep, sheep, sheep, sheep, sheep, sheep, sheep, sheep, sheep, sheep, sheep, sheep	fence	sheep	0.95	0.95	0.048733972	0.048733972	0.756097561
20075	sheep/sheep_01b.jpg	sheep	sheep	sheep	sheep, sheep, sheep, goat, sheep, goat, sheep, lamb, lamb	4293 3042, 4135, 4317, 21628, 14331, 27801, 3494, 3358,	9	5	5	sheep	0.555555556	0.555555556	0.555555556	20.0	nan	grass, sheep, sheep, sheep, sheep, sheep, sheep, sheep, sheep, sheep, sheep, sheep, sheep, sheep, sheep, sheep, sheep, sheep, sheep, sheep	grass, sheep, sheep, sheep, sheep, sheep, sheep, sheep, sheep, sheep, sheep, sheep, sheep, sheep, sheep, sheep, sheep, sheep, sheep, sheep	pasture	sheep	0.95	0.95	0.048733972	0.048733972	0.829268293
20188	shirt/shirt_10s.jpg	shirt	shirt	shirt	shirt, shirt, shirt, shirt, shirt, shirt, shirt, shirt, shirt, shirt, shirt, shirt, shirt, shirt, shirt, shirt, shirt, shirt, shirt	4860, 6255, 6032, 8349, 4978, 4481, 5800, 68979, 6936, 4332, 2359, 4622, 2414, 31137, 13893, 6603, 29815, 32650, 3749,	19	19	19	shirt	1.0	1.0	1.0	19.0	nan	shirt, shirt, shirt, shirt, shirt, shirt, shirt, shirt, shirt, shirt, shirt, shirt, shirt, shirt, shirt, shirt, shirt, shirt, shirt	shirt, shirt, shirt, shirt, shirt, shirt, shirt, shirt, shirt, shirt, shirt, shirt, shirt, shirt, shirt, shirt, shirt, shirt, shirt	wertt	shirt	1.0	1.0	0.0	0.0	0.780487805
20181	shirt/shirt_03s.jpg	shirt	shirt	shirt	shirt, shirt, shirt, shirt, shirt, shirt, shirt, shirt, shirt, shirt, shirt, shirt, shirt, shirt	10212, 4324, 3752, 22597, 3717, 4266, 172944, 5639, 15399, 11076, 8138, 8266, 6188, 10737,	14	14	14	shirt	1.0	1.0	1.0	16.0	nan	shirt, shirt, shirt, shirt, shirt, shirt, shirt, shirt, shirt, shirt, shirt, shirt, shirt, shirt, shirt, shirt	shirt, shirt, shirt, shirt, shirt, shirt, shirt, shirt, shirt, shirt, shirt, shirt, shirt, shirt, shirt, shirt	wood	shirt	1.0	1.0	0.0	0.0	0.731707317
20185	shirt/shirt_07s.jpg	shirt	shirt	shirt	shirt, shirt, shirt, shirt, shirt, shirt, shirt, shirt, shirt, shirt, shirt, shirt	4872, 11436, 8775, 45763, 7477, 4156, 8083, 6696, 3789, 4289, 5974, 4078,	12	12	12	shirt	1.0	1.0	1.0	18.0	nan	shirt, shirt, shirt, shirt, shirt, shirt, shirt, shirt, shirt, shirt, shirt, shirt, shirt, shirt, shirt, shirt, shirt, shirt	shirt, shirt, shirt, shirt, shirt, shirt, shirt, shirt, shirt, shirt, shirt, shirt, shirt, shirt, shirt, shirt, shirt, shirt	table	shirt	1.0	1.0	0.0	0.0	0.813953488
20183	shirt/shirt_05s.jpg	shirt	shirt	shirt	shirt, shirt, shirt, shirt, shirt, shirt, shirt, shirt, shirt, shirt, shirt	2905, 3580 2881, 5520 6318, 7197, 15982, 11239, 10061, 3283, 3171,	11	11	11	shirt	1.0	1.0	1.0	19.0	nan	pajama top, shirt, shirt, shirt, shirt, shirt, shirt, shirt, shirt, shirt, shirt, shirt, shirt, shirt, shirt, shirt, shirt, shirt, shirt	pajama top, shirt, shirt, shirt, shirt, shirt, shirt, shirt, shirt, shirt, shirt, shirt, shirt, shirt, shirt, shirt, shirt, shirt, shirt	table	shirt	0.947368421	0.947368421	0.051227817	0.051227817	0.65
20184	shirt/shirt_06s.jpg	shirt	shirt	shirt	shirt, shirt, shirt, shirt, shirt, shirt, shirt, shirt, shirt, shirt, shirt, shirt, shirt	4916, 4477, 4567, 4210, 4421, 4060, 5203, 4650, 3789 2790, 4727, 13931, 3934,	13	13	13	shirt	1.0	1.0	1.0	18.0	nan	flannel, flannel, shirt, shirt, shirt, shirt, shirt, shirt, shirt, shirt, shirt, shirt, shirt, shirt, shirt, shirt, shirt, short	flannel, flannel, shirt, shirt, shirt, shirt, shirt, shirt, shirt, shirt, shirt, shirt, shirt, shirt, shirt, shirt, shirt, short	buttons	shirt	0.833333333	0.833333333	0.087841046	0.087841046	0.833333333
20186	shirt/shirt_08s.jpg	shirt	shirt	shirt	shirt, shirt, shirt, shirt, shirt, shirt, shirt, shirt, shirt, shirt, shirt, polo shirt, shirt, shirt, shirt, shirt, shirt, shirt, shirt	5720, 5311, 5693, 4895, 6178, 9916, 6816 2776, 5878, 4495, 5089, 3811, 4930, 3628, 12042, 3023, 2810, 3047, 3798,	19	18	18	shirt	0.947368421	0.947368421	1.0	17.0	nan	shirt, shirt, shirt, shirt, shirt, shirt, shirt, shirt, shirt, shirt, shirt, shirt, shirt, shirt, shirt, shirt, shirt	shirt, shirt, shirt, shirt, shirt, shirt, shirt, shirt, shirt, shirt, shirt, shirt, shirt, shirt, shirt, shirt, shirt	table	shirt	1.0	1.0	0.0	0.0	0.829268293
27529	shirt.jpg	shirt	shirt	shirt	shirt, shirt, shirt, shirt, shirt, shirt, shirt, shirt, shirt, shirt, boy, shirt, shirt, shirt, shirt, shirt, shirt	75906, 5100, 4957, 35073, 22444 17452, 6634, 10844, 6656, 12539, 9978, 5735, 3869, 12247, 8628, 4894, 16869,	17	16	16	shirt	0.941176471	0.941176471	0.941176471	nan	nan	nan	nan	nan	nan	nan	nan	nan	nan	nan
20190	shirt/shirt_12s.jpg	shirt	shirt	shirt	shirt, shirt, shirt, shirt, shirt, shirt, shirt, shirt, shirt, shirt, dress, shirt, shirt, shirt, shirt	5413, 4098, 6413, 7343 4927, 5244, 5836, 45454, 3526, 8000, 3541, 2595, 9127, 3031, 20515,	15	14	14	shirt	0.933333333	0.933333333	0.933333333	17.0	nan	shirt, shirt, shirt, shirt, shirt, shirt, shirt, shirt, shirt, shirt, shirt, shirt, shirt, shirt, shirt, shirt, shirt	shirt, shirt, shirt, shirt, shirt, shirt, shirt, shirt, shirt, shirt, shirt, shirt, shirt, shirt, shirt, shirt, shirt	hanger	shirt	1.0	1.0	0.0	0.0	0.651162791
20182	shirt/shirt_04s.jpg	shirt	shirt	shirt	shirt, shirt, shirt, shirt, shirt, shirt, shirt, shirt, shirt, shirt, shirt, polo shirt, shirt, shirt	14565, 4944, 248772, 7386, 7788, 6068, 3349, 5805 3443 6196, 19827, 23968, 2919, 7317,	14	13	13	shirt	0.928571429	0.928571429	1.0	19.0	nan	shirt, shirt, shirt, shirt, shirt, shirt, shirt, shirt, shirt, shirt, shirt, shirt, shirt, shirt, shirt, shirt, shirt, shirt, shirt	shirt, shirt, shirt, shirt, shirt, shirt, shirt, shirt, shirt, shirt, shirt, shirt, shirt, shirt, shirt, shirt, shirt, shirt, shirt	person	shirt	1.0	1.0	0.0	0.0	0.775
20189	shirt/shirt_11s.jpg	shirt	shirt	shirt	shirt, shirt, shirt, shirt, hanger, shirt, shirt, shirt, shirt, shirt	611642, 15032 8418, 3697, 6867, 2917, 5774, 6007, 9179, 3687,	10	9	9	shirt	0.9	0.9	0.9	16.0	nan	shirt, shirt, shirt, shirt, shirt, shirt, shirt, shirt, shirt, shirt, shirt, shirt, shirt, shirt, shirt, shirt	shirt, shirt, shirt, shirt, shirt, shirt, shirt, shirt, shirt, shirt, shirt, shirt, shirt, shirt, shirt, shirt	hanger	shirt	1.0	1.0	0.0	0.0	0.666666667
20179	shirt/shirt_01s.jpg	shirt	shirt	shirt	shirt, shirt, shirt, shirt, shirt, shirt, shirt, polo shirt, shirt, shirt, polo shirt, shirt, shirt, shirt, shirt, shirt	3054, 5289, 5329, 7296, 4099, 5193, 6206, 5314, 3901, 7289, 2947, 5960 7374, 8173, 6642, 4398,	16	14	14	shirt	0.875	0.875	1.0	18.0	nan	shirt, shirt, shirt, shirt, shirt, shirt, shirt, shirt, shirt, shirt, shirt, shirt, shirt, shirt, shirt, shirt, shirt, shirt	shirt, shirt, shirt, shirt, shirt, shirt, shirt, shirt, shirt, shirt, shirt, shirt, shirt, shirt, shirt, shirt, shirt, shirt	collared shirt	shirt	1.0	1.0	0.0	0.0	0.780487805
20180	shirt/shirt_02s.jpg	shirt	shirt	shirt	shirt, shirt, shirt, shirt, shirt, shirt, shirt, shirt, shrimp, shirt, shirt, shirt, shirt, t-shirt	8287, 17827, 6870, 2360 4840, 22880, 7967, 6275, 12215, 47406, 3558, 18556, 3802, 6271,	14	12	12	shirt	0.857142857	0.857142857	0.928571429	16.0	nan	shirt, shirt, shirt, shirt, shirt, shirt, shirt, shirt, shirt, shirt, shirt, shirt, shirt, shirt, shirt, shirt	shirt, shirt, shirt, shirt, shirt, shirt, shirt, shirt, shirt, shirt, shirt, shirt, shirt, shirt, shirt, shirt	hanger	shirt	1.0	1.0	0.0	0.0	0.853658537
20187	shirt/shirt_09s.jpg	shirt	shirt	shirt	shirt, shirt, hanger, shirt, polo shirt, blouse, shirt, shirt, shirt, shirt, shirt, shirt, shirt, shirt, shirt	3429, 10316, 6530, 40397, 8121, 5636, 6281 9085, 4946, 4733, 24810, 3446, 3105, 6420, 10700,	15	12	12	shirt	0.8	0.8	0.866666667	18.0	nan	blouse, blouse, blouse, blouse, lab coat, shir, shirt, shirt, shirt, shirt, shirt, shirt, shirt, shirt, shirt, shirt, shirt, shirt	blouse, blouse, blouse, blouse, lab coat, shir, shirt, shirt, shirt, shirt, shirt, shirt, shirt, shirt, shirt, shirt, shirt, shirt	hanger	shirt	0.666666667	0.666666667	0.111111111	0.111111111	0.761904762
20192	shoe/shoe_02s.jpg	shoe	shoe	shoe	shoe, shoe, shoe, shoe, shoe, shoe, shoe, shoe, shoe, shoe, shoe, shoe, shoe, shoe	7360, 5159, 10494, 4518, 6879, 7638, 3609, 4510, 48309, 6924, 3827, 6818, 2665, 6576,	14	14	14	shoe	1.0	1.0	1.0	18.0	nan	shoe, shoe, shoe, shoe, shoe, shoe, shoe, shoe, shoe, shoe, shoe, shoe, shoe, shoe, shoe, shoe, shoe, shoe	shoe, shoe, shoe, shoe, shoe, shoe, shoe, shoe, shoe, shoe, shoe, shoe, shoe, shoe, shoe, shoe, shoe, shoe	flip flops	shoe	1.0	1.0	0.0	0.0	0.842105263
20205	shoe/shoe_15s.jpg	shoe	shoe	shoe	shoe, shoe, shoe, shoe, shoe, shoe, shoe, shoe, shoe, shoe, shoe, shoe, shoe	7618, 6554, 4374, 5710, 3805, 4291, 7534, 4269 6699, 13871, 5105, 9589, 5836,	13	13	13	shoe	1.0	1.0	1.0	17.0	nan	ll, shoe, shoe, shoe, shoe, shoe, shoe, shoe, shoe, shoe, shoe, shoe, shoe, shoe, shoe, shoe, shoe	ll, shoe, shoe, shoe, shoe, shoe, shoe, shoe, shoe, shoe, shoe, shoe, shoe, shoe, shoe, shoe, shoe	table	shoe	0.941176471	0.941176471	0.057067206	0.057067206	0.707317073
20207	shoe/shoe_17s.jpg	shoe	shoe	shoe	shoe, shoe, shoe, shoe, shoe, shoe, shoe, shoe, shoe, shoe, shoe	5864, 4594, 4122, 3931, 63663, 4576, 3494, 5224, 6154, 5266, 5979,	11	11	11	shoe	1.0	1.0	1.0	18.0	nan	fresh, loafer, loafer, shoe, shoe, shoe, shoe, shoe, shoe, shoe, shoe, shoe, shoe, shoe, shoe, shoe, shoe, shoe	fresh, loafer, loafer, shoe, shoe, shoe, shoe, shoe, shoe, shoe, shoe, shoe, shoe, shoe, shoe, shoe, shoe, shoe	nan	shoe	0.833333333	0.833333333	0.087841046	0.087841046	0.743589744
20200	shoe/shoe_10s.jpg	shoe	shoe	shoe	shoe, shoe, shoe, shoe, shoe, shoe, shoe, shoe, shoe, shoe, shoe, shoe, shoe, shoe, shoe	5385, 3119, 5744, 4584 6301, 14638, 5963, 201753, 6850 7749, 5855, 3589, 2729, 4860, 10119,	15	15	15	shoe	1.0	1.0	1.0	19.0	nan	shoe, shoe, shoe, shoe, shoe, shoe, shoe, shoe, shoe, shoe, shoe, shoe, sneaker, sneaker, sneaker, sneaker, sneaker, sneaker, sneaker	shoe, shoe, shoe, shoe, shoe, shoe, shoe, shoe, shoe, shoe, shoe, shoe, sneaker, sneaker, sneaker, sneaker, sneaker, sneaker, sneaker	nan	shoe	0.631578947	0.631578947	0.110664733	0.110664733	0.632928475
20198	shoe/shoe_08s.jpg	shoe	shoe	shoe	shoe, shoe, shoe, shoe, shoe, shoe, shoe, shoe, shoe, shoe, shoe, shoe, shoe	4805, 4554, 3817, 5919, 5095 15766, 75405, 3157, 9534, 13648, 2251, 26650, 10021,	13	13	13	shoe	1.0	1.0	1.0	14.0	nan	shoe, shoe, shoe, shoe, shoe, shoe, shoe, sneaker, sneaker, sneaker, sneaker, sneaker, sneaker, sneaker	shoe, shoe, shoe, shoe, shoe, shoe, shoe, sneaker, sneaker, sneaker, sneaker, sneaker, sneaker, sneaker	nan	shoe	0.5	0.5	0.133630621	0.133630621	0.710526316
20199	shoe/shoe_09s.jpg	shoe	shoe	shoe	shoe, shoe, shoe, shoe, shoe, shoe, shoe, shoe, shoe, shoe, shoe, shoe, shoe, shoe, shoe, shoe, shoe, shoe	5006, 11704, 6244, 6783, 4279, 12261, 16759, 6426, 7238, 4919, 15610, 28508, 26331, 8957, 7174, 5593, 2885, 3017,	18	18	18	shoe	1.0	1.0	1.0	19.0	nan	shoe, shoe, shoe, shoe, shoe, shoe, shoe, shoe, shoe, sneaker, sneaker, sneaker, sneaker, sneaker, sneaker, sneaker, sneaker, sneaker, sneaker	shoe, shoe, shoe, shoe, shoe, shoe, shoe, shoe, shoe, sneaker, sneaker, sneaker, sneaker, sneaker, sneaker, sneaker, sneaker, sneaker, sneaker	floor	sneaker	0.526315789	0.473684211	0.114548882	0.114548882	0.763012182
20195	shoe/shoe_05s.jpg	shoe	shoe	shoe	shoe, shoe, shoe, shoe, shoe, shoe, shoe, shoe, shoe, shoe	9714 6253, 5301, 3821, 3173, 7894, 12216, 11032, 8201, 3005,	10	10	10	shoe	1.0	1.0	1.0	16.0	nan	converse, converse, converse sneakers, shoe, shoe, shoe, shoe, shoe, shoe, shoe, sneaker, sneaker, sneaker, sneaker, sneaker, sneaker	converse, converse, converse sneakers, shoe, shoe, shoe, shoe, shoe, shoe, shoe, sneaker, sneaker, sneaker, sneaker, sneaker, sneaker	nan	shoe	0.4375	0.4375	0.124019593	0.124019593	0.897435897
27530	shoe.jpg	shoe	shoe	shoe	shoe, shoe, shoe, shoe, shoe, shoe, shoe, shoe, shoe, shoe, shoe, shoe	10874, 8429, 7169, 5789, 3058, 9111, 22247, 5647, 5565, 17928, 3952, 3109,	12	12	12	shoe	1.0	1.0	1.0	nan	nan	nan	nan	nan	nan	nan	nan	nan	nan	nan
20206	shoe/shoe_16s.jpg	shoe	shoe	shoe	shoe, shoe, shoe, shoe, shoe, shoe, shoe, shoe, shoe, shoe, shoe, shoe, soap, shoe, shoe, shoe, shoe	12407, 6030, 6120, 3276, 7867, 3485, 25952 10704, 5205 5372, 8108, 5383, 7639 3295, 2482 6039, 7024,	17	16	16	shoe	0.941176471	0.941176471	0.941176471	20.0	nan	shoe, shoe, shoe, shoe, shoe, shoe, shoe, shoe, shoe, shoe, sneaker, sneaker, sneaker, sneaker, sneaker, sneaker, sneaker, sneaker, sneaker, sneaker	shoe, shoe, shoe, shoe, shoe, shoe, shoe, shoe, shoe, shoe, sneaker, sneaker, sneaker, sneaker, sneaker, sneaker, sneaker, sneaker, sneaker, sneaker	nike swoosh	shoe	0.5	0.5	0.111803399	0.111803399	0.775
20197	shoe/shoe_07s.jpg	shoe	shoe	shoe	shoe, shoe, shoe, shoe, shoe, shoe, boot, shoe, shoe, shoe, shoe, shoe, shoe, shoe, shoe, shoe	6464, 47613, 3848, 3909, 46329, 4494, 8456, 9734, 38111, 75475, 5001, 4417, 2597 3957, 7102, 4137,	16	15	15	shoe	0.9375	0.9375	0.9375	19.0	nan	choe, shoe, shoe, shoe, shoe, shoe, shoe, shoe, shoe, shoe, shoe, shoe, shoe, shoe, shoe, shoe, shoe, shoe, shoe	choe, shoe, shoe, shoe, shoe, shoe, shoe, shoe, shoe, shoe, shoe, shoe, shoe, shoe, shoe, shoe, shoe, shoe, shoe	nan	shoe	0.947368421	0.947368421	0.051227817	0.051227817	0.756756757
20193	shoe/shoe_03s.jpg	shoe	shoe	shoe	shoe, shoe, shoe, shoe, shoe, shoe, shoe, slipper, shoe, shoe, shoe, shoe, shoe, shoe, shoe	5961, 9493, 4337, 5514 2225, 4917, 22170 3746, 6306, 7842, 5278, 3066, 49952, 5100, 4436,	15	14	14	shoe	0.933333333	0.933333333	0.933333333	17.0	nan	shoe, shoe, shoe, shoe, shoe, shoe, shoe, shoe, shoe, shoe, shoe, shoe, shoe, shoe, shoe, shoe, shoe	shoe, shoe, shoe, shoe, shoe, shoe, shoe, shoe, shoe, shoe, shoe, shoe, shoe, shoe, shoe, shoe, shoe	sidewalk	shoe	1.0	1.0	0.0	0.0	0.800609756
20202	shoe/shoe_12s.jpg	shoe	shoe	shoe	shoe, shoe, shoe, shoe, shoe, boot, shoe, shoe, shoe, shoe, shoe, shoe, shoe, shoe, shoe	7548, 2833, 6108, 4725, 5287, 22976, 3987, 9536, 3774, 11943, 6213, 13395, 20186, 23677, 11160,	15	14	14	shoe	0.933333333	0.933333333	0.933333333	16.0	nan	shoe, shoe, shoe, shoe, shoe, sneaker, sneaker, sneaker, sneaker, sneaker, sneaker, sneaker, sneaker, sneaker, sneaker, sneaker	shoe, shoe, shoe, shoe, shoe, sneaker, sneaker, sneaker, sneaker, sneaker, sneaker, sneaker, sneaker, sneaker, sneaker, sneaker	floor	sneaker	0.6875	0.3125	0.115878101	0.115878101	0.725
20208	shoe/shoe_18s.jpg	shoe	shoe	shoe	shoe, shoe, shoe, shoe, boot, shoe, shoe, shoe, shoe, shoe, shoe, shoe, shoe, shoe	18857, 7307, 15955, 7053, 4933, 108611, 4820, 4095, 4694, 2781, 2958, 3001, 5721, 4055,	14	13	13	shoe	0.928571429	0.928571429	0.928571429	16.0	nan	shoe, shoe, shoe, shoe, shoe, shoe, shoe, shoe, shoe, shoe, shoe, shoe, shoe, shoe, shoe, shoe	shoe, shoe, shoe, shoe, shoe, shoe, shoe, shoe, shoe, shoe, shoe, shoe, shoe, shoe, shoe, shoe	tile floor	shoe	1.0	1.0	0.0	0.0	0.743589744
20196	shoe/shoe_06s.jpg	shoe	shoe	shoe	shoe, shoe, shoe, shoe, shoe, shoe, cleat (sports), shoe, shoe, shoe, shoe, shoe, shoe	5115, 4248, 5649, 5294, 5196, 9637, 5852, 6448, 7037, 33254, 8192, 4611, 31464,	13	12	12	shoe	0.923076923	0.923076923	0.923076923	17.0	nan	loafer, shoe, shoe, shoe, shoe, shoe, shoe, shoe, shoe, shoe, shoe, shoe, shoe, shoe, shoe, shoe, shoe	loafer, shoe, shoe, shoe, shoe, shoe, shoe, shoe, shoe, shoe, shoe, shoe, shoe, shoe, shoe, shoe, shoe	nan	shoe	0.941176471	0.941176471	0.057067206	0.057067206	0.756097561
20203	shoe/shoe_13s.jpg	shoe	shoe	shoe	shoe, shoe, shoe, shoe polish, shoe, boot, shoe, shoe, shoe, shoe, shoe, shoe, shoe, shoe, shoe, shoe	25858, 4591, 14068, 6125, 3122, 26436, 11259, 9700, 9110, 6206 4983, 13958, 5146, 11466, 8578 4780,	16	14	14	shoe	0.875	0.875	0.9375	20.0	nan	boot, shoe, shoe, shoe, shoe, shoe, shoe, shoe, shoe, shoe, shoe, shoe, shoe, shoe, shoe, shoe, shoe, shoe, shoe, shoe	boot, shoe, shoe, shoe, shoe, shoe, shoe, shoe, shoe, shoe, shoe, shoe, shoe, shoe, shoe, shoe, shoe, shoe, shoe, shoe	well	shoe	0.95	0.95	0.048733972	0.048733972	0.8
20194	shoe/shoe_04s.jpg	shoe	shoe	shoe	shoe, shoe, shoe, shoe, shoe, shoe, slipper, foam, shoe, shoe, shoe, shoe, shoe, shoe	4334, 10727, 5064, 7299, 69486, 5832, 4558, 114526, 4991, 6052, 5931 78307, 10420, 16574,	14	12	12	shoe	0.857142857	0.857142857	0.857142857	19.0	nan	shoe, shoe, shoe, shoe, shoe, shoe, shoe, shoe, shoe, shoe, shoe, shoe, shoe, shoe, shoe, shoe, shoe, shoe, shoe	shoe, shoe, shoe, shoe, shoe, shoe, shoe, shoe, shoe, shoe, shoe, shoe, shoe, shoe, shoe, shoe, shoe, shoe, shoe	shoes	shoe	1.0	1.0	0.0	0.0	0.775
20204	shoe/shoe_14s.jpg	shoe	shoe	shoe	slipper, shoe, shoe, shoe, shoe, shoe, shoe, shoe, shoe, shoe, shoe, shoe, slipper, shoe, shoe, shoe, shoe, footbath	3246, 6082, 4798, 51301, 5368, 2592, 13261, 4293, 4670, 4267, 3396, 5220, 3847, 31309, 3008 16880, 25156, 15118,	18	15	15	shoe	0.833333333	0.833333333	0.833333333	16.0	nan	,,flat, shoe, shoe, shoe, shoe, shoe, shoe, shoe, shoe, shoe, shoe, slip on, slipper, slipper, slipper, slipper	,,flat, shoe, shoe, shoe, shoe, shoe, shoe, shoe, shoe, shoe, shoe, slip on, slipper, slipper, slipper, slipper	nan	shoe	0.625	0.625	0.12103073	0.12103073	0.815789474
20201	shoe/shoe_11s.jpg	shoe	shoe	shoe	slipper, slipper, shoe, shoe, slipper, leg, slipper, shoe, slipper, shoe, slipper, shoe, sandal, slipper, shoe, slipper, shoe	4729, 5967, 5821, 4106, 4629, 40396, 3423, 5043, 3193, 5926, 6426, 4942, 14200, 6328, 5290, 6766, 3534,	17	7	8	slipper	0.411764706	0.411764706	0.411764706	17.0	nan	ballet slipper, flat, flat, shoe, shoe, shoe, shoe, shoe, shoe, shoe, shoe, shoe, shoe, shoe, shoe, shoe, shoe	ballet slipper, flat, flat, shoe, shoe, shoe, shoe, shoe, shoe, shoe, shoe, shoe, shoe, shoe, shoe, shoe, shoe	floor	shoe	0.823529412	0.823529412	0.092459441	0.092459441	0.804878049
20191	shoe/shoe_01s.jpg	shoe	shoe	shoe	slipper, cigar, slipper, slipper, shoe, slipper, slipper, slipper, slipper, sandal, shoe, slipper, shoe, shoe, slipper	3295, 8382, 4241, 3931, 6895, 7272, 3597, 5283, 3577, 145515, 4259 4637 4078, 16710 2691	15	4	9	slipper	0.266666667	0.266666667	0.266666667	17.0	nan	high heels, high heels, shoe, shoe, shoe, shoe, shoe, shoe, shoe, shoe, shoe, shoe, wedge, wedge, wedge heels, wedge sandals, wedge sandals	high heels, high heels, shoe, shoe, shoe, shoe, shoe, shoe, shoe, shoe, shoe, shoe, wedge, wedge, wedge heels, wedge sandals, wedge sandals	basket	shoe	0.588235294	0.588235294	0.119364625	0.119364625	0.775
20301	shorts/shorts_14s.jpg	shorts	shorts	shorts	shorts, shorts, drawer, shorts, shorts, shorts, shorts, shorts, pants, shorts, shorts, shorts, shorts, shorts, shorts, shorts, shorts, shorts	2270, 6498, 5339, 5998, 12358 23779, 6118, 45614, 69699, 20005, 3687, 5606, 3590, 24937, 20587, 36622, 38979 2850,	18	16	16	shorts	0.888888889	0.888888889	0.888888889	19.0	nan	shorts, shorts, shorts, shorts, shorts, shorts, shorts, shorts, shorts, shorts, shorts, shorts, shorts, shorts, shorts, shorts, shorts, shorts, shorts	shorts, shorts, shorts, shorts, shorts, shorts, shorts, shorts, shorts, shorts, shorts, shorts, shorts, shorts, shorts, shorts, shorts, shorts, shorts	legs	shorts	1.0	1.0	0.0	0.0	0.794871795
20289	shorts/shorts_02s.jpg	shorts	shorts	shorts	shorts, shorts, pants, clothes, shorts, shorts, shorts, shorts, shorts, shorts, pants, shorts, shorts, shorts	15614, 18476, 8113, 107438, 13453, 9926, 8677, 5190, 7224, 17233, 10922, 8217, 5532, 6298,	14	11	11	shorts	0.785714286	0.785714286	0.785714286	19.0	nan	lawyer, pant, shorts, shorts, shorts, shorts, shorts, shorts, shorts, shorts, shorts, shorts, shorts, shorts, shorts, shorts, shorts, shorts, shorts	lawyer, pant, shorts, shorts, shorts, shorts, shorts, shorts, shorts, shorts, shorts, shorts, shorts, shorts, shorts, shorts, shorts, shorts, shorts	hanger	shorts	0.894736842	0.894736842	0.0704059	0.0704059	0.833333333
20292	shorts/shorts_05s.jpg	shorts	shorts	shorts	shorts, shorts, shorts, shorts, drawer, boxer shorts, shorts, shorts, dress, shorts, shorts, dress, shorts, shorts, shorts	6881, 10438 7188, 5554 6187, 26651, 10770, 8944, 2123, 4029, 3427, 3197, 6549, 5492, 4548,	15	11	11	shorts	0.733333333	0.733333333	0.8	17.0	nan	shorts, shorts, shorts, shorts, shorts, shorts, shorts, shorts, shorts, shorts, shorts, shorts, shorts, shorts, shorts, shorts, shorts	shorts, shorts, shorts, shorts, shorts, shorts, shorts, shorts, shorts, shorts, shorts, shorts, shorts, shorts, shorts, shorts, shorts	legs	shorts	1.0	1.0	0.0	0.0	0.906976744
20290	shorts/shorts_03s.jpg	shorts	shorts	shorts	shorts, shorts, shorts, dress, drawer, shorts, shorts, shorts, shorts, pants, shorts	9229, 3385, 16509, 7572 10782, 6084, 2452, 16705, 40206, 7597, 6351,	11	8	8	shorts	0.727272727	0.727272727	0.727272727	19.0	nan	shorts, shorts, shorts, shorts, shorts, shorts, shorts, shorts, shorts, shorts, shorts, shorts, shorts, shorts, shorts, shorts, shorts, shorts, shorts	shorts, shorts, shorts, shorts, shorts, shorts, shorts, shorts, shorts, shorts, shorts, shorts, shorts, shorts, shorts, shorts, shorts, shorts, shorts	shorts	shorts	1.0	1.0	0.0	0.0	0.813953488
20295	shorts/shorts_08s.jpg	shorts	shorts	shorts	shorts, drawer, shorts, shorts, shorts, shorts, shorts, drawer, dress, shorts, shorts, shorts, dress, underwear, shorts	7474, 3564, 2535 9956, 38224, 2783 33655, 11778, 20207, 6058, 10630, 10615, 14769, 5548 2882,	15	10	10	shorts	0.666666667	0.666666667	0.666666667	19.0	nan	jean, shorts, shorts, shorts, shorts, shorts, shorts, shorts, shorts, shorts, shorts, shorts, shorts, shorts, shorts, shorts, shorts, shorts, shorts	jean, shorts, shorts, shorts, shorts, shorts, shorts, shorts, shorts, shorts, shorts, shorts, shorts, shorts, shorts, shorts, shorts, shorts, shorts	nan	shorts	0.947368421	0.947368421	0.051227817	0.051227817	0.85
20297	shorts/shorts_10s.jpg	shorts	shorts	shorts	pants, pants, shorts, shorts, shorts, shorts, shorts, underwear, pants, shorts, shorts, shorts, shorts, shorts, boxer shorts	4570, 71963, 4400, 37371, 53894, 4193 6278, 6982, 37426, 3195 4990, 136547, 54297, 5000, 22099,	15	10	10	shorts	0.666666667	0.666666667	0.733333333	17.0	nan	shorts, shorts, shorts, shorts, shorts, shorts, shorts, shorts, shorts, shorts, shorts, shorts, shorts, shorts, shorts, shorts, sort	shorts, shorts, shorts, shorts, shorts, shorts, shorts, shorts, shorts, shorts, shorts, shorts, shorts, shorts, shorts, shorts, sort	legs	shorts	0.941176471	0.941176471	0.057067206	0.057067206	0.897435897
20300	shorts/shorts_13s.jpg	shorts	shorts	shorts	shorts, pants, shorts, shorts, underwear, shorts, shorts, shorts, shorts, drawer, trap, dress, shorts, shorts	4502, 19979, 2635, 47584 8787, 7199, 25884, 28932, 4606, 5883, 8879, 6149, 3431, 3608,	14	9	9	shorts	0.642857143	0.642857143	0.642857143	18.0	nan	shorts, shorts, shorts, shorts, shorts, shorts, shorts, shorts, shorts, shorts, shorts, shorts, shorts, shorts, shorts, shorts, shorts, shorts	shorts, shorts, shorts, shorts, shorts, shorts, shorts, shorts, shorts, shorts, shorts, shorts, shorts, shorts, shorts, shorts, shorts, shorts	legs	shorts	1.0	1.0	0.0	0.0	0.846153846
20298	shorts/shorts_11s.jpg	shorts	shorts	shorts	pants, skirt, pants, shorts, shorts, shorts, shorts, shorts, shorts, pants, pants, shorts	52026, 23317, 23935, 59365, 10014, 8137, 3917, 12298 3121, 5040 3734, 5678,	12	7	7	shorts	0.583333333	0.583333333	0.583333333	16.0	nan	shorts, shorts, shorts, shorts, shorts, shorts, shorts, shorts, shorts, shorts, shorts, shorts, shorts, shorts, shorts, shorts	shorts, shorts, shorts, shorts, shorts, shorts, shorts, shorts, shorts, shorts, shorts, shorts, shorts, shorts, shorts, shorts	hands	shorts	1.0	1.0	0.0	0.0	0.80952381
20293	shorts/shorts_06s.jpg	shorts	shorts	shorts	pants, shorts, shorts, shorts, pants, shorts, dress, underwear, underwear, shorts, shorts, shorts, shorts, pacifier, pants	13944, 4179, 13203, 5880, 4499 10813, 22185, 5269 7175, 6016, 3371, 52541, 95571, 4031, 6296	15	8	8	shorts	0.533333333	0.533333333	0.533333333	19.0	nan	shorts, shorts, shorts, shorts, shorts, shorts, shorts, shorts, shorts, shorts, shorts, shorts, shorts, shorts, shorts, shorts, shorts, shorts, shorts	shorts, shorts, shorts, shorts, shorts, shorts, shorts, shorts, shorts, shorts, shorts, shorts, shorts, shorts, shorts, shorts, shorts, shorts, shorts	wicker basket	shorts	1.0	1.0	0.0	0.0	0.761904762
20296	shorts/shorts_09s.jpg	shorts	shorts	shorts	dress, shorts, shorts, shorts, shorts, shorts, shorts, dress, jeans, drawer, shorts, dress, pants, pants	6824, 19027 3957, 8577, 7949, 2980, 24574, 7212, 8863, 10989, 21068, 4456, 3813, 4006,	14	7	7	shorts	0.5	0.5	0.5	17.0	nan	jean, shorts, shorts, shorts, shorts, shorts, shorts, shorts, shorts, shorts, shorts, shorts, shorts, shorts, shorts, shot, shot	jean, shorts, shorts, shorts, shorts, shorts, shorts, shorts, shorts, shorts, shorts, shorts, shorts, shorts, shorts, shot, shot	pockets	shorts	0.823529412	0.823529412	0.092459441	0.092459441	0.925
20294	shorts/shorts_07s.jpg	shorts	shorts	shorts	jeans, shortbread, shorts, jeans, shorts, drawer, shorts, pants, jeans, underwear, shorts, clothes, shorts, shorts, shorts, shorts, drawer	26776, 26431, 5112, 19316, 6104, 4367, 6390, 5829, 3195, 15008, 31893, 28599 59022, 6049 4173, 4949 4824,	17	8	8	shorts	0.470588235	0.470588235	0.470588235	19.0	nan	shorts, shorts, shorts, shorts, shorts, shorts, shorts, shorts, shorts, shorts, shorts, shorts, shorts, shorts, shorts, shorts, shorts, shorts, shorts	shorts, shorts, shorts, shorts, shorts, shorts, shorts, shorts, shorts, shorts, shorts, shorts, shorts, shorts, shorts, shorts, shorts, shorts, shorts	background	shorts	1.0	1.0	0.0	0.0	0.815789474
20299	shorts/shorts_12s.jpg	shorts	shorts	shorts	pants, shorts, pants, shorts, shorts, key, pants, pants, shorts, key, backdrop, shorts, pants, shorts, shorts	4988, 22288, 14319 3814, 11266, 5988, 198246 5011, 9510, 11763, 14753, 22618, 4783, 86550, 4648	15	7	7	shorts	0.466666667	0.466666667	0.466666667	18.0	nan	key, shorts, shorts, shorts, shorts, shorts, shorts, shorts, shorts, shorts, shorts, shorts, shorts, shorts, shorts, shorts, shorts, shorts	key, shorts, shorts, shorts, shorts, shorts, shorts, shorts, shorts, shorts, shorts, shorts, shorts, shorts, shorts, shorts, shorts, shorts	keys	shorts	0.944444444	0.944444444	0.053990295	0.053990295	0.8
20288	shorts/shorts_01b.jpg	shorts	shorts	shorts	shorts, dress, leg, shorts, shorts, pants, shorts, pants, shorts, man, shorts, boxer shorts, clothes, shorts, dress	10408, 11153 10113, 2193, 48836, 8453 10941, 18005, 6718, 16908, 2959 13650, 6031, 4082, 9949,	15	7	7	shorts	0.466666667	0.466666667	0.533333333	17.0	nan	body, human, man, shorts, shorts, shorts, shorts, shorts, shorts, shorts, shorts, shorts, shorts, shorts, shorts, shorts, shorts	body, human, man, shorts, shorts, shorts, shorts, shorts, shorts, shorts, shorts, shorts, shorts, shorts, shorts, shorts, shorts	shorts	shorts	0.823529412	0.823529412	0.092459441	0.092459441	0.825
27537	shorts.jpg	shorts	shorts	shorts	jeans, shorts, shorts, panther, jeans, jeans, pants, pants, shorts, shorts, shorts, gearshift, shorts, pants, shower, underwear, jeans	3472, 3601, 6264, 2739, 3454, 22696, 4559, 12293, 17199, 4611 16974, 4689, 4032, 4655, 3034, 6489, 3072	17	6	6	shorts	0.352941176	0.352941176	0.352941176	nan	nan	nan	nan	nan	nan	nan	nan	nan	nan	nan
20291	shorts/shorts_04s.jpg	shorts	shorts	shorts	stomach, underwear, pants, shorts, pants, shorts, underwear, underwear, swimsuit, underwear, shorts	13270, 7191, 20414, 10662, 14356, 3891, 4325, 3036, 4868 3494, 16610,	11	3	4	underwear	0.272727273	0.272727273	0.272727273	19.0	nan	baby, bathing suit, child, shorts, shorts, shorts, shorts, shorts, shorts, shorts, shorts, shorts, shorts, shorts, shorts, swim trunks, trunk, underwear, underwear	baby, bathing suit, child, shorts, shorts, shorts, shorts, shorts, shorts, shorts, shorts, shorts, shorts, shorts, shorts, swim trunks, trunk, underwear, underwear	kid	shorts	0.631578947	0.631578947	0.110664733	0.110664733	0.871794872
20712	sled/sled_06s.jpg	sled	sled	sled	slide, sled, sled, snowboard, sled, sled, sled, sled, sled, sled, ladder, sled, sled, sled, sled	26628 35600, 10714 37494, 6613, 26432, 37926, 6617 29281, 4032 23963, 9276, 41365, 3913, 5004,	15	12	12	sled	0.8	0.8	0.8	17.0	nan	sled, sled, sled, sled, sled, sled, sled, sled, sled, sled, sled, sled, sled, sled, sleigh, sleigh, tobaggan	sled, sled, sled, sled, sled, sled, sled, sled, sled, sled, sled, sled, sled, sled, sleigh, sleigh, tobaggan	sw	sled	0.823529412	0.823529412	0.092459441	0.092459441	0.615384615
20717	sled/sled_11s.jpg	sled	sled	sled	sled, sled, sled, costume, sled, sled, sled, slide, pulley, wood, sled	5835, 5366, 15017, 32403, 12611, 71897, 3709 9174, 66260, 51516, 7112,	11	7	7	sled	0.636363636	0.636363636	0.636363636	18.0	nan	sled, sled, sled, sled, sled, sled, sled, sled, sled, sled, sled, sled, sled, sled, sled, sleigh, sleigh, sleigh	sled, sled, sled, sled, sled, sled, sled, sled, sled, sled, sled, sled, sled, sled, sled, sleigh, sleigh, sleigh	nan	sled	0.833333333	0.833333333	0.087841046	0.087841046	0.692307692
20711	sled/sled_05s.jpg	sled	sled	sled	sled, sled, sled, chair, snowboard, sled, sled, snowboard, sled, snowplow, sled, sled, wood, sled, wood, sled, wood	3870, 7565, 3636, 9122, 3239, 3903, 3918 4885, 32956, 19206, 2092, 12136, 6058, 71974, 3079, 3270, 4358,	17	10	10	sled	0.588235294	0.588235294	0.588235294	17.0	nan	sled, sled, sled, sled, sled, sled, sled, sled, sled, sled, sled, sled, sled, sled, sled, sled, sled	sled, sled, sled, sled, sled, sled, sled, sled, sled, sled, sled, sled, sled, sled, sled, sled, sled	sw	sled	1.0	1.0	0.0	0.0	0.725
20707	sled/sled_01b.jpg	sled	sled	sled	slide, swimming pool, sled, rocking chair, snowboard, sled, wagon, sled, skateboard, sled, sled, sled, sled, sled, seed	4418 11335, 4365 124621, 4251, 4484, 4644, 7643, 7959, 10229, 3755, 19681, 5030, 2372, 3731,	15	8	8	sled	0.533333333	0.533333333	0.533333333	19.0	nan	ice skater, sled, sled, sled, sled, sled, sled, sled, sled, sled, sled, sled, sled, sled, sled, sled, sled, sleigh, toboggan	ice skater, sled, sled, sled, sled, sled, sled, sled, sled, sled, sled, sled, sled, sled, sled, sled, sled, sleigh, toboggan	sw	sled	0.842105263	0.842105263	0.083654675	0.083654675	0.928571429
20714	sled/sled_08s.jpg	sled	sled	sled	sled, snowboard, wood, sled, sled, ski, sled, sled, rack (stand), snowboard	4317 11336 3356, 6377, 20137, 6717, 21648, 7732 7815, 3353,	10	5	5	sled	0.5	0.5	0.5	15.0	nan	a sleigh, sled, sled, sled, sled, sled, sled, sled, sled, sled, sled, sled, sled, sled, step	a sleigh, sled, sled, sled, sled, sled, sled, sled, sled, sled, sled, sled, sled, sled, step	sw	sled	0.866666667	0.866666667	0.087770745	0.087770745	0.658536585
20710	sled/sled_04s.jpg	sled	sled	sled	sled, sled, wood, sled, ladder, gate, sled, bin (storage), canoe, lightning bug, swing, sled, sled	3291, 72640, 12457, 114035, 5062, 9021, 37993 14761, 23354, 28982, 8709, 64809, 36791,	13	6	6	sled	0.461538462	0.461538462	0.461538462	19.0	nan	arbor, arch, easel, fountain, fountain, gate, ladder, plant holder, pot holder, sled, sled, solid, toboggan, trellis, trellis, trellis, wood craft, wooden contraption, wooden structure	arbor, arch, easel, fountain, fountain, gate, ladder, plant holder, pot holder, sled, sled, solid, toboggan, trellis, trellis, trellis, wood craft, wooden contraption, wooden structure	bush	trellis	0.157894737	0.105263158	0.0704059	0.083654675	0.725
20716	sled/sled_10s.jpg	sled	sled	sled	snow, sled, ski boots, sled, sled, skateboard, sled, sled, sled, sled, steering wheel, bench, chair, skeleton, snowboard, skateboard	27680, 2504, 5187, 4074, 4274, 5217 67230, 3448, 17024, 3141, 39767 8863, 5574, 9593, 7312, 19721,	16	7	7	sled	0.4375	0.4375	0.4375	18.0	nan	sled, sled, sled, sled, sled, sled, sled, sled, sled, sled, sled, sled, sled, sled, sled, sled, sled, step	sled, sled, sled, sled, sled, sled, sled, sled, sled, sled, sled, sled, sled, sled, sled, sled, sled, step	sw	sled	0.944444444	0.944444444	0.053990295	0.053990295	0.675
20715	sled/sled_09s.jpg	sled	sled	sled	sled, steering wheel, walker (for older adults), walker (for older adults), wood, sled, sled, sled, sled, stamp (postage stamp), walker (for older adults), sled, walker (for older adults), walker (for older adults)	7241, 16883, 2862, 13899 60930, 6738, 4788, 203841, 5973, 67194, 44714, 14711, 3452, 6884,	14	6	6	sled	0.428571429	0.428571429	0.428571429	18.0	nan	racket chair, sled, sled, sled, sled, sled, sled, sled, sled, sled, sled, sled, sled, sled, sled, sled, sleed, straight leg	racket chair, sled, sled, sled, sled, sled, sled, sled, sled, sled, sled, sled, sled, sled, sled, sled, sleed, straight leg	man	sled	0.833333333	0.833333333	0.087841046	0.087841046	0.804878049
20708	sled/sled_02s.jpg	sled	sled	sled	sled, sled, sled, snowboard, carriage, bench, bench, sled, chair, snowboard	42086, 3981, 44882 10637, 4016 4431, 7776, 18533 35803, 4975,	10	4	4	sled	0.4	0.4	0.4	19.0	nan	bench, sled, sled, sled, sled, sled, sled, sled, sled, sled, sled, sled, sled, sled, sled, sled, sled, sleed, toboggan	bench, sled, sled, sled, sled, sled, sled, sled, sled, sled, sled, sled, sled, sled, sled, sled, sled, sleed, toboggan	bricks	sled	0.842105263	0.842105263	0.083654675	0.083654675	0.795454545
20713	sled/sled_07s.jpg	sled	sled	sled	sled, sled, sled, sled, frame (painting), chair, ladder, wood, wood, wood	27178, 6261, 55545 40266 39313, 28601, 9854 8575, 16090, 10054,	10	4	4	sled	0.4	0.4	0.4	18.0	nan	chair, chair, sled, sled, sled, sled, sled, sled, sled, sled, sled, sled, sled, sled, sled, sled, sleigh, toboggan	chair, chair, sled, sled, sled, sled, sled, sled, sled, sled, sled, sled, sled, sled, sled, sled, sleigh, toboggan	rug	sled	0.777777778	0.777777778	0.097990789	0.097990789	0.714285714
27567	sled.jpg	sled	sled	sled	snowboard, snowboard, sled, sled, truck, skateboard, dog, sled, sled, snow, sled, dog, snowboard	12020, 4784, 10874, 95726, 57112, 12345, 5035, 16644, 21550, 21844, 4258, 6305, 4899,	13	5	5	sled	0.384615385	0.384615385	0.384615385	nan	nan	nan	nan	nan	nan	nan	nan	nan	nan	nan
20709	sled/sled_03s.jpg	sled	sled	sled	sled, sled, sled, wagon, wooden leg, bed, sledgehammer, snowboard, rack (stand), seesaw, sled, chair, chair, sled, exerciser (sport equipment), sled, sled, snowboard, wood	3757, 14070, 3514 3346, 15864, 51020, 19473, 6468, 8704, 16207, 11311, 8332, 6898 4381, 25260, 29505, 2976 43119, 17551,	19	7	7	sled	0.368421053	0.368421053	0.421052632	18.0	nan	beach chair, bench, foot stool, sled, sled, sled, sled, sled, sled, sled, sled, sled, sled, sled, sled, sled, sled, sleigh	beach chair, bench, foot stool, sled, sled, sled, sled, sled, sled, sled, sled, sled, sled, sled, sled, sled, sled, sleigh	grass	sled	0.777777778	0.777777778	0.097990789	0.097990789	0.692307692
20718	sled/sled_12s.jpg	sled	sled	sled	sled, snowboard, seed, snowplow, sunroof, snowboard, sledgehammer, beachball, sled, stockings, sled, snowboard, snowboard	6996, 3197, 3690, 13581, 6230, 7624, 61985, 9927, 205320, 37699, 10468, 10488, 4462,	13	3	4	snowboard	0.230769231	0.230769231	0.307692308	20.0	nan	sled, sled, sled, sled, sled, sled, sled, sled, sled, sled, sled, sled, sled, sled, sled, sled, sled, sled, sleigh, sleigh	sled, sled, sled, sled, sled, sled, sled, sled, sled, sled, sled, sled, sled, sled, sled, sled, sled, sled, sleigh, sleigh	mountains	sled	0.9	0.9	0.067082039	0.067082039	0.902439024
21091	sock/sock_05s.jpg	sock	sock	sock	sock, sock, sock, sock, sock, sock, sock, sock, sock, sock, sock, sock, sock, sock, sock, sock, sock, sock, sock	59235, 4927, 51742, 3988, 7349, 2650, 6576, 9407, 9553, 27055, 6394, 3862, 10144, 5543, 3563, 5247 5848, 6077, 9912,	19	19	19	sock	1.0	1.0	1.0	19.0	nan	sock, sock, sock, sock, sock, sock, sock, sock, sock, sock, sock, sock, sock, sock, sock, sock, sock, sock, sock	sock, sock, sock, sock, sock, sock, sock, sock, sock, sock, sock, sock, sock, sock, sock, sock, sock, sock, sock	socks	sock	1.0	1.0	0.0	0.0	0.85
21095	sock/sock_09s.jpg	sock	sock	sock	sock, sock, sock, sock, sock, sock, sock, sock, sock, sock, sock, sock, sock, sock, sock, sock, sock	24195, 3664, 7395, 3267, 4265, 4150, 7359 2425, 3801, 28983, 41368, 91087, 6272, 5557 3188, 2612, 4584,	17	17	17	sock	1.0	1.0	1.0	19.0	nan	sock, sock, sock, sock, sock, sock, sock, sock, sock, sock, sock, sock, sock, sock, sock, sock, sock, sock, sock	sock, sock, sock, sock, sock, sock, sock, sock, sock, sock, sock, sock, sock, sock, sock, sock, sock, sock, sock	legs	sock	1.0	1.0	0.0	0.0	0.880952381
21092	sock/sock_06s.jpg	sock	sock	sock	sock, sock, sock, sock, sock, sock, sock, sock, sock, sock, sock	2733, 18975, 5538, 3015, 6939, 3410, 4479, 2629, 3652, 2452, 3483,	11	11	11	sock	1.0	1.0	1.0	20.0	nan	sock, sock, sock, sock, sock, sock, sock, sock, sock, sock, sock, sock, sock, sock, sock, sock, sock, sock, sock, sock	sock, sock, sock, sock, sock, sock, sock, sock, sock, sock, sock, sock, sock, sock, sock, sock, sock, sock, sock, sock	foot	sock	1.0	1.0	0.0	0.0	0.904761905
21087	sock/sock_01b.jpg	sock	sock	sock	sock, sock, sock, sock, sock, sock, sock, sock, sock, sock, soccer ball, sock, sock, sock, sock, sock, sock	3616, 4514, 3269, 5398, 65445, 4886, 11045, 5837, 2733, 4117 3518, 5798, 6088, 64469, 14421, 5363, 6204,	17	16	16	sock	0.941176471	0.941176471	0.941176471	19.0	nan	sock, sock, sock, sock, sock, sock, sock, sock, sock, sock, sock, sock, sock, sock, sock, sock, sock, sock, sock	sock, sock, sock, sock, sock, sock, sock, sock, sock, sock, sock, sock, sock, sock, sock, sock, sock, sock, sock	nan	sock	1.0	1.0	0.0	0.0	0.761904762
21090	sock/sock_04s.jpg	sock	sock	sock	sock, sock, sock, sock, ski boots, sock, sock, sock, sock, sock, sock, sock, sock, sock, sock, sock	16653, 53541, 9950, 4295, 12603, 10528, 6266, 2693, 5473 7235, 9549, 13701, 4555, 8414, 3382, 3287,	16	15	15	sock	0.9375	0.9375	0.9375	19.0	nan	sock, sock, sock, sock, sock, sock, sock, sock, sock, sock, sock, sock, sock, sock, sock, sock, sock, sock, sock	sock, sock, sock, sock, sock, sock, sock, sock, sock, sock, sock, sock, sock, sock, sock, sock, sock, sock, sock	nan	sock	1.0	1.0	0.0	0.0	0.80952381
21088	sock/sock_02s.jpg	sock	sock	sock	sock, sock, sock, sock, sock, sock, sock, sock, sock, sock, sock, leg	6499, 2320 7669, 9726, 6197, 3424, 9930 6018, 25434, 3255, 8474, 3497,	12	11	11	sock	0.916666667	0.916666667	0.916666667	17.0	nan	sock, sock, sock, sock, sock, sock, sock, sock, sock, sock, sock, sock, sock, sock, sock, sock, sock	sock, sock, sock, sock, sock, sock, sock, sock, sock, sock, sock, sock, sock, sock, sock, sock, sock	legs	sock	1.0	1.0	0.0	0.0	0.853658537
21094	sock/sock_08s.jpg	sock	sock	sock	sock, sock, sock, sock, sock, sock, sock, sock, sock, sock, sock, soccer ball, wind sock (wind sleeve), sock, sock, sock, sock, sock, sock	8671, 3658, 3221 6937, 48263 5947, 5422, 119775, 5445, 7598 25500, 23058 8838, 4850, 4775, 9758, 7284, 3414 3584,	19	17	17	sock	0.894736842	0.894736842	0.947368421	18.0	nan	sock, sock, sock, sock, sock, sock, sock, sock, sock, sock, sock, sock, sock, sock, sock, sock, sock, sock	sock, sock, sock, sock, sock, sock, sock, sock, sock, sock, sock, sock, sock, sock, sock, sock, sock, sock	feet	sock	1.0	1.0	0.0	0.0	0.85
21089	sock/sock_03s.jpg	sock	sock	sock	sock, sock, sock, sock, sock, leg, sock, sock, sock, sock, ankle, sock, sock, sock, sock, sock	5279, 3008, 8851, 12644, 6640, 17876, 13155, 8983, 4371, 4866, 111728, 4739, 18819, 11633, 4416, 3157,	16	14	14	sock	0.875	0.875	0.875	19.0	nan	sock, sock, sock, sock, sock, sock, sock, sock, sock, sock, sock, sock, sock, sock, sock, sock, sock, sock, stocking	sock, sock, sock, sock, sock, sock, sock, sock, sock, sock, sock, sock, sock, sock, sock, sock, sock, sock, stocking	feet	sock	0.947368421	0.947368421	0.051227817	0.051227817	0.658536585
21096	sock/sock_10s.jpg	sock	sock	sock	sweater, sock, sock, sock, shoelace, sock, sock, sock, sock, sock, sock, sock, sock	103878 3276, 21554, 6173, 18287, 4281, 4497, 212341, 7751, 3086 7649, 3647, 3433,	13	11	11	sock	0.846153846	0.846153846	0.846153846	16.0	nan	sock, sock, sock, sock, sock, sock, sock, sock, sock, sock, sock, sock, sock, sock, sock, sock	sock, sock, sock, sock, sock, sock, sock, sock, sock, sock, sock, sock, sock, sock, sock, sock	nan	sock	1.0	1.0	0.0	0.0	0.875
21099	sock/sock_13s.jpg	sock	sock	sock	cotton candy, sock, sock, sock, sock, sock, sock, sock, sock, sock, stem, sock, sock	17526, 4345, 2995, 7528, 4241, 4118, 10091, 8957, 27504, 4179, 3685, 4658, 47975,	13	11	11	sock	0.846153846	0.846153846	0.846153846	19.0	nan	sock, sock, sock, sock, sock, sock, sock, sock, sock, sock, sock, sock, sock, sock, sock, sock, sock, sock, sox	sock, sock, sock, sock, sock, sock, sock, sock, sock, sock, sock, sock, sock, sock, sock, sock, sock, sock, sox	floor	sock	0.947368421	0.947368421	0.051227817	0.051227817	0.761904762
21097	sock/sock_11s.jpg	sock	sock	sock	sock, sock, sock, sock, sock, sock, sock, shark, sock, shoe, sock, sock	5407, 3905, 31130, 2779, 8556, 3997, 3043, 14603, 23960, 3973, 8463, 4056,	12	10	10	sock	0.833333333	0.833333333	0.833333333	17.0	nan	sock, sock, sock, sock, sock, sock, sock, sock, sock, sock, sock, sock, sock, sock, sock, sock, sock	sock, sock, sock, sock, sock, sock, sock, sock, sock, sock, sock, sock, sock, sock, sock, sock, sock	feet	sock	1.0	1.0	0.0	0.0	0.763157895
27596	sock.jpg	sock	sock	sock	sock, wind sock (wind sleeve), sock, sock, sock, sock, sock, sock, sock, sock, sock, sock, sock, sock, salad, sock, sock, soda fountain	6111, 37744, 62894, 89139, 4710, 17290, 31995, 47959, 7838, 4279, 6322, 3777, 10112, 6813, 9159, 3853, 8866 26433	18	15	15	sock	0.833333333	0.833333333	0.888888889	nan	nan	nan	nan	nan	nan	nan	nan	nan	nan	nan
21098	sock/sock_12s.jpg	sock	sock	sock	sock, sock, sock, sock, sock, shoe, sock, sock, sock, school bus, sock, sock, sock, cactus, shoe, sock	4641, 11825, 681388, 6851, 5563, 21423, 4992 5402, 6487, 5428, 9220, 34446, 13553, 50760, 6488, 3268,	16	12	12	sock	0.75	0.75	0.75	19.0	nan	sock, sock, sock, sock, sock, sock, sock, sock, sock, sock, sock, sock, sock, sock, sock, sock, sock, sock, sock	sock, sock, sock, sock, sock, sock, sock, sock, sock, sock, sock, sock, sock, sock, sock, sock, sock, sock, sock	nan	sock	1.0	1.0	0.0	0.0	0.8
21093	sock/sock_07s.jpg	sock	sock	sock	sock, sock, knitting needle, sock, sock, sock, shoehorn, shoe, shoe, sock, sock	4684, 15831 44660, 5601 4618, 12875 596868, 20005, 22685, 57942, 3355,	11	7	7	sock	0.636363636	0.636363636	0.636363636	20.0	nan	sock, sock, sock, sock, sock, sock, sock, sock, sock, sock, sock, sock, sock, sock, sock, sock, sock, sock, stocking, stocking	sock, sock, sock, sock, sock, sock, sock, sock, sock, sock, sock, sock, sock, sock, sock, sock, sock, sock, stocking, stocking	floor	sock	0.9	0.9	0.067082039	0.067082039	0.894736842
21621	squirrel/squirrel_04s.jpg	squirrel	squirrel	squirrel	squirrel, squirrel, squirrel, squirrel, squirrel, squirrel, squirrel, squirrel, squirrel, squirrel, squirrel, squirrel, squirrel, squirrel	4352, 3079, 25982, 6327, 17213, 4834, 4644 2462, 66027, 3705, 3565, 3957, 18699, 2846,	14	14	14	squirrel	1.0	1.0	1.0	19.0	nan	squirrel, squirrel, squirrel, squirrel, squirrel, squirrel, squirrel, squirrel, squirrel, squirrel, squirrel, squirrel, squirrel, squirrel, squirrel, squirrel, squirrel, squirrel, squirrel	squirrel, squirrel, squirrel, squirrel, squirrel, squirrel, squirrel, squirrel, squirrel, squirrel, squirrel, squirrel, squirrel, squirrel, squirrel, squirrel, squirrel, squirrel, squirrel	grass	squirrel	1.0	1.0	0.0	0.0	0.713225371
21622	squirrel/squirrel_05n.jpg	squirrel	squirrel	squirrel	squirrel, squirrel, squirrel, squirrel, squirrel, squirrel, squirrel, squirrel, squirrel, squirrel, squirrel, squirrel, squirrel, squirrel	7566, 6003, 6775 5059, 7161 11427, 7682, 3075, 3550, 3762, 31342, 16333, 10979, 7491,	14	14	14	squirrel	1.0	1.0	1.0	17.0	nan	squirrel, squirrel, squirrel, squirrel, squirrel, squirrel, squirrel, squirrel, squirrel, squirrel, squirrel, squirrel, squirrel, squirrel, squirrel, squirrel, squirrel	squirrel, squirrel, squirrel, squirrel, squirrel, squirrel, squirrel, squirrel, squirrel, squirrel, squirrel, squirrel, squirrel, squirrel, squirrel, squirrel, squirrel	wood	squirrel	1.0	1.0	0.0	0.0	0.853658537
21618	squirrel/squirrel_01b.jpg	squirrel	squirrel	squirrel	squirrel, squirrel, squirrel, squirrel, squirrel, squirrel, squirrel, squirrel, squirrel, squirrel, squirrel, squirrel, squirrel	2602 47448, 41488 4660, 13991, 27172, 10070, 7638, 3875, 5381, 65744, 2812, 3049,	13	13	13	squirrel	1.0	1.0	1.0	18.0	nan	squirrel, squirrel, squirrel, squirrel, squirrel, squirrel, squirrel, squirrel, squirrel, squirrel, squirrel, squirrel, squirrel, squirrel, squirrel, squirrel, squirrel, squirrel	squirrel, squirrel, squirrel, squirrel, squirrel, squirrel, squirrel, squirrel, squirrel, squirrel, squirrel, squirrel, squirrel, squirrel, squirrel, squirrel, squirrel, squirrel	wood	squirrel	1.0	1.0	0.0	0.0	0.738095238
21625	squirrel/squirrel_08n.jpg	squirrel	squirrel	squirrel	squirrel, squirrel, squirrel, squirrel, squirrel, squirrel, squirrel, squirrel, squirrel, squirrel, squirrel, squirrel, squirrel, squirrel	5948, 3519, 6319, 38307, 6541 3096, 4320, 7452, 4901, 38517, 3574, 4320 4405, 13818,	14	14	14	squirrel	1.0	1.0	1.0	18.0	nan	animal, squirrel, squirrel, squirrel, squirrel, squirrel, squirrel, squirrel, squirrel, squirrel, squirrel, squirrel, squirrel, squirrel, squirrel, squirrel, squirrel, squirrel	animal, squirrel, squirrel, squirrel, squirrel, squirrel, squirrel, squirrel, squirrel, squirrel, squirrel, squirrel, squirrel, squirrel, squirrel, squirrel, squirrel, squirrel	floor	squirrel	0.944444444	0.944444444	0.053990295	0.053990295	0.902439024
21631	squirrel/squirrel_14n.jpg	squirrel	squirrel	squirrel	squirrel, squirrel, squirrel, squirrel, squirrel, squirrel, squirrel, squirrel, squirrel, squirrel, squirrel, squirrel, squirrel, squirrel, squirrel	4055, 6412, 12739, 31167, 13903, 3017, 3607, 22429, 19535, 5625, 3702, 217379, 2455, 5254, 3406,	15	15	15	squirrel	1.0	1.0	1.0	19.0	nan	chipmunk, ll, squirrel, squirrel, squirrel, squirrel, squirrel, squirrel, squirrel, squirrel, squirrel, squirrel, squirrel, squirrel, squirrel, squirrel, squirrel, squirrel, squirrel	chipmunk, ll, squirrel, squirrel, squirrel, squirrel, squirrel, squirrel, squirrel, squirrel, squirrel, squirrel, squirrel, squirrel, squirrel, squirrel, squirrel, squirrel, squirrel	tree	squirrel	0.894736842	0.894736842	0.0704059	0.0704059	0.8
21627	squirrel/squirrel_10s.jpg	squirrel	squirrel	squirrel	squirrel, squirrel, squirrel, squirrel, squirrel, squirrel, squirrel, squirrel, squirrel, squirrel, squirrel, squirrel, squirrel, squirrel, squirrel	2837, 5085, 4049, 3000, 8558, 2780, 3220 7723, 19936, 11150, 5318, 11886, 18556, 9202, 3398,	15	15	15	squirrel	1.0	1.0	1.0	18.0	nan	chipmunk, chipmunk, squirrel, squirrel, squirrel, squirrel, squirrel, squirrel, squirrel, squirrel, squirrel, squirrel, squirrel, squirrel, squirrel, squirrel, squirrel, squirrial	chipmunk, chipmunk, squirrel, squirrel, squirrel, squirrel, squirrel, squirrel, squirrel, squirrel, squirrel, squirrel, squirrel, squirrel, squirrel, squirrel, squirrel, squirrial	acorn	squirrel	0.833333333	0.833333333	0.087841046	0.087841046	0.906976744
21626	squirrel/squirrel_09s.jpg	squirrel	squirrel	squirrel	squirrel, squirrel, squirrel, squirrel, squirrel, squirrel, squirrel, squirrel, squirrel, squirrel, squirrel, squirrel, squirrel, scarf, squirrel, squirrel, squirrel	3024, 3033, 6435, 14501, 20175, 7611, 3951, 6186, 4587, 144560, 3518 2510, 15813 14922, 2239, 4901, 3158,	17	16	16	squirrel	0.941176471	0.941176471	0.941176471	19.0	nan	squirrel, squirrel, squirrel, squirrel, squirrel, squirrel, squirrel, squirrel, squirrel, squirrel, squirrel, squirrel, squirrel, squirrel, squirrel, squirrel, squirrel, squirrel, squirrel	squirrel, squirrel, squirrel, squirrel, squirrel, squirrel, squirrel, squirrel, squirrel, squirrel, squirrel, squirrel, squirrel, squirrel, squirrel, squirrel, squirrel, squirrel, squirrel	nan	squirrel	1.0	1.0	0.0	0.0	0.902439024
21619	squirrel/squirrel_02s.jpg	squirrel	squirrel	squirrel	squirrel, squirrel, squirrel, squirrel, squirrel, snail, squirrel, squirrel, squirrel, squirrel, squirrel, squirrel, squirrel, squirrel, squirrel, squirrel, squirrel	3262 6567, 47897, 2438 5201, 15558, 7455, 2948, 20234, 5515, 5613 6782, 2875, 3998 7655, 4662 9389,	17	16	16	squirrel	0.941176471	0.941176471	0.941176471	17.0	nan	squirrel, squirrel, squirrel, squirrel, squirrel, squirrel, squirrel, squirrel, squirrel, squirrel, squirrel, squirrel, squirrel, squirrel, squirrel, squirrel, squirrel	squirrel, squirrel, squirrel, squirrel, squirrel, squirrel, squirrel, squirrel, squirrel, squirrel, squirrel, squirrel, squirrel, squirrel, squirrel, squirrel, squirrel	nan	squirrel	1.0	1.0	0.0	0.0	0.875
21620	squirrel/squirrel_03s.jpg	squirrel	squirrel	squirrel	squirrel, squirrel, squirrel, squirrel, squirrel, squirrel, squirrel, squirrel, squirrel, squirrel, squirrel, squirrel, squirrel, squirrel, fox, squirrel	19182, 3717, 30348, 9916, 5520, 32900, 5609, 3077, 5747, 5313 4448, 4317, 3451, 3336 34544, 28735,	16	15	15	squirrel	0.9375	0.9375	0.9375	18.0	nan	squirrel, squirrel, squirrel, squirrel, squirrel, squirrel, squirrel, squirrel, squirrel, squirrel, squirrel, squirrel, squirrel, squirrel, squirrel, squirrel, squirrel, squirrel	squirrel, squirrel, squirrel, squirrel, squirrel, squirrel, squirrel, squirrel, squirrel, squirrel, squirrel, squirrel, squirrel, squirrel, squirrel, squirrel, squirrel, squirrel	bricks	squirrel	1.0	1.0	0.0	0.0	0.763157895
21623	squirrel/squirrel_06s.jpg	squirrel	squirrel	squirrel	squirrel, squirrel, squirrel, squirrel, squirrel, squirrel, squirrel, squid, squirrel, squirrel, squirrel, squirrel, squirrel, squirrel	5262, 9443, 5299, 4455, 24730, 11235, 3493, 5085, 6597, 6868, 29888, 8319, 7095, 6188,	14	13	13	squirrel	0.928571429	0.928571429	0.928571429	17.0	nan	squirrel, squirrel, squirrel, squirrel, squirrel, squirrel, squirrel, squirrel, squirrel, squirrel, squirrel, squirrel, squirrel, squirrel, squirrel, squirrel, squirrel	squirrel, squirrel, squirrel, squirrel, squirrel, squirrel, squirrel, squirrel, squirrel, squirrel, squirrel, squirrel, squirrel, squirrel, squirrel, squirrel, squirrel	tree	squirrel	1.0	1.0	0.0	0.0	0.75
21628	squirrel/squirrel_11s.jpg	squirrel	squirrel	squirrel	squirrel, quill, squirrel, squirrel, squirrel, squirrel, squirrel, squirrel, squirrel, squirrel	6274, 9918, 4968, 14376, 5026, 2831, 25104, 6923, 5632, 2973,	10	9	9	squirrel	0.9	0.9	0.9	20.0	nan	jacket, squirrel, squirrel, squirrel, squirrel, squirrel, squirrel, squirrel, squirrel, squirrel, squirrel, squirrel, squirrel, squirrel, squirrel, squirrel, squirrel, squirrel, squirrel, squirrel	jacket, squirrel, squirrel, squirrel, squirrel, squirrel, squirrel, squirrel, squirrel, squirrel, squirrel, squirrel, squirrel, squirrel, squirrel, squirrel, squirrel, squirrel, squirrel, squirrel	log	squirrel	0.95	0.95	0.048733972	0.048733972	0.790148448
21629	squirrel/squirrel_12n.jpg	squirrel	squirrel	squirrel	squirrel, squirrel, squirrel, squirrel, rabbit, red carpet, squirrel, squirrel, rabbit, squirrel, squirrel, squirrel, squirrel, squirrel, squirrel, squirrel	10046, 13837, 5602, 5889, 3870 21759, 3503 4431, 5012, 8022, 12567, 2895, 2654, 4099, 2832, 6065,	16	13	13	squirrel	0.8125	0.8125	0.8125	18.0	nan	squirrel, squirrel, squirrel, squirrel, squirrel, squirrel, squirrel, squirrel, squirrel, squirrel, squirrel, squirrel, squirrel, squirrel, squirrel, squirrel, squirrel, squirrel	squirrel, squirrel, squirrel, squirrel, squirrel, squirrel, squirrel, squirrel, squirrel, squirrel, squirrel, squirrel, squirrel, squirrel, squirrel, squirrel, squirrel, squirrel	bird feeder	squirrel	1.0	1.0	0.0	0.0	0.780487805
27636	squirrel.jpg	squirrel	squirrel	squirrel	squirrel, squirrel, squirrel, squirrel, rabbit, squirrel, kangaroo, squirrel, squirrel, squirrel, squirrel, groundhog, squirrel, rabbit	3935, 5552, 4752, 5998, 7158, 14499, 7661, 4684, 2520, 3551, 3013 6050, 20221, 12325,	14	10	10	squirrel	0.714285714	0.714285714	0.714285714	nan	nan	nan	nan	nan	nan	nan	nan	nan	nan	nan
21624	squirrel/squirrel_07s.jpg	squirrel	squirrel	squirrel	squirrel, fox, squirrel, squirrel, mongoose, squirrel, squirrel, squirrel, squirrel, rabbit, shaving cream, squirrel, squirrel, rat, rabbit, squirrel, squirrel, squirrel, squirrel, squirrel, squirt gun, squirrel	5522, 32306, 6795, 3251 10893, 27382, 6366, 5031, 8947, 4417, 11206, 5744, 6412, 3165, 7562, 103486, 7063, 4997, 6385, 3398 2680, 4246,	22	15	15	squirrel	0.681818182	0.681818182	0.681818182	19.0	nan	anil, squirrel, squirrel, squirrel, squirrel, squirrel, squirrel, squirrel, squirrel, squirrel, squirrel, squirrel, squirrel, squirrel, squirrel, squirrel, squirrel, squirrel, squirrel	anil, squirrel, squirrel, squirrel, squirrel, squirrel, squirrel, squirrel, squirrel, squirrel, squirrel, squirrel, squirrel, squirrel, squirrel, squirrel, squirrel, squirrel, squirrel	tree stump	squirrel	0.947368421	0.947368421	0.051227817	0.051227817	0.871794872
21630	squirrel/squirrel_13n.jpg	squirrel	squirrel	squirrel	squirrel, squirrel, squirrel, chipmunk, chipmunk, squirrel, squirrel, rabbit, squirrel, squid, chipmunk, squirrel, squirrel, squirrel, squirrel	14673, 10248, 2387, 6298, 17805, 25897, 2776, 5361, 4600, 3521, 121476 5894, 6524 3238, 3059	15	10	10	squirrel	0.666666667	0.666666667	0.666666667	18.0	nan	chipmonk, chipmunk, chipmunk, chipmunk, chipmunk, squirrel, squirrel, squirrel, squirrel, squirrel, squirrel, squirrel, squirrel, squirrel, squirrel, squirrel, squirrel, squirrel	chipmonk, chipmunk, chipmunk, chipmunk, chipmunk, squirrel, squirrel, squirrel, squirrel, squirrel, squirrel, squirrel, squirrel, squirrel, squirrel, squirrel, squirrel, squirrel	nan	squirrel	0.722222222	0.722222222	0.105571799	0.105571799	0.738095238
27681	stroller.jpg	stroller	stroller	stroller	stroller, stroller, stroller, walker (for toddlers), stroller, stroller, stroller, gear, stroller, stroller, gear, stroller, stroller, stroller, stroller, stroller	7896, 29356, 6350 17265, 4368, 4951, 34543, 25830, 7142, 2360, 26382 21332 7501, 3573, 4216, 4659	16	13	13	stroller	0.8125	0.8125	0.8125	nan	nan	nan	nan	nan	nan	nan	nan	nan	nan	nan
22245	stroller/stroller_09s.jpg	stroller	stroller	stroller	stroller, stroller, stroller, stroller, tricycle, trolley (streetcar), stroller, stroller, stroller, baby, stroller, stroller, stroller, stroller, stroller	4951, 3760, 74298 4111, 18782, 4741, 25044, 23110, 13609 26463, 16647 4908, 5313, 2713, 3766,	15	12	12	stroller	0.8	0.8	0.8	16.0	nan	crib, jogger baby buggy, pramp, running pram, stroller, stroller, stroller, stroller, stroller, stroller, stroller, stroller, stroller, stroller, stroller, stroller	crib, jogger baby buggy, pramp, running pram, stroller, stroller, stroller, stroller, stroller, stroller, stroller, stroller, stroller, stroller, stroller, stroller	grass	stroller	0.75	0.75	0.108253175	0.108253175	0.65
22242	stroller/stroller_06s.jpg	stroller	stroller	stroller	stroller, stroller, stroller, stroller, stroller, wheel, baby, stroller, stroller, stroller, stroller, stroller, cart, stroller	7344, 65278, 10577 3610, 9247, 23265, 4141, 7876, 22653, 8426 7015, 9708, 12141, 33110,	14	11	11	stroller	0.785714286	0.785714286	0.785714286	18.0	nan	baby cart, pram, stroller, stroller, stroller, stroller, stroller, stroller, stroller, stroller, stroller, stroller, stroller, stroller, stroller, stroller, stroller, trolley	baby cart, pram, stroller, stroller, stroller, stroller, stroller, stroller, stroller, stroller, stroller, stroller, stroller, stroller, stroller, stroller, stroller, trolley	floor	stroller	0.833333333	0.833333333	0.087841046	0.087841046	0.780487805
22240	stroller/stroller_04s.jpg	stroller	stroller	stroller	stroller, stroller, stroller, stroller, carriage, stroller, stroller, trolley (streetcar), stroller, stroller, walker (for toddlers), stroller, stroller	4351, 23876, 12430, 3626, 4939, 8871, 3369, 37431, 130268 32777, 17863, 6248, 10886,	13	10	10	stroller	0.769230769	0.769230769	0.769230769	20.0	nan	baby buggy, baby buggy, baby carriage, bassinet, stoller, stroller, stroller, stroller, stroller, stroller, stroller, stroller, stroller, stroller, stroller, stroller, stroller, stroller, stroller, stroller	baby buggy, baby buggy, baby carriage, bassinet, stoller, stroller, stroller, stroller, stroller, stroller, stroller, stroller, stroller, stroller, stroller, stroller, stroller, stroller, stroller, stroller	buggy	stroller	0.75	0.75	0.096824584	0.096824584	0.68488529
22246	stroller/stroller_10s.jpg	stroller	stroller	stroller	stroller, stroller, stroller, stroller, stroller, stroller, stroller, walker (for toddlers), stroller, stroller, stroller, baby, rocking chair, stroller, stroller, walker (for toddlers)	2830, 5431, 8744, 3825, 143434, 9039, 27222, 17070, 27963, 3918, 80833, 13351, 63289, 4773, 3892, 5526,	16	12	12	stroller	0.75	0.75	0.75	19.0	nan	baby carriage, stroller, stroller, stroller, stroller, stroller, stroller, stroller, stroller, stroller, stroller, stroller, stroller, stroller, stroller, stroller, stroller, stroller, stroller	baby carriage, stroller, stroller, stroller, stroller, stroller, stroller, stroller, stroller, stroller, stroller, stroller, stroller, stroller, stroller, stroller, stroller, stroller, stroller	plants	stroller	0.947368421	0.947368421	0.051227817	0.051227817	0.897435897
22250	stroller/stroller_14s.jpg	stroller	stroller	stroller	stroller, stroller, stroller, stroller, stroller, stroller, seatbelt, stroller, stroller, stroller, carriage, scooter, stroller, baby, stroller, stroller	26218, 5768, 5017, 6790, 3708, 4838, 35787, 5586, 7414, 6637, 7893, 36760, 59373, 30794, 4809, 4235,	16	12	12	stroller	0.75	0.75	0.75	19.0	nan	baby buggy, stroller, stroller, stroller, stroller, stroller, stroller, stroller, stroller, stroller, stroller, stroller, stroller, stroller, stroller, stroller, stroller, stroller, stroller	baby buggy, stroller, stroller, stroller, stroller, stroller, stroller, stroller, stroller, stroller, stroller, stroller, stroller, stroller, stroller, stroller, stroller, stroller, stroller	cement	stroller	0.947368421	0.947368421	0.051227817	0.051227817	0.738095238
22241	stroller/stroller_05s.jpg	stroller	stroller	stroller	yo-yo, stroller, stroller, stroller, stroller, stroller, paddle, stroller, yo-yo, stroller, stroller, stroller, stroller, carriage, stroller, stroller	40557, 5378, 4345, 13535, 54509, 4400, 19916, 34553, 53243, 2613, 5611, 108658, 17811, 44008, 7802, 3026,	16	12	12	stroller	0.75	0.75	0.75	17.0	nan	baby carriage, stroller, stroller, stroller, stroller, stroller, stroller, stroller, stroller, stroller, stroller, stroller, stroller, stroller, stroller, stroller, stroller	baby carriage, stroller, stroller, stroller, stroller, stroller, stroller, stroller, stroller, stroller, stroller, stroller, stroller, stroller, stroller, stroller, stroller	ne	stroller	0.941176471	0.941176471	0.057067206	0.057067206	0.725
22243	stroller/stroller_07s.jpg	stroller	stroller	stroller	stroller, stroller, stroller, stroller, stroller, stroller, crucifix, walker (for toddlers), baby, stroller, stroller, stroller, stroller, stroller, walker (for toddlers), stroller	3393, 9005, 3641 4845, 45063, 4441, 69349, 9229, 4989, 18824, 3284, 42365, 6706, 2974, 5231 3453,	16	12	12	stroller	0.75	0.75	0.75	20.0	nan	baby carriage, baby carriage, stroller, stroller, stroller, stroller, stroller, stroller, stroller, stroller, stroller, stroller, stroller, stroller, stroller, stroller, stroller, stroller, stroller, stroller	baby carriage, baby carriage, stroller, stroller, stroller, stroller, stroller, stroller, stroller, stroller, stroller, stroller, stroller, stroller, stroller, stroller, stroller, stroller, stroller, stroller	lawn	stroller	0.9	0.9	0.067082039	0.067082039	0.775
22237	stroller/stroller_01b.jpg	stroller	stroller	stroller	stroller, stroller, stroller, stroller, stroller, walker (for toddlers), wheel, baby, stroller, stroller	3012, 8298 4001, 4013, 21824, 26047, 10110, 3658 4052 3379	10	7	7	stroller	0.7	0.7	0.7	17.0	nan	baby carriage, stroller, stroller, stroller, stroller, stroller, stroller, stroller, stroller, stroller, stroller, stroller, stroller, stroller, stroller, stroller, stroller	baby carriage, stroller, stroller, stroller, stroller, stroller, stroller, stroller, stroller, stroller, stroller, stroller, stroller, stroller, stroller, stroller, stroller	floor	stroller	0.941176471	0.941176471	0.057067206	0.057067206	0.609756098
22238	stroller/stroller_02s.jpg	stroller	stroller	stroller	stroller, stroller, stroller, stroller, stroller, wheelbarrow, stroller, stroller, stroller, stroller, stroller, stroller, carriage, baby, baby, walker (for toddlers)	271448, 6345, 3752, 32411, 13601, 176274, 3208, 4468, 7736, 7964, 8363, 55731, 6913 8741, 4279, 10845,	16	11	11	stroller	0.6875	0.6875	0.6875	16.0	nan	baby carriage, baby carriage, stroller, stroller, stroller, stroller, stroller, stroller, stroller, stroller, stroller, stroller, stroller, stroller, stroller, stroller	baby carriage, baby carriage, stroller, stroller, stroller, stroller, stroller, stroller, stroller, stroller, stroller, stroller, stroller, stroller, stroller, stroller	shed	stroller	0.875	0.875	0.082679728	0.082679728	0.8
22252	stroller/stroller_16s.jpg	stroller	stroller	stroller	tricycle, walker (for toddlers), carriage, stroller, stroller, stroller, stroller, stroller, stroller, stroller, stroller, stroller, stroller, walker (for toddlers), walker (for toddlers), stroller	88083, 3709 4133, 4652, 4858, 3103, 4513, 161413 14934, 377641, 10318, 3427, 11357, 7720, 4305, 6543,	16	11	11	stroller	0.6875	0.6875	0.6875	17.0	nan	baby buggy, baby buggy, baby carriage, child carrier, stroller, stroller, stroller, stroller, stroller, stroller, stroller, stroller, stroller, stroller, stroller, stroller, stroller	baby buggy, baby buggy, baby carriage, child carrier, stroller, stroller, stroller, stroller, stroller, stroller, stroller, stroller, stroller, stroller, stroller, stroller, stroller	baby	stroller	0.764705882	0.764705882	0.102879368	0.102879368	0.87804878
22249	stroller/stroller_13s.jpg	stroller	stroller	stroller	stroller, stroller, carriage, walker (for toddlers), stroller, trolley (streetcar), stroller, trolley (streetcar), cross, stroller, stroller, stroller, stroller	4543, 7699, 4238, 5817, 36608, 11925 27376, 12536, 23599, 13951, 16858 7450, 5179,	13	8	8	stroller	0.615384615	0.615384615	0.615384615	19.0	nan	baby buggy, baby buggy, baby buggy, baby carriage, baby carriage, baby carriage, baby carriage, baby carriage, stroller, stroller, stroller, stroller, stroller, stroller, stroller, stroller, stroller, stroller, trolley	baby buggy, baby buggy, baby buggy, baby carriage, baby carriage, baby carriage, baby carriage, baby carriage, stroller, stroller, stroller, stroller, stroller, stroller, stroller, stroller, stroller, stroller, trolley	grass	stroller	0.526315789	0.526315789	0.114548882	0.114548882	0.780487805
22251	stroller/stroller_15s.jpg	stroller	stroller	stroller	doll, stroller, stroller, stroller, stroller, wheelchair, stroller, chariot, parking meter, buckle, stroller, stroller, cart, stroller, stroller	17740, 11216, 3739, 34011, 18906, 17677, 19298, 11198, 29491, 11469, 20854, 4623, 21322, 36215 4390,	15	9	9	stroller	0.6	0.6	0.6	20.0	nan	baby buggy, baby buggy, baby carriage, baby carriage, baby carriage, baby carriage, baby carriage, baby carriage, carriage, carriage, carriage, carriage, pram, stroller, stroller, stroller, stroller, stroller, stroller, stroller	baby buggy, baby buggy, baby carriage, baby carriage, baby carriage, baby carriage, baby carriage, baby carriage, carriage, carriage, carriage, carriage, pram, stroller, stroller, stroller, stroller, stroller, stroller, stroller	nan	stroller	0.35	0.35	0.106653645	0.106653645	0.829268293
22247	stroller/stroller_11s.jpg	stroller	stroller	stroller	stroller, stroller, trolley (streetcar), baby, stroller, stroller, wheelchair, stroller, buggy, stroller, stroller, trolley (streetcar), wheelchair, stroller	6731, 3000, 67898, 122624, 13415, 8806, 9263, 3763, 8912, 28010, 33637 53775 4999 22576,	14	8	8	stroller	0.571428571	0.571428571	0.571428571	17.0	nan	stroller, stroller, stroller, stroller, stroller, stroller, stroller, stroller, stroller, stroller, stroller, stroller, stroller, stroller, stroller, stroller, walker	stroller, stroller, stroller, stroller, stroller, stroller, stroller, stroller, stroller, stroller, stroller, stroller, stroller, stroller, stroller, stroller, walker	nan	stroller	0.941176471	0.941176471	0.057067206	0.057067206	0.769230769
22239	stroller/stroller_03s.jpg	stroller	stroller	stroller	bike (bicycle), baby, stroller, oyster, stroller, stroller, stroller, road sweeper (vehicle), stroller, bike (bicycle), stroller, walker (for toddlers)	4238, 25434, 11422, 40894, 74807, 5964, 16790, 21942, 30788, 3390, 9298 4145,	12	6	6	stroller	0.5	0.5	0.5	19.0	nan	baby carriage, baby vehicle, stoller, stroller, stroller, stroller, stroller, stroller, stroller, stroller, stroller, stroller, stroller, stroller, stroller, stroller, stroller, stroller, stroller	baby carriage, baby vehicle, stoller, stroller, stroller, stroller, stroller, stroller, stroller, stroller, stroller, stroller, stroller, stroller, stroller, stroller, stroller, stroller, stroller	grass	stroller	0.842105263	0.842105263	0.083654675	0.083654675	0.923076923
22244	stroller/stroller_08s.jpg	stroller	stroller	stroller	baby, stroller, stroller, walker (for toddlers), baby, wheelchair, stroller, baby, stroller, stroller, bat (animal), stroller	7336, 5980, 4800, 3917, 39882 14180, 9391, 28417, 5530, 4042, 5902, 6058,	12	6	6	stroller	0.5	0.5	0.5	18.0	nan	folding,  folding, baby carriage, stroller, stroller, stroller, stroller, stroller, stroller, stroller, stroller, stroller, stroller, stroller, stroller, stroller, stroller, stroller	folding,  folding, baby carriage, stroller, stroller, stroller, stroller, stroller, stroller, stroller, stroller, stroller, stroller, stroller, stroller, stroller, stroller, stroller	toddler	stroller	0.833333333	0.833333333	0.087841046	0.087841046	0.7
22248	stroller/stroller_12s.jpg	stroller	stroller	stroller	carriage, carriage, wheelchair, buggy, stroller, buggy, carriage, stroller, stroller, stroller, chair, weasel, baby, wheelchair, stroller, wheelchair	18757, 3103 16152, 39407, 6228, 4031, 4286, 3289, 83886, 7334, 23175, 14115, 12445, 54807, 13535, 7278,	16	5	5	stroller	0.3125	0.3125	0.3125	16.0	nan	baby carriage, baby carriage, baby carriage, baby carriage, baby carriage, buggy, buggy, carriage, pram, stroller, stroller, stroller, stroller, stroller, stroller, stroller	baby carriage, baby carriage, baby carriage, baby carriage, baby carriage, buggy, buggy, carriage, pram, stroller, stroller, stroller, stroller, stroller, stroller, stroller	sofa	stroller	0.4375	0.4375	0.124019593	0.124019593	0.775
22509	sweater/sweater_12s.jpg	sweater	sweater	sweater	sweater, sweater, sweater, sweater, sweater, sweater, sweater, sweater, sweater, sweater, sweater, sweater, sweater	3778, 4823, 3172, 7702, 6655, 4973, 5290, 6257, 36547, 24533, 17173, 4639 3800,	13	13	13	sweater	1.0	1.0	1.0	18.0	t-shirt	sweater, sweater, sweater, sweater, sweater, sweater, sweater, sweater, sweater, sweater, sweater, sweater, sweater, sweater, sweater, sweater, sweater, sweater	sweater, sweater, sweater, sweater, sweater, sweater, sweater, sweater, sweater, sweater, sweater, sweater, sweater, sweater, sweater, sweater, sweater, sweater	man	sweater	1.0	1.0	0.0	0.0	0.875
27699	sweater.jpg	sweater	sweater	sweater	clothes, sweater, sweater, sweater, sweater, sweater, sweater, sweater, sweater, sweater, sweater, sweater, sweater, sweater	4778, 7552, 4418, 3749, 3623, 3984, 7035, 4123 16865, 3048 31180, 4569, 3935, 14763,	14	13	13	sweater	0.928571429	0.928571429	0.928571429	nan	nan	nan	nan	nan	nan	nan	nan	nan	nan	nan
22506	sweater/sweater_09s.jpg	sweater	sweater	sweater	sweater, coat, sweater, sweater, sweater, sweater, sweater, sweater, sweater, sweater, jacket, sweater, sweater, sweater, sweater, sweater, sweater	5025 7390, 3525, 3738, 5776, 4504, 7501, 10147, 6139, 3880, 6518, 3566, 8024, 2435, 4231, 3042, 21227,	17	15	15	sweater	0.882352941	0.882352941	0.882352941	19.0	t-shirt	sweater, sweater, sweater, sweater, sweater, sweater, sweater, sweater, sweater, sweater, sweater, sweater, sweater, sweater, sweater, sweater, sweater, turtleneck, turtleneck	sweater, sweater, sweater, sweater, sweater, sweater, sweater, sweater, sweater, sweater, sweater, sweater, sweater, sweater, sweater, sweater, sweater, turtleneck, turtleneck	street	sweater	0.894736842	0.894736842	0.0704059	0.0704059	0.743589744
22508	sweater/sweater_11s.jpg	sweater	sweater	sweater	sweater, sweater, sweater, sweater, t-shirt, t-shirt, sweater, sweater, sweater, sweater, dessert, sweater, sweater, sweater	2678, 3430, 9333 6284, 5554, 5615, 9849 3521 4229, 20054, 13627 21901 31536, 6955	14	11	11	sweater	0.785714286	0.785714286	0.785714286	17.0	t-shirt	sweater, sweater, sweater, sweater, sweater, sweater, sweater, sweater, sweater, sweater, sweater, sweater, sweater, sweater, sweater, sweater, sweater	sweater, sweater, sweater, sweater, sweater, sweater, sweater, sweater, sweater, sweater, sweater, sweater, sweater, sweater, sweater, sweater, sweater	model	sweater	1.0	1.0	0.0	0.0	0.875
22499	sweater/sweater_02s.jpg	sweater	sweater	sweater	sweater, t-shirt, sweater, sweater, sweater, sweater, dress, sweater, sweater, sweater, jacket, sweater, sweater, sweater	2410, 3550, 3742, 4044, 6273, 3527, 9015, 4868, 2479, 6878, 5513, 4744, 7918, 2518,	14	11	11	sweater	0.785714286	0.785714286	0.785714286	19.0	t-shirt	shirt, sweater, sweater, sweater, sweater, sweater, sweater, sweater, sweater, sweater, sweater, sweater, sweater, sweater, sweater, sweater, sweater, sweater, sweater	shirt, sweater, sweater, sweater, sweater, sweater, sweater, sweater, sweater, sweater, sweater, sweater, sweater, sweater, sweater, sweater, sweater, sweater, sweater	hanger	sweater	0.947368421	0.947368421	0.051227817	0.051227817	0.538461538
22504	sweater/sweater_07s.jpg	sweater	sweater	sweater	sweater, sweater, sweater, sweater, sweater, dress, sweater, shirt, sweater, sweater, sweater, sweater, dress, sweater	3540, 6439, 17969, 3711, 43004, 4702, 7385, 7111, 8615, 24096 5960, 2620, 5270, 2476,	14	11	11	sweater	0.785714286	0.785714286	0.785714286	17.0	t-shirt	shirt, sweater, sweater, sweater, sweater, sweater, sweater, sweater, sweater, sweater, sweater, sweater, sweater, sweater, sweater, sweater, sweater	shirt, sweater, sweater, sweater, sweater, sweater, sweater, sweater, sweater, sweater, sweater, sweater, sweater, sweater, sweater, sweater, sweater	man	sweater	0.941176471	0.941176471	0.057067206	0.057067206	0.725
22503	sweater/sweater_06s.jpg	sweater	sweater	sweater	sweater, sweater, sweater, sweater, dress, jacket, sweater, sweater, sweater, sweater, sweater, sweater, shirt, shirt, sweater, sweater, sweater	3737, 5614, 2744, 3397, 44679, 5277, 5203, 9246, 4430, 5165, 2553, 16276, 14597, 10597, 3022, 4094, 8129,	17	13	13	sweater	0.764705882	0.764705882	0.764705882	20.0	t-shirt	shirt, sweater, sweater, sweater, sweater, sweater, sweater, sweater, sweater, sweater, sweater, sweater, sweater, sweater, sweater, sweater, sweater, sweater, sweater, sweeter	shirt, sweater, sweater, sweater, sweater, sweater, sweater, sweater, sweater, sweater, sweater, sweater, sweater, sweater, sweater, sweater, sweater, sweater, sweater, sweeter	yarn	sweater	0.9	0.9	0.067082039	0.067082039	0.810810811
22501	sweater/sweater_04s.jpg	sweater	sweater	sweater	sweater, sweater, sweater, sweater, sweater, t-shirt, sweater, sweater, sweater, sweater, clothes, dress, sweater, dress, sweater	1794, 14411, 5761, 4794 2316, 20188, 3795, 544343, 84408, 3350 7563, 4908 2783, 6325, 3054,	15	11	11	sweater	0.733333333	0.733333333	0.733333333	16.0	t-shirt	camisole, sweater, sweater, sweater, sweater, sweater, sweater, sweater, sweater, sweater, sweater, sweater, sweater, sweater, sweater, sweater	camisole, sweater, sweater, sweater, sweater, sweater, sweater, sweater, sweater, sweater, sweater, sweater, sweater, sweater, sweater, sweater	woman	sweater	0.9375	0.9375	0.060515365	0.060515365	0.846153846
22498	sweater/sweater_01b.jpg	sweater	sweater	sweater	sweater, sweater, sweater, t-shirt, sweater, t-shirt, sweater, sweater, sweater, sweater, sweater, sweater, sweater, shirt, t-shirt, shirt	3622, 3266, 26689, 3456, 28519, 8506, 1888, 24375, 2274, 4741, 4727, 4369, 3973 7351, 2392, 5200,	16	11	11	sweater	0.6875	0.6875	0.6875	17.0	t-shirt	sweater, sweater, sweater, sweater, sweater, sweater, sweater, sweater, sweater, sweater, sweater, sweater, sweater, sweater, sweater, sweater, unisex	sweater, sweater, sweater, sweater, sweater, sweater, sweater, sweater, sweater, sweater, sweater, sweater, sweater, sweater, sweater, sweater, unisex	bedspread	sweater	0.941176471	0.941176471	0.057067206	0.057067206	0.725
22510	sweater/sweater_13s.jpg	sweater	sweater	sweater	sweater, t-shirt, shirt, sweater, sweater, sweater, dress, sweater, sweater, sweater, sweater, sewage, t-shirt, sweater, sweater	5240, 3837, 5638, 15594, 17248, 2948 247980, 3959, 3926, 17477 5374, 3613, 5845, 6890 3106,	15	10	10	sweater	0.666666667	0.666666667	0.666666667	15.0	t-shirt	long sleeve shirt, sweater, sweater, sweater, sweater, sweater, sweater, sweater, sweater, sweater, sweater, sweater, sweater, sweater, tshirt	long sleeve shirt, sweater, sweater, sweater, sweater, sweater, sweater, sweater, sweater, sweater, sweater, sweater, sweater, sweater, tshirt	nan	sweater	0.866666667	0.866666667	0.087770745	0.087770745	0.775
22511	sweater/sweater_14s.jpg	sweater	sweater	sweater	sweater, t-shirt, man, man, sweater, t-shirt, sweater, sweater, sweater, sweater, sweater, shirt, t-shirt, sweater, sweater, t-shirt, sweater, sweater	2809, 5989 2802, 4876, 7355 15873, 6367, 5176, 4068, 6396 4929, 13793, 3354, 6069, 4969, 1823 2807 2352,	18	11	11	sweater	0.611111111	0.611111111	0.611111111	17.0	t-shirt	man, man, shirt, sweater, sweater, sweater, sweater, sweater, sweater, sweater, sweater, sweater, sweater, sweater, sweater, sweater, sweater	man, man, shirt, sweater, sweater, sweater, sweater, sweater, sweater, sweater, sweater, sweater, sweater, sweater, sweater, sweater, sweater	pants	sweater	0.823529412	0.823529412	0.092459441	0.092459441	0.871794872
22500	sweater/sweater_03s.jpg	sweater	sweater	sweater	sweater, dress, sweater, shoulder (body part), dress, sweater, sweater, sweater, sweater, t-shirt, sweater, sweeper	3885, 3517, 4299, 41095, 2803, 7135, 6464, 9926, 17701, 5148, 4042 6646,	12	7	7	sweater	0.583333333	0.583333333	0.583333333	19.0	t-shirt	sweater, sweater, sweater, sweater, sweater, sweater, sweater, sweater, sweater, sweater, sweater, sweater, sweater, sweater, sweater, sweater, sweater, sweater, sweater	sweater, sweater, sweater, sweater, sweater, sweater, sweater, sweater, sweater, sweater, sweater, sweater, sweater, sweater, sweater, sweater, sweater, sweater, sweater	nan	sweater	1.0	1.0	0.0	0.0	0.87804878
22513	sweater/sweater_16s.jpg	sweater	sweater	sweater	shirt, polo shirt, sweater, sweater, shawl, t-shirt, jacket, sweater, sweater, sweater, sweater, sweater, sweater, shirt	8485, 18018, 8631, 4437 97765, 9876, 18572, 8148, 5320, 15657, 3957, 4102, 4617, 13278,	14	8	8	sweater	0.571428571	0.571428571	0.571428571	17.0	t-shirt	aztec design jacket, cardigan, cardigan, cardigan, coat, jacket, jacket, shirt, sweater, sweater, sweater, sweater, sweater, sweater, sweater, sweater, sweatshirt	aztec design jacket, cardigan, cardigan, cardigan, coat, jacket, jacket, shirt, sweater, sweater, sweater, sweater, sweater, sweater, sweater, sweater, sweatshirt	nan	sweater	0.470588235	0.470588235	0.121057825	0.121057825	0.725
22507	sweater/sweater_10s.jpg	sweater	sweater	sweater	sweater, sweater, cardigan, sweater, sweater, sweater, t-shirt, shirt, shirt, t-shirt, sweater	5481, 6994, 5871, 2840, 4818, 1524, 3309, 25393, 19671, 1980, 3855,	11	6	6	sweater	0.545454545	0.545454545	0.545454545	19.0	t-shirt	sweater, sweater, sweater, sweater, sweater, sweater, sweater, sweater, sweater, sweater, sweater, sweater, sweater, sweater, sweater, sweater, sweater, sweater, sweater	sweater, sweater, sweater, sweater, sweater, sweater, sweater, sweater, sweater, sweater, sweater, sweater, sweater, sweater, sweater, sweater, sweater, sweater, sweater	man	sweater	1.0	1.0	0.0	0.0	0.825
22502	sweater/sweater_05s.jpg	sweater	sweater	sweater	sweater, t-shirt, dress, t-shirt, sweater, dress, sweater, sweater, sweater, clothes, t-shirt, sweater, sweater	3194, 8713, 3863, 7102, 29587, 6205, 2971, 4091, 4407, 30149, 1955, 5392, 2624,	13	7	7	sweater	0.538461538	0.538461538	0.538461538	16.0	t-shirt	sweater, sweater, sweater, sweater, sweater, sweater, sweater, sweater, sweater, sweater, sweater, sweater, sweater, sweater, sweater, sweater	sweater, sweater, sweater, sweater, sweater, sweater, sweater, sweater, sweater, sweater, sweater, sweater, sweater, sweater, sweater, sweater	sweater	sweater	1.0	1.0	0.0	0.0	0.837209302
22517	sweater/sweater_20s.jpg	sweater	sweater	sweater	sweater, sweater, t-shirt, sweater, t-shirt, shirt, sweater, sweater, sweater, sweater, t-shirt, t-shirt, t-shirt, sweater, t-shirt	31455, 25610, 4595, 4124, 5368, 5603, 3930, 4131, 4036, 7632 14222, 10110, 5246, 3531 1861,	15	8	8	sweater	0.533333333	0.533333333	0.533333333	20.0	t-shirt	man, shirt, shirt, shirt, sweater, sweater, sweater, sweater, sweater, sweater, sweater, sweater, sweater, sweater, sweater, sweater, sweater, sweater, sweatshirt, t-shirt	man, shirt, shirt, shirt, sweater, sweater, sweater, sweater, sweater, sweater, sweater, sweater, sweater, sweater, sweater, sweater, sweater, sweater, sweatshirt, t-shirt	man	sweater	0.7	0.75	0.096824584	0.102469508	0.9
22512	sweater/sweater_15s.jpg	sweater	sweater	sweater	sweater, sweater, t-shirt, t-shirt, sweater, sweater, shirt, t-shirt, hand, dress, dress, t-shirt, sweater, sweater, sweater, sweater, t-shirt, dress	51627, 8576, 4709, 6840, 3946, 49779, 6787, 2054, 5520, 24811, 6489, 7416, 3434, 5964, 4368, 5613, 10876, 6595,	18	8	8	sweater	0.444444444	0.444444444	0.444444444	19.0	t-shirt	arm, long sleeve shirt, long sleeve shirt, stripe, sweater, sweater, sweater, sweater, sweater, sweater, sweater, sweater, sweater, sweater, sweater, sweater, sweater, sweater, sweater	arm, long sleeve shirt, long sleeve shirt, stripe, sweater, sweater, sweater, sweater, sweater, sweater, sweater, sweater, sweater, sweater, sweater, sweater, sweater, sweater, sweater	nan	sweater	0.789473684	0.789473684	0.09352877	0.09352877	0.923076923
22514	sweater/sweater_17s.jpg	sweater	sweater	sweater	t-shirt, shirt, t-shirt, sweater, t-shirt, shirt, sweater, t-shirt, t-shirt, shirt, sweater, sweater, shirt, sweater, sweater, clothes, shirt, sweater, sweater, t-shirt	2382, 8098, 5247, 11640, 28745, 13803, 6261, 3593, 2053, 3285, 4044 17798, 8204, 4062 6666, 10078 15370 3436, 5148, 1549,	20	8	8	sweater	0.4	0.4	0.4	18.0	t-shirt	sweater, sweater, sweater, sweater, sweater, sweater, sweater, sweater, sweater, sweater, sweater, sweater, sweater, sweater, sweater, sweater, sweater, yellow shirt	sweater, sweater, sweater, sweater, sweater, sweater, sweater, sweater, sweater, sweater, sweater, sweater, sweater, sweater, sweater, sweater, sweater, yellow shirt	watch	sweater	0.944444444	0.944444444	0.053990295	0.053990295	0.875
22505	sweater/sweater_08s.jpg	sweater	sweater	sweater	t-shirt, dress, sweater, t-shirt, sweater, shirt, t-shirt, sweater, t-shirt, sweater, jacket, sweater, t-shirt, sweater, polo shirt, t-shirt	2665, 4694, 6057, 5255, 4427, 4068, 2705 2511, 15886, 3454, 24027, 4624, 2550, 3609, 6569, 3282,	16	6	6	t-shirt	0.375	0.375	0.375	19.0	t-shirt	shirt, shirt, sweater, sweater, sweater, sweater, sweater, sweater, sweater, sweater, sweater, sweater, sweater, sweater, sweater, sweater, turtleneck, turtleneck shirt, women’s shirt	shirt, shirt, sweater, sweater, sweater, sweater, sweater, sweater, sweater, sweater, sweater, sweater, sweater, sweater, sweater, sweater, turtleneck, turtleneck shirt, women’s shirt	woman	sweater	0.736842105	0.736842105	0.101022618	0.101022618	0.804878049
22515	sweater/sweater_18s.jpg	sweater	sweater	sweater	dress, dress, shirt, t-shirt, t-shirt, t-shirt, sweater, t-shirt, sweater, sweater, dress, dress, sweater	3314, 14054, 3822, 7506, 8470, 2927, 15615, 3046, 4164, 4014 8120, 5605 4806,	13	4	4	dress	0.307692308	0.307692308	0.307692308	15.0	t-shirt	blouse, long sleeve shirt, sweater, sweater, sweater, sweater, sweater, sweater, sweater, sweater, sweater, sweater, sweater, sweater, sweater	blouse, long sleeve shirt, sweater, sweater, sweater, sweater, sweater, sweater, sweater, sweater, sweater, sweater, sweater, sweater, sweater	lady	sweater	0.866666667	0.866666667	0.087770745	0.087770745	0.8
22516	sweater/sweater_19s.jpg	sweater	sweater	sweater	sweater, sweater, t-shirt, t-shirt, shirt, sweater, shirt, dress, t-shirt, t-shirt, knife	2967, 3865, 2911, 2628, 25739, 38814, 9592 6318, 2427, 17220, 5473,	11	3	4	t-shirt	0.272727273	0.272727273	0.272727273	16.0	t-shirt	cloth, sweater, sweater, sweater, sweater, sweater, sweater, sweater, sweater, sweater, sweatshirt, sweatshirt, sweatshirt, sweatshirt, sweatshirt, sweatshirt	cloth, sweater, sweater, sweater, sweater, sweater, sweater, sweater, sweater, sweater, sweatshirt, sweatshirt, sweatshirt, sweatshirt, sweatshirt, sweatshirt	person	sweater	0.5625	0.5625	0.124019593	0.124019593	0.973684211
22916	tape/tape_04s.jpg	tape	tape	tape (adhesive tape)	tape (adhesive tape), tape (adhesive tape), tape (adhesive tape), tape (adhesive tape), tape (adhesive tape), tape (adhesive tape), tape (adhesive tape), tape (adhesive tape), tape (adhesive tape), tape (adhesive tape), tape (adhesive tape), tape (adhesive tape), tape (adhesive tape), tape (adhesive tape)	3044, 30218, 4779, 7438, 63136, 6518 5863 6696 10501, 30657, 4005, 21744, 268232, 4068,	14	14	14	tape (adhesive tape)	1.0	1.0	1.0	16.0	nan	tape, tape, tape, tape, tape, tape, tape, tape, tape, tape, tape, tape, tape, tape, tape, tape	tape, tape, tape, tape, tape, tape, tape, tape, tape, tape, tape, tape, tape, tape, tape, tape	wood	tape	1.0	1.0	0.0	0.0	0.8
22924	tape/tape_12s.jpg	tape	tape	tape (adhesive tape)	tape (adhesive tape), tape (adhesive tape), tape (adhesive tape), tape (adhesive tape), tape (adhesive tape), tape (adhesive tape), tape (adhesive tape), tape (adhesive tape), tapestry, tape (adhesive tape), tape (adhesive tape), tape (adhesive tape), tape (adhesive tape), tape (adhesive tape), tape (adhesive tape), tape (adhesive tape), tape (adhesive tape)	26232, 9466, 6447, 2976, 15939, 6791, 3988 4253, 3742, 3783, 4290, 8053 11522, 10158 5151, 4457, 7075,	17	16	16	tape (adhesive tape)	0.941176471	0.941176471	1.0	18.0	nan	tape, tape, tape, tape, tape, tape, tape, tape, tape, tape, tape, tape, tape, tape, tape, tape, tape, wood	tape, tape, tape, tape, tape, tape, tape, tape, tape, tape, tape, tape, tape, tape, tape, tape, tape, wood	plastic	tape	0.944444444	0.944444444	0.053990295	0.053990295	0.769230769
22920	tape/tape_08s.jpg	tape	tape	tape (adhesive tape)	tape (adhesive tape), tape (adhesive tape), tape (adhesive tape), tape (adhesive tape), tape (adhesive tape), tape recorder, tape (adhesive tape), tape (adhesive tape), tape (adhesive tape), tape (adhesive tape), tape (adhesive tape), tape (adhesive tape), tape (adhesive tape), tape (adhesive tape), tape (adhesive tape), tape (adhesive tape)	175014, 25907, 23494, 13017, 17059, 4657, 5017, 13215, 8750 11618, 5086 5149, 25769, 8141, 5156 4152,	16	15	15	tape (adhesive tape)	0.9375	0.9375	1.0	20.0	nan	tape, tape, tape, tape, tape, tape, tape, tape, tape, tape, tape, tape, tape, tape, tape, tape, tape, tape, tape, tape	tape, tape, tape, tape, tape, tape, tape, tape, tape, tape, tape, tape, tape, tape, tape, tape, tape, tape, tape, tape	nan	tape	1.0	1.0	0.0	0.0	0.731707317
22913	tape/tape_01b.jpg	tape	tape	tape (adhesive tape)	tape (adhesive tape), tape (adhesive tape), tape (adhesive tape), tape (adhesive tape), tape (adhesive tape), tape (adhesive tape), tape (adhesive tape), tape (adhesive tape), cello, tape (adhesive tape), tape (adhesive tape), tape (adhesive tape), tape (adhesive tape), tape (adhesive tape), tape (adhesive tape), tape (adhesive tape)	7651, 4446 7050, 31381, 5366, 13744 9018, 10774, 6264, 79868, 12301, 29869, 13616, 4932, 8714, 6313,	16	15	15	tape (adhesive tape)	0.9375	0.9375	0.9375	17.0	nan	tap, tape, tape, tape, tape, tape, tape, tape, tape, tape, tape, tape, tape, tape, tape, tape, tape	tap, tape, tape, tape, tape, tape, tape, tape, tape, tape, tape, tape, tape, tape, tape, tape, tape	box	tape	0.941176471	0.941176471	0.057067206	0.057067206	0.825
22919	tape/tape_07s.jpg	tape	tape	tape (adhesive tape)	tape (adhesive tape), tape (adhesive tape), tape (adhesive tape), tape (adhesive tape), tape recorder, tape (adhesive tape), tape (adhesive tape), tape (adhesive tape), tape (adhesive tape), tape (adhesive tape), tape (adhesive tape), tape (adhesive tape), tape (adhesive tape), tape (adhesive tape), tape (adhesive tape)	8220, 10172, 168248, 56209, 16548, 13438, 17065 91424, 4960, 78004, 15005, 11759, 6469, 8785, 4415,	15	14	14	tape (adhesive tape)	0.933333333	0.933333333	1.0	20.0	nan	tape, tape, tape, tape, tape, tape, tape, tape, tape, tape, tape, tape, tape, tape, tape, tape, tape, tape, tape, tape	tape, tape, tape, tape, tape, tape, tape, tape, tape, tape, tape, tape, tape, tape, tape, tape, tape, tape, tape, tape	nan	tape	1.0	1.0	0.0	0.0	0.829268293
22915	tape/tape_03s.jpg	tape	tape	tape (adhesive tape)	tape (adhesive tape), tape (adhesive tape), tape (adhesive tape), tape (adhesive tape), tapestry, tape (adhesive tape), tape (adhesive tape), tape (adhesive tape), tape (adhesive tape), tape (adhesive tape), tape (adhesive tape), tape (adhesive tape), tapestry, tape (adhesive tape), tape (adhesive tape), tape (adhesive tape)	102452, 2852, 5114, 5030, 11241 10767, 252400, 11271, 8294, 5279, 8894, 6332, 4679, 29943, 7454, 3862,	16	14	14	tape (adhesive tape)	0.875	0.875	1.0	20.0	nan	tape, tape, tape, tape, tape, tape, tape, tape, tape, tape, tape, tape, tape, tape, tape, tape, tape, tape, tape, tape	tape, tape, tape, tape, tape, tape, tape, tape, tape, tape, tape, tape, tape, tape, tape, tape, tape, tape, tape, tape	nan	tape	1.0	1.0	0.0	0.0	0.780487805
22917	tape/tape_05s.jpg	tape	tape	tape (adhesive tape)	tape recorder, tape (adhesive tape), tape (adhesive tape), tape (adhesive tape), tape (adhesive tape), tape (adhesive tape), tape (adhesive tape), tape (adhesive tape), tape measure, tape (adhesive tape), tape (adhesive tape), tape (adhesive tape), tape (adhesive tape), tape (adhesive tape)	6073, 20184, 16929, 7860, 11970 10794, 9733, 3325, 5817, 2971, 16565, 21452, 104222, 49945,	14	12	12	tape (adhesive tape)	0.857142857	0.857142857	1.0	16.0	nan	tape, tape, tape, tape, tape, tape, tape, tape, tape, tape, tape, tape, tape, tape, tape, tape	tape, tape, tape, tape, tape, tape, tape, tape, tape, tape, tape, tape, tape, tape, tape, tape	nan	tape	1.0	1.0	0.0	0.0	0.744186047
22914	tape/tape_02s.jpg	tape	tape	tape (adhesive tape)	tape (adhesive tape), tape (adhesive tape), tapestry, tape (adhesive tape), tape (adhesive tape), tape (adhesive tape), tape (adhesive tape), tape (adhesive tape), tape (adhesive tape), tape (adhesive tape), tape (adhesive tape), tape (adhesive tape), tape measure, tape (adhesive tape), tape (adhesive tape), duct tape, tape (adhesive tape)	34653, 6660, 3630, 4079, 8328, 25737, 16180, 23188, 7806, 38015, 5543, 8712, 10035, 5773, 4483 4060, 11189,	17	14	14	tape (adhesive tape)	0.823529412	0.823529412	1.0	19.0	nan	tape, tape, tape, tape, tape, tape, tape, tape, tape, tape, tape, tape, tape, tape, tape, tape, tape, tape, tape	tape, tape, tape, tape, tape, tape, tape, tape, tape, tape, tape, tape, tape, tape, tape, tape, tape, tape, tape	thumb	tape	1.0	1.0	0.0	0.0	0.875
22918	tape/tape_06s.jpg	tape	tape	tape (adhesive tape)	tape (adhesive tape), tape (adhesive tape), tapestry, tape (adhesive tape), tape (adhesive tape), tape (adhesive tape), duct tape, tape (adhesive tape), tape (adhesive tape), tape (adhesive tape), cash machine, tape (adhesive tape), tape (adhesive tape), staple gun, tape (adhesive tape), tape (adhesive tape), tape (adhesive tape)	17001, 25646, 3663, 7566, 23455, 68989, 5293, 4341, 14377, 29644, 51022, 9635, 45374, 13970, 4350, 3015, 14978,	17	13	13	tape (adhesive tape)	0.764705882	0.764705882	0.882352941	17.0	nan	tape, tape, tape, tape, tape, tape, tape, tape, tape, tape, tape, tape, tape, tape, tape, tape, tape	tape, tape, tape, tape, tape, tape, tape, tape, tape, tape, tape, tape, tape, tape, tape, tape, tape	nan	tape	1.0	1.0	0.0	0.0	0.846153846
22922	tape/tape_10s.jpg	tape	tape	tape (adhesive tape)	duct tape, duct tape, tape (adhesive tape), tape (adhesive tape), tape (adhesive tape), tape (adhesive tape), tape (adhesive tape), tape (adhesive tape), duct tape, tape (adhesive tape), cello, tape (adhesive tape), tape (adhesive tape), tape (adhesive tape), tape (adhesive tape), tape (adhesive tape), tape (adhesive tape), duct tape, duct tape, tape (adhesive tape), tape (adhesive tape)	2677, 3312, 17406, 32640, 8927, 9594, 5324, 6168, 4442, 10105, 13614, 19974, 17472, 7550, 30061, 6797, 15965, 4269, 4212, 6953, 4272,	21	15	15	tape (adhesive tape)	0.714285714	0.714285714	0.952380952	16.0	nan	tape, tape, tape, tape, tape, tape, tape, tape, tape, tape, tape, tape, tape, tape, tape, tape	tape, tape, tape, tape, tape, tape, tape, tape, tape, tape, tape, tape, tape, tape, tape, tape	hands	tape	1.0	1.0	0.0	0.0	0.875
22923	tape/tape_11s.jpg	tape	tape	tape (adhesive tape)	tape (adhesive tape), tape (adhesive tape), tape (adhesive tape), tape (adhesive tape), tapestry, duct tape, tape (adhesive tape), duct tape, duct tape, tape (adhesive tape), tape (adhesive tape), tape (adhesive tape), tape (adhesive tape)	6635, 3496, 3267 5869, 7755, 4190, 8459, 27690, 3912, 10479, 54998, 19661, 398162,	13	9	9	tape (adhesive tape)	0.692307692	0.692307692	1.0	19.0	nan	tape, tape, tape, tape, tape, tape, tape, tape, tape, tape, tape, tape, tape, tape, tape, tape, tape, tape, tape	tape, tape, tape, tape, tape, tape, tape, tape, tape, tape, tape, tape, tape, tape, tape, tape, tape, tape, tape	cable	tape	1.0	1.0	0.0	0.0	0.7
22921	tape/tape_09s.jpg	tape	tape	tape (adhesive tape)	duct tape, tape (adhesive tape), tape (adhesive tape), tape (adhesive tape), tape (adhesive tape), tape (adhesive tape), tape (adhesive tape), cello, tape (adhesive tape), cello, tape (adhesive tape), tab (pull tab), duct tape, tape (adhesive tape), tape (adhesive tape)	7468, 8356 15783, 22858, 2654, 3755 5701, 4108 5253, 2953, 5183, 5566, 4815, 3166, 6555,	15	10	10	tape (adhesive tape)	0.666666667	0.666666667	0.8	18.0	nan	tape, tape, tape, tape, tape, tape, tape, tape, tape, tape, tape, tape, tape, tape, tape, tape, tape, tape	tape, tape, tape, tape, tape, tape, tape, tape, tape, tape, tape, tape, tape, tape, tape, tape, tape, tape	nan	tape	1.0	1.0	0.0	0.0	0.769230769
22925	tape/tape_13s.jpg	tape	tape	tape (adhesive tape)	cello, tape (adhesive tape), tape (adhesive tape), tape (adhesive tape), tape (adhesive tape), tape measure, tape (adhesive tape), tape (adhesive tape), duct tape, tape (adhesive tape), duct tape, duct tape, tape (adhesive tape), tape (adhesive tape), tape (adhesive tape)	5737, 14401, 7250, 13744, 5136, 4480, 5540, 43709, 5433, 4844, 9809, 23918, 4837, 3031, 6280,	15	10	10	tape (adhesive tape)	0.666666667	0.666666667	0.933333333	18.0	nan	tape, tape, tape, tape, tape, tape, tape, tape, tape, tape, tape, tape, tape, tape, tape, tape, tape, tpe	tape, tape, tape, tape, tape, tape, tape, tape, tape, tape, tape, tape, tape, tape, tape, tape, tape, tpe	nan	tape	0.944444444	0.944444444	0.053990295	0.053990295	0.804878049
27729	tape.jpg	tape	tape	tape (adhesive tape)	tape (adhesive tape), tape (adhesive tape), tapestry, tapestry, duct tape, sticker, tape measure, tape (adhesive tape), silicone, tape (adhesive tape), tape (adhesive tape), duct tape, gum, tape (adhesive tape)	11790 9472, 5112, 3583 6588, 114865, 38468, 18139 27840 31642, 3653, 7705, 66871, 5221,	14	6	6	tape (adhesive tape)	0.428571429	0.428571429	0.785714286	nan	nan	nan	nan	nan	nan	nan	nan	nan	nan	nan
23969	train/train_03s.jpg	train	train	train	train, train, train, train, train, train, train, train, train, train, train, train, train, train, train, train, train	3685, 4862 35458, 3486, 4116, 7397, 3964, 4022, 4069, 9814, 9738, 10964, 12738 4022, 2962, 3200, 5219	17	17	17	train	1.0	1.0	1.0	20.0	nan	train, train, train, train, train, train, train, train, train, train, train, train, train, train, train, train, train, train, train, train	train, train, train, train, train, train, train, train, train, train, train, train, train, train, train, train, train, train, train, train	mountain	train	1.0	1.0	0.0	0.0	0.880952381
23970	train/train_04s.jpg	train	train	train	train, train, train, train, train, train, train, train, train, train, train, train, train, train, train, train, train	5350, 3078, 11647, 4491, 4623, 3039, 2756, 6074, 5406, 4008, 5153, 8892, 8497, 5040 5522, 2924, 3120	17	17	17	train	1.0	1.0	1.0	19.0	nan	train, train, train, train, train, train, train, train, train, train, train, train, train, train, train, train, train, train, train	train, train, train, train, train, train, train, train, train, train, train, train, train, train, train, train, train, train, train	mountain	train	1.0	1.0	0.0	0.0	0.707317073
23976	train/train_10n.jpg	train	train	train	train, train, train, train, train, train, train, train, train, train, train, train, train, train, train, train	20168, 5353, 4791, 6536, 7135, 5632, 6804, 8209, 5857, 5708, 51499, 6135, 9497, 11811, 3964, 3434,	16	16	16	train	1.0	1.0	1.0	17.0	nan	train, train, train, train, train, train, train, train, train, train, train, train, train, train, train, train, train	train, train, train, train, train, train, train, train, train, train, train, train, train, train, train, train, train	platform	train	1.0	1.0	0.0	0.0	0.769230769
23968	train/train_02s.jpg	train	train	train	train, train, train, train, train, train, train, train, train, train, train, train, train, train	2765, 3055, 6352, 4057, 5296, 5961, 3220, 4608, 6384, 4261, 3394, 5431, 36687 8573,	14	14	14	train	1.0	1.0	1.0	19.0	nan	train, train, train, train, train, train, train, train, train, train, train, train, train, train, train, train, train, train, train	train, train, train, train, train, train, train, train, train, train, train, train, train, train, train, train, train, train, train	railroad tracks	train	1.0	1.0	0.0	0.0	0.857142857
23971	train/train_05s.jpg	train	train	train	train, train, train, train, train, train, train, train, train, train, train, train, train, train, train	4515, 2332, 23816, 5444, 19850, 4358 3573, 14253 4023, 4854, 6235, 3982, 2957, 2823, 5365	15	15	15	train	1.0	1.0	1.0	19.0	nan	engine, g, train, train, train, train, train, train, train, train, train, train, train, train, train, train, train, train, train	engine, g, train, train, train, train, train, train, train, train, train, train, train, train, train, train, train, train, train	man	train	0.894736842	0.894736842	0.0704059	0.0704059	0.738095238
23977	train/train_11n.jpg	train	train	train	train, train, train, train, train, train, train, train, train, train, train, train, train, train, train, train	3103, 4659, 6725, 7329, 4759, 5614, 4714, 4990, 2947, 15516, 5574, 10483, 2608, 3323, 2433, 2390,	16	16	16	train	1.0	1.0	1.0	16.0	nan	current, diesel engine, train, train, train, train, train, train, train, train, train, train, train, train, train, train	current, diesel engine, train, train, train, train, train, train, train, train, train, train, train, train, train, train	train	train	0.875	0.875	0.082679728	0.082679728	0.725
27805	train.jpg	train	train	train	train, train, train, train, train, train, train, train, train, train, train, train, train, train, train	3765, 5551, 8842, 4694, 4066, 11258, 8709, 6143, 3536, 2621, 6551, 6978, 8060, 5945, 4640,	15	15	15	train	1.0	1.0	1.0	nan	nan	nan	nan	nan	nan	nan	nan	nan	nan	nan
23974	train/train_08s.jpg	train	train	train	train, train, train, train, train, train, train, train, train, train, train, train, train, train, train, train, trailer, train, train	2859, 2926, 28794, 6273 5480, 4854, 6099, 2414, 3531, 75331, 12974, 6276, 3774, 5765, 4205, 4590, 2126, 5881, 2428,	19	18	18	train	0.947368421	0.947368421	0.947368421	19.0	nan	floral skirt, train, train, train, train, train, train, train, train, train, train, train, train, train, train, train, train, train, train	floral skirt, train, train, train, train, train, train, train, train, train, train, train, train, train, train, train, train, train, train	fence	train	0.947368421	0.947368421	0.051227817	0.051227817	0.674418605
23975	train/train_09s.jpg	train	train	train	train, train, train, wagon, train, train, train, train, train, train, train, train, train, train, train, train, train, train	4306, 2848, 4851, 6259, 8163, 65153, 5642 2251, 8066, 5432, 3663, 4648, 4700, 4132, 4195, 13254, 3003, 5186,	18	17	17	train	0.944444444	0.944444444	0.944444444	18.0	nan	locomotive, train, train, train, train, train, train, train, train, train, train, train, train, train, train, train, train, train	locomotive, train, train, train, train, train, train, train, train, train, train, train, train, train, train, train, train, train	tracks	train	0.944444444	0.944444444	0.053990295	0.053990295	0.87804878
23978	train/train_12n.jpg	train	train	train	train, truck, train, train, train, train, train, train, train, train, train, train, train, train	18066, 5988, 3413, 6853, 2366, 3452, 8078 4946, 3950, 6947, 4881, 11157, 5400, 4812	14	13	13	train	0.928571429	0.928571429	0.928571429	19.0	nan	train, train, train, train, train, train, train, train, train, train, train, train, train, train, train, train, train, train, train	train, train, train, train, train, train, train, train, train, train, train, train, train, train, train, train, train, train, train	sky	train	1.0	1.0	0.0	0.0	0.75
23967	train/train_01b.jpg	train	train	train	train, train, train, train, train, train, train, train, engine, train, train, train, train	6511, 2548, 6853, 58670, 2858, 3253, 6453, 4616, 5347, 6504, 5671, 15773, 4910,	13	12	12	train	0.923076923	0.923076923	0.923076923	19.0	nan	locomotive, locomotive, train, train, train, train, train, train, train, train, train, train, train, train, train, train, train, train, train	locomotive, locomotive, train, train, train, train, train, train, train, train, train, train, train, train, train, train, train, train, train	train tracks	train	0.894736842	0.894736842	0.0704059	0.0704059	0.875
23973	train/train_07s.jpg	train	train	train	train, train, train, train, train, train, train, train, train, train, engine, train	17872, 5534, 3739, 3037, 7541, 6130, 3037 24239, 5133, 19223, 5039 13930,	12	11	11	train	0.916666667	0.916666667	0.916666667	18.0	nan	train, train, train, train, train, train, train, train, train, train, train, train, train, train, train, train, train, train	train, train, train, train, train, train, train, train, train, train, train, train, train, train, train, train, train, train	train tracks	train	1.0	1.0	0.0	0.0	0.871794872
23972	train/train_06s.jpg	train	train	train	train, train, train, train, train, train, train, train, engine, train, train, train, engine	3181, 3342, 2904, 4370, 4046 5143, 5332, 3740, 4941, 5439, 3950, 4296, 7109,	13	11	11	train	0.846153846	0.846153846	0.846153846	18.0	nan	locomotive, locomotive, train, train, train, train, train, train, train, train, train, train, train, train, train, train, train, train	locomotive, locomotive, train, train, train, train, train, train, train, train, train, train, train, train, train, train, train, train	trees	train	0.888888889	0.888888889	0.074074074	0.074074074	0.9
24105	tree/tree_05s.jpg	tree	tree	tree	tree, tree, tree, tree, tree, tree, tree, tree, tree, tree, tree, tree, tree, tree, tree, tree, tree, tree, tree	6240, 8272, 7118 6109, 4873 5651, 2829, 3318, 5191, 5492, 4050, 7365 12499, 14369, 7636, 1875, 7468, 3201, 4408,	19	19	19	tree	1.0	1.0	1.0	18.0	nan	tree, tree, tree, tree, tree, tree, tree, tree, tree, tree, tree, tree, tree, tree, tree, tree, tree, tree	tree, tree, tree, tree, tree, tree, tree, tree, tree, tree, tree, tree, tree, tree, tree, tree, tree, tree	rocks	tree	1.0	1.0	0.0	0.0	0.55
24109	tree/tree_09s.jpg	tree	tree	tree	tree, tree, tree, tree, tree, tree, tree, tree, tree, tree, tree, tree, tree, tree, tree, tree, tree, tree	9481, 4350, 14802, 3032, 2706, 3145, 5802, 2453, 4734, 19231, 6459, 5982, 2762 2923 11394, 3095, 4827, 5612,	18	18	18	tree	1.0	1.0	1.0	20.0	nan	tree, tree, tree, tree, tree, tree, tree, tree, tree, tree, tree, tree, tree, tree, tree, tree, tree, tree, tree, tree	tree, tree, tree, tree, tree, tree, tree, tree, tree, tree, tree, tree, tree, tree, tree, tree, tree, tree, tree, tree	house	tree	1.0	1.0	0.0	0.0	0.775
24108	tree/tree_08s.jpg	tree	tree	tree	tree, tree, tree, tree, tree, tree, tree, tree, tree, tree, tree, tree, tree, tree, tree, tree, tree, tree	5548, 7282 8464, 5959, 7216, 21285, 54510, 4233, 4376, 27375, 4127, 10396, 6557, 4117, 139187, 9478, 4316, 5063,	18	18	18	tree	1.0	1.0	1.0	19.0	nan	tree, tree, tree, tree, tree, tree, tree, tree, tree, tree, tree, tree, tree, tree, tree, tree, tree, tree, tree	tree, tree, tree, tree, tree, tree, tree, tree, tree, tree, tree, tree, tree, tree, tree, tree, tree, tree, tree	grass	tree	1.0	1.0	0.0	0.0	0.658536585
24101	tree/tree_01b.jpg	tree	tree	tree	tree, tree, tree, tree, tree, tree, tree, tree, tree, tree, tree, tree, tree, tree, tree, tree, tree	5526, 7258, 3152, 3473, 3979, 5082, 3892, 3301, 3167, 5724, 3776, 5897, 4726, 5566, 4456, 2401, 5889,	17	17	17	tree	1.0	1.0	1.0	19.0	nan	tree, tree, tree, tree, tree, tree, tree, tree, tree, tree, tree, tree, tree, tree, tree, tree, tree, tree, tree	tree, tree, tree, tree, tree, tree, tree, tree, tree, tree, tree, tree, tree, tree, tree, tree, tree, tree, tree	grass	tree	1.0	1.0	0.0	0.0	0.58974359
24102	tree/tree_02s.jpg	tree	tree	tree	tree, tree, tree, tree, tree, tree, tree, tree, tree, tree, tree, tree, tree, tree, tree, tree, tree	6037, 4102, 2812, 2742, 9483, 6812, 3382, 5384 2813, 5235, 5216, 4142, 3909, 3966, 3859, 2858 5282,	17	17	17	tree	1.0	1.0	1.0	19.0	nan	tree, tree, tree, tree, tree, tree, tree, tree, tree, tree, tree, tree, tree, tree, tree, tree, tree, tree, tree	tree, tree, tree, tree, tree, tree, tree, tree, tree, tree, tree, tree, tree, tree, tree, tree, tree, tree, tree	grass	tree	1.0	1.0	0.0	0.0	0.804878049
24110	tree/tree_10s.jpg	tree	tree	tree	tree, tree, tree, tree, tree, tree, tree, tree, tree, tree, tree, tree, tree, tree, tree, tree, tree	3230, 4940, 4454, 5903, 3703, 5795, 4295, 3555, 180679, 27349, 4037, 11525, 3997 3739, 36065, 2301 3760,	17	17	17	tree	1.0	1.0	1.0	19.0	nan	tree, tree, tree, tree, tree, tree, tree, tree, tree, tree, tree, tree, tree, tree, tree, tree, tree, tree, tree	tree, tree, tree, tree, tree, tree, tree, tree, tree, tree, tree, tree, tree, tree, tree, tree, tree, tree, tree	sky	tree	1.0	1.0	0.0	0.0	0.55
24111	tree/tree_11s.jpg	tree	tree	tree	tree, tree, tree, tree, tree, tree, tree, tree, tree, tree, tree, tree, tree, tree, tree, tree, tree	7772, 14272, 3996, 5557, 3608, 4613 10642, 5382, 5469, 8843 6792, 2902, 6154, 13553, 5638, 3254, 139046,	17	17	17	tree	1.0	1.0	1.0	17.0	nan	tree, tree, tree, tree, tree, tree, tree, tree, tree, tree, tree, tree, tree, tree, tree, tree, tree	tree, tree, tree, tree, tree, tree, tree, tree, tree, tree, tree, tree, tree, tree, tree, tree, tree	shade	tree	1.0	1.0	0.0	0.0	0.775
24104	tree/tree_04s.jpg	tree	tree	tree	tree, tree, tree, tree, tree, tree, tree, tree, tree, tree, tree, tree, tree, tree, tree	15051, 4591 232753, 4971, 4053, 3044, 9069 8275, 13637, 3834, 20363, 2470, 2803 10943, 5668,	15	15	15	tree	1.0	1.0	1.0	18.0	nan	tree, tree, tree, tree, tree, tree, tree, tree, tree, tree, tree, tree, tree, tree, tree, tree, tree, tree	tree, tree, tree, tree, tree, tree, tree, tree, tree, tree, tree, tree, tree, tree, tree, tree, tree, tree	grass	tree	1.0	1.0	0.0	0.0	0.837209302
24106	tree/tree_06s.jpg	tree	tree	tree	tree, tree, tree, tree, tree, tree, tree, tree, tree, tree, tree, tree, tree, tree, tree, tree	5962, 3590, 9238, 4162, 3414, 2807, 21176, 4347, 5144 5625, 69777 5588, 4015, 3094, 5860, 3262,	16	16	16	tree	1.0	1.0	1.0	15.0	nan	meadow, tree, tree, tree, tree, tree, tree, tree, tree, tree, tree, tree, tree, tree, tree	meadow, tree, tree, tree, tree, tree, tree, tree, tree, tree, tree, tree, tree, tree, tree	meadow	tree	0.933333333	0.933333333	0.064406119	0.064406119	0.804878049
24103	tree/tree_03s.jpg	tree	tree	tree	tree, tree, tree, tree, tree, tree, tree, tree, tree, tree, tree, tree, tree, tree, tree, tree, tree	3867, 1911, 5122, 2505 3357, 4387, 7671, 7510, 2155, 4799, 22454, 15184, 7906, 12103, 2008, 2588, 1859,	17	17	17	tree	1.0	1.0	1.0	19.0	nan	bench, bench, park, park, park, park, tree, tree, tree, tree, tree, tree, tree, tree, tree, tree, tree, tree, tree	bench, bench, park, park, park, park, tree, tree, tree, tree, tree, tree, tree, tree, tree, tree, tree, tree, tree	bench	tree	0.684210526	0.684210526	0.106639205	0.106639205	0.547619048
27815	tree.jpg	tree	tree	tree	tree, tree, tree, tree, tree, tree, tree, tree, tree, tree, tree	5306, 3779, 3256 2518, 5709, 2955, 4797, 2789, 2967 2327, 3157,	11	11	11	tree	1.0	1.0	1.0	nan	nan	nan	nan	nan	nan	nan	nan	nan	nan	nan
24112	tree/tree_12s.jpg	tree	tree	tree	tree, tree, tree, palm tree, tree, tree, tree, tree, tree, tree, tree, tree, tree, tree, tree, tree, tree, tree, tree	2995 3542, 2929, 9170, 2791, 3291, 8072, 4478, 7558, 4302 4101 7904, 4440, 10834, 5578, 3475, 3241, 7280, 3750,	19	18	18	tree	0.947368421	0.947368421	1.0	15.0	nan	tree, tree, tree, tree, tree, tree, tree, tree, tree, tree, tree, tree, tree, tree, tree	tree, tree, tree, tree, tree, tree, tree, tree, tree, tree, tree, tree, tree, tree, tree	leaf	tree	1.0	1.0	0.0	0.0	0.780487805
24107	tree/tree_07s.jpg	tree	tree	tree	tree, tree, tree, tree, tree, tree, tree, branch (tree), tree, tree, tree, tree, tree, tree trunk	4270, 3030, 15660 3999, 3672, 3429, 3190, 7157 39125 4726, 5693, 5939, 4537, 4870	14	12	12	tree	0.857142857	0.857142857	1.0	17.0	nan	tree, tree, tree, tree, tree, tree, tree, tree, tree, tree, tree, tree, tree, tree, tree, tree, tree	tree, tree, tree, tree, tree, tree, tree, tree, tree, tree, tree, tree, tree, tree, tree, tree, tree	branches	tree	1.0	1.0	0.0	0.0	0.571428571
24261	truck/truck_03s.jpg	truck	truck	truck	truck, truck, truck, truck, truck, truck, truck, truck, truck, truck, truck, tank (vehicle), truck, truck, truck, truck, truck	64024, 7035, 3420, 9100, 2281, 3764, 5951, 9424, 3069, 2454, 4873, 6343, 5952, 3751, 10008, 4566, 11081,	17	16	16	truck	0.941176471	0.941176471	0.941176471	19.0	nan	18-wheeler, lorry, rig, semi, semi, tractor trailer, truck, truck, truck, truck, truck, truck, truck, truck, truck, truck, truck, truck, truck	18-wheeler, lorry, rig, semi, semi, tractor trailer, truck, truck, truck, truck, truck, truck, truck, truck, truck, truck, truck, truck, truck	wheel	truck	0.684210526	0.684210526	0.106639205	0.106639205	0.825
24266	truck/truck_08s.jpg	truck	truck	truck	truck, tractor, truck, truck, truck, truck, truck, truck, truck, truck, truck, truck, truck, truck, truck	4206 24220, 5535, 3977, 6708, 3817, 2378, 4821, 12709, 4497, 8390, 3346, 24937, 7339, 4697,	15	14	14	truck	0.933333333	0.933333333	0.933333333	18.0	nan	semi, trailer, truck, truck, truck, truck, truck, truck, truck, truck, truck, truck, truck, truck, truck, truck, truck, truck	semi, trailer, truck, truck, truck, truck, truck, truck, truck, truck, truck, truck, truck, truck, truck, truck, truck, truck	road	truck	0.888888889	0.888888889	0.074074074	0.074074074	0.590909091
24260	truck/truck_02s.jpg	truck	truck	truck	truck, tank (vehicle), truck, truck, truck, truck, truck, truck, truck, truck, truck, truck, truck	4884, 154984 4925, 15155, 70244, 20615, 2584, 14131, 4744, 13245, 3131, 4057, 2143,	13	12	12	truck	0.923076923	0.923076923	0.923076923	19.0	nan	big rig, semi, tractor trailer, tractor trailer, tractor trailer, truck, truck, truck, truck, truck, truck, truck, truck, truck, truck, truck, truck, truck, truck	big rig, semi, tractor trailer, tractor trailer, tractor trailer, truck, truck, truck, truck, truck, truck, truck, truck, truck, truck, truck, truck, truck, truck	sky	truck	0.736842105	0.736842105	0.101022618	0.101022618	0.769230769
24262	truck/truck_04n.jpg	truck	truck	truck	truck, truck, truck, van, truck, truck, truck, truck, truck, truck, truck, truck	5422, 2655, 63572, 3821, 9533, 2841, 34995, 4952, 5558, 4178, 22161 11571,	12	11	11	truck	0.916666667	0.916666667	0.916666667	18.0	nan	truck, truck, truck, truck, truck, truck, truck, truck, truck, truck, truck, truck, truck, truck, truck, truck, truck, turck	truck, truck, truck, truck, truck, truck, truck, truck, truck, truck, truck, truck, truck, truck, truck, truck, truck, turck	truck	truck	0.944444444	0.944444444	0.053990295	0.053990295	0.904761905
24269	truck/truck_11s.jpg	truck	truck	truck	truck, container, truck, truck, truck, truck, truck, truck, van, truck, truck, truck	5129 6021, 4257, 23762, 14311, 6534, 11139, 5643, 6580, 4646, 47214, 5515,	12	10	10	truck	0.833333333	0.833333333	0.833333333	17.0	nan	lorrie, lorry, semi, tractor trailer, truck, truck, truck, truck, truck, truck, truck, truck, truck, truck, truck, truck, truck	lorrie, lorry, semi, tractor trailer, truck, truck, truck, truck, truck, truck, truck, truck, truck, truck, truck, truck, truck	nan	truck	0.764705882	0.764705882	0.102879368	0.102879368	0.80952381
24259	truck/truck_01b.jpg	truck	truck	truck	truck, truck, truck, truck, truck, sidecar (vehicle carriage), truck, truck, truck, truck, van, truck, truck, truck, truck, truck, trunk (luggage), truck	19271, 3358, 34285, 19610, 3645, 18942, 3442, 3843, 4867, 70833, 4607, 10348 10874, 4764, 2385, 18574, 8210, 23044,	18	15	15	truck	0.833333333	0.833333333	0.833333333	18.0	nan	semi, tractor trailer, tractor trailer, tractor trailer, trailer trunk, truck, truck, truck, truck, truck, truck, truck, truck, truck, truck, truck, truck, truck	semi, tractor trailer, tractor trailer, tractor trailer, trailer trunk, truck, truck, truck, truck, truck, truck, truck, truck, truck, truck, truck, truck, truck	sky	truck	0.722222222	0.722222222	0.105571799	0.105571799	0.785714286
24270	truck/truck_12s.jpg	truck	truck	truck	truck, truck, tractor, truck, truck, van, truck, truck, truck, truck	5028, 7351, 7406 1924, 82358, 3554 8981, 2751 5881, 6111,	10	8	8	truck	0.8	0.8	0.8	17.0	nan	semi, semi, tractor trailer, truck, truck, truck, truck, truck, truck, truck, truck, truck, truck, truck, truck, truck, truck	semi, semi, tractor trailer, truck, truck, truck, truck, truck, truck, truck, truck, truck, truck, truck, truck, truck, truck	wheels	truck	0.823529412	0.823529412	0.092459441	0.092459441	0.820512821
24268	truck/truck_10s.jpg	truck	truck	truck	truck, truck, truck, truck, van, truck, truck, truck, frisbee, truck, truck, truck, truck, turkey, truck	2844, 6338, 79060, 3745, 36749, 71297, 7298, 14888, 55745, 8518, 14452, 71349, 1673, 11145, 7104,	15	12	12	truck	0.8	0.8	0.8	18.0	nan	18 wheeler, rig, semi, semi, tractor trailer, tractor trailer, truck, truck, truck, truck, truck, truck, truck, truck, truck, truck, truck, truck	18 wheeler, rig, semi, semi, tractor trailer, tractor trailer, truck, truck, truck, truck, truck, truck, truck, truck, truck, truck, truck, truck	road	truck	0.666666667	0.666666667	0.111111111	0.111111111	0.738095238
24264	truck/truck_06s.jpg	truck	truck	truck	truck, truck, container, truck, truck, truck, container, truck, truck, van, truck, truck, truck, truck	22175, 4851, 8396, 34351, 15704, 8378, 13279, 11164, 9938, 8941, 8911, 2336, 2054 3037,	14	11	11	truck	0.785714286	0.785714286	0.785714286	18.0	nan	18 wheeler, semi, semi, semi, semi, semi, truck, truck, truck, truck, truck, truck, truck, truck, truck, truck, truck, truck	18 wheeler, semi, semi, semi, semi, semi, truck, truck, truck, truck, truck, truck, truck, truck, truck, truck, truck, truck	nan	truck	0.666666667	0.666666667	0.111111111	0.111111111	0.75
27827	truck.jpg	truck	truck	truck	van, truck, truck, apple tree, truck, truck, truck, truck, truck, truck, truck, truck, tuba	11555, 22606, 28756, 55331, 11034 4695, 13604, 1941, 4950, 5383, 5922, 6652, 3043,	13	10	10	truck	0.769230769	0.769230769	0.769230769	nan	nan	nan	nan	nan	nan	nan	nan	nan	nan	nan
24263	truck/truck_05s.jpg	truck	truck	truck	truck, van, van, truck, truck, truck, truck, truck, truck, truck, truck, truck, truck, trampoline, truck, container, truck	123442, 36286, 18235, 42997 4567, 17740, 55979 3674, 2932, 6055, 26345, 4126, 3231, 200790, 3226 3446, 3661,	17	13	13	truck	0.764705882	0.764705882	0.764705882	17.0	nan	semi, tractor trailer, tractor trailer, tractor trailer, truck, truck, truck, truck, truck, truck, truck, truck, truck, truck, truck, truck, truck	semi, tractor trailer, tractor trailer, tractor trailer, truck, truck, truck, truck, truck, truck, truck, truck, truck, truck, truck, truck, truck	road	truck	0.764705882	0.764705882	0.102879368	0.102879368	0.659090909
24267	truck/truck_09n.jpg	truck	truck	truck	truck, gravel, truck, trunk (luggage), trunk (luggage), trunk (luggage), bus, truck, truck, truck, truck	32693 25383, 18453, 54759, 12183, 10258, 5496, 25808, 3052, 74425, 2942,	11	6	6	truck	0.545454545	0.545454545	0.545454545	20.0	nan	semi, tractor trailer, truck, truck, truck, truck, truck, truck, truck, truck, truck, truck, truck, truck, truck, truck, truck, truck, truck, truck	semi, tractor trailer, truck, truck, truck, truck, truck, truck, truck, truck, truck, truck, truck, truck, truck, truck, truck, truck, truck, truck	house	truck	0.9	0.9	0.067082039	0.067082039	0.75
24265	truck/truck_07s.jpg	truck	truck	truck	tank (vehicle), truck, truck, truck, tank (vehicle), container, cement mixer, trailer, tank (vehicle), garbage truck, truck, tank (storage), trailer	11933, 8771, 4736, 7157, 7016, 55881, 12850, 26967, 5952, 15957, 24598, 12746, 19592,	13	4	4	truck	0.307692308	0.307692308	0.384615385	18.0	nan	18 wheeler, semi trailer, tanker, tanker, tanker, tanker trailer, trailer, trailer, truck, truck, truck, truck, truck, truck, truck, truck, truck, truck	18 wheeler, semi trailer, tanker, tanker, tanker, tanker trailer, trailer, trailer, truck, truck, truck, truck, truck, truck, truck, truck, truck, truck	truck	truck	0.555555556	0.555555556	0.117121395	0.117121395	0.58974359
24673	vacuum/vacuum_03s.jpg	vacuum	vacuum	vacuum	vacuum, vacuum, vacuum, vacuum, vacuum, vacuum, vacuum, vacuum, vacuum, vacuum, vacuum, vacuum, vacuum, vacuum, vacuum	18545, 13050, 4107, 6801, 2571, 18990 3908, 11071 9805, 4129, 3836, 5690, 3530, 14065, 2956,	15	15	15	vacuum	1.0	1.0	1.0	18.0	nan	vacuum, vacuum, vacuum, vacuum, vacuum, vacuum, vacuum, vacuum, vacuum, vacuum, vacuum, vacuum, vacuum, vacuum, vacuum, vacuum, vacuum, vacuum	vacuum, vacuum, vacuum, vacuum, vacuum, vacuum, vacuum, vacuum, vacuum, vacuum, vacuum, vacuum, vacuum, vacuum, vacuum, vacuum, vacuum, vacuum	person	vacuum	1.0	1.0	0.0	0.0	0.743589744
24674	vacuum/vacuum_04s.jpg	vacuum	vacuum	vacuum	vacuum, vacuum, vacuum, vacuum, vacuum, vacuum, vacuum, vacuum, vacuum	3706, 3234, 3534, 6909, 3911, 2958, 2128, 8894, 4795,	9	9	9	vacuum	1.0	1.0	1.0	18.0	nan	cleaner, vacuum, vacuum, vacuum, vacuum, vacuum, vacuum, vacuum, vacuum, vacuum, vacuum, vacuum, vacuum, vacuum, vacuum, vacuum, vacuum, vacuum	cleaner, vacuum, vacuum, vacuum, vacuum, vacuum, vacuum, vacuum, vacuum, vacuum, vacuum, vacuum, vacuum, vacuum, vacuum, vacuum, vacuum, vacuum	person	vacuum	0.944444444	0.944444444	0.053990295	0.053990295	0.756756757
24679	vacuum/vacuum_09s.jpg	vacuum	vacuum	vacuum	vacuum, vacuum, vacuum, vacuum, vacuum, vacuum, vacuum, vacuum, vacuum, vacuum, vacuum, vacuum, vacuum, vacuum, vacuum, vacuum	15751, 4619, 3140, 4691, 5212, 31802, 5763, 6534, 8296, 112320, 84654, 41321 3932, 2938, 3710, 31729,	16	16	16	vacuum	1.0	1.0	1.0	17.0	nan	hole cutter, vacuum, vacuum, vacuum, vacuum, vacuum, vacuum, vacuum, vacuum, vacuum, vacuum, vacuum, vacuum, vacuum, vacuum, vacuum, vacuum	hole cutter, vacuum, vacuum, vacuum, vacuum, vacuum, vacuum, vacuum, vacuum, vacuum, vacuum, vacuum, vacuum, vacuum, vacuum, vacuum, vacuum	rug	vacuum	0.941176471	0.941176471	0.057067206	0.057067206	0.775
24671	vacuum/vacuum_01s.jpg	vacuum	vacuum	vacuum	vacuum, vacuum, vacuum, vacuum, vacuum, vacuum, vacuum, mop, vacuum, vacuum, vacuum, vacuum, vacuum, vacuum	7213, 2919, 35965, 2975, 4766, 5697, 2860, 10199, 8108, 7332, 2813, 3900, 3032, 3100,	14	13	13	vacuum	0.928571429	0.928571429	0.928571429	17.0	nan	vacuum, vacuum, vacuum, vacuum, vacuum, vacuum, vacuum, vacuum, vacuum, vacuum, vacuum, vacuum, vacuum, vacuum, vacuum, vacuum, vacuum	vacuum, vacuum, vacuum, vacuum, vacuum, vacuum, vacuum, vacuum, vacuum, vacuum, vacuum, vacuum, vacuum, vacuum, vacuum, vacuum, vacuum	rug	vacuum	1.0	1.0	0.0	0.0	0.8
24675	vacuum/vacuum_05s.jpg	vacuum	vacuum	vacuum	vacuum, vacuum, vacuum, vacuum, vacuum, vacuum, vacuum, blower, vacuum, vacuum, vacuum, vacuum	2745, 3198, 3034, 2825, 109512, 37612, 2746, 7559, 3518, 14365, 23117, 4474,	12	11	11	vacuum	0.916666667	0.916666667	0.916666667	16.0	nan	vacuum, vacuum, vacuum, vacuum, vacuum, vacuum, vacuum, vacuum, vacuum, vacuum, vacuum, vacuum, vacuum, vacuum, vacuum, vacuum	vacuum, vacuum, vacuum, vacuum, vacuum, vacuum, vacuum, vacuum, vacuum, vacuum, vacuum, vacuum, vacuum, vacuum, vacuum, vacuum	leg	vacuum	1.0	1.0	0.0	0.0	0.804878049
24672	vacuum/vacuum_02s.jpg	vacuum	vacuum	vacuum	vacuum, vacuum, vacuum, vacuum, machine gun, vacuum, vacuum, vacuum, vacuum, vacuum, vacuum, vacuum	19439, 2717, 3060 6382, 5093, 24808, 13419, 3621, 24308, 5959 36281, 3046,	12	11	11	vacuum	0.916666667	0.916666667	0.916666667	19.0	nan	machine, vacuum, vacuum, vacuum, vacuum, vacuum, vacuum, vacuum, vacuum, vacuum, vacuum, vacuum, vacuum, vacuum, vacuum, vacuum, vacuum, vacuum, vacuum	machine, vacuum, vacuum, vacuum, vacuum, vacuum, vacuum, vacuum, vacuum, vacuum, vacuum, vacuum, vacuum, vacuum, vacuum, vacuum, vacuum, vacuum, vacuum	window	vacuum	0.947368421	0.947368421	0.051227817	0.051227817	0.769230769
24681	vacuum/vacuum_11s.jpg	vacuum	vacuum	vacuum	cleat (sports), vacuum, vacuum, vacuum, vacuum, vacuum, vacuum, vacuum, vacuum, vacuum, vacuum	4296, 67609, 9509, 12594, 21876, 18984, 5415, 40025, 7901, 2337, 2631,	11	10	10	vacuum	0.909090909	0.909090909	0.909090909	20.0	nan	carpet shampooer, vacuum, vacuum, vacuum, vacuum, vacuum, vacuum, vacuum, vacuum, vacuum, vacuum, vacuum, vacuum, vacuum, vacuum, vacuum, vacuum, vacuum, vacuum, vacuum	carpet shampooer, vacuum, vacuum, vacuum, vacuum, vacuum, vacuum, vacuum, vacuum, vacuum, vacuum, vacuum, vacuum, vacuum, vacuum, vacuum, vacuum, vacuum, vacuum, vacuum	person	vacuum	0.95	0.95	0.048733972	0.048733972	0.775
24678	vacuum/vacuum_08s.jpg	vacuum	vacuum	vacuum	vacuum, vacuum, vacuum, vacuum, vacuum, vacuum, vacuum, vacuum, vacuum, vacuum, vacuum, vacuum, vacuum, vacuum, van, vacuum, man, vacuum	19896, 6148, 5534, 3018, 24008, 2546 17383 22272, 4168 4263, 167028, 32014, 4302, 3221, 3913, 5195, 6046 5783,	18	16	16	vacuum	0.888888889	0.888888889	0.888888889	19.0	nan	vacuum, vacuum, vacuum, vacuum, vacuum, vacuum, vacuum, vacuum, vacuum, vacuum, vacuum, vacuum, vacuum, vacuum, vacuum, vacuum, vacuum, vacuum, vacuum	vacuum, vacuum, vacuum, vacuum, vacuum, vacuum, vacuum, vacuum, vacuum, vacuum, vacuum, vacuum, vacuum, vacuum, vacuum, vacuum, vacuum, vacuum, vacuum	carpet	vacuum	1.0	1.0	0.0	0.0	0.868421053
24676	vacuum/vacuum_06s.jpg	vacuum	vacuum	vacuum	vacuum, vacuum, vacuum, vacuum, vacuum, van, vacuum, vacuum, vacuum, cleaver, vacuum, vacuum, vacuum, vacuum, vacuum, vacuum, vacuum, vacuum	10951, 33126, 11157, 3759, 7682, 35506, 831394, 9943, 28015, 13310, 4797 4765, 3263, 5000, 6372, 30557, 2601, 1938,	18	16	16	vacuum	0.888888889	0.888888889	0.888888889	18.0	nan	carpet steamer, vacuum, vacuum, vacuum, vacuum, vacuum, vacuum, vacuum, vacuum, vacuum, vacuum, vacuum, vacuum, vacuum, vacuum, vacuum, vacuum, vacuum	carpet steamer, vacuum, vacuum, vacuum, vacuum, vacuum, vacuum, vacuum, vacuum, vacuum, vacuum, vacuum, vacuum, vacuum, vacuum, vacuum, vacuum, vacuum	house	vacuum	0.944444444	0.944444444	0.053990295	0.053990295	0.833333333
24680	vacuum/vacuum_10s.jpg	vacuum	vacuum	vacuum	vacuum, vacuum, vacuum, slot machine, vacuum, vacuum, vacuum, vacuum, vacuum, machine gun, vacuum, vacuum, vacuum, vacuum, vacuum, vacuum, vacuum, vacuum	3453, 5471, 19888, 7745, 22533, 9303, 2508 14117 3280, 8644, 5208, 12018, 4366, 19315, 17862, 10102, 10255, 3391,	18	16	16	vacuum	0.888888889	0.888888889	0.888888889	18.0	nan	carpet cleaner, vacuum, vacuum, vacuum, vacuum, vacuum, vacuum, vacuum, vacuum, vacuum, vacuum, vacuum, vacuum, vacuum, vacuum, vacuum, vacuum, vacuum	carpet cleaner, vacuum, vacuum, vacuum, vacuum, vacuum, vacuum, vacuum, vacuum, vacuum, vacuum, vacuum, vacuum, vacuum, vacuum, vacuum, vacuum, vacuum	couch	vacuum	0.944444444	0.944444444	0.053990295	0.053990295	0.785714286
24677	vacuum/vacuum_07s.jpg	vacuum	vacuum	vacuum	vacuum, vacuum, vacuum, vacuum, sweeper, cleat (sports), vacuum, vacuum, vacuum, vacuum, vacuum, vacuum, vacuum, vacuum, vacuum, vacuum, vacuum	21451, 406423, 3357, 13168, 4625, 35124, 13500, 7381, 18500 3575, 2725, 3860, 3896, 3131, 2316, 25416, 12816,	17	15	15	vacuum	0.882352941	0.882352941	0.882352941	18.0	nan	steam cleaner, sweeper, vacum, vacuum, vacuum, vacuum, vacuum, vacuum, vacuum, vacuum, vacuum, vacuum, vacuum, vacuum, vacuum, vacuum, vacuum, vacuum	steam cleaner, sweeper, vacum, vacuum, vacuum, vacuum, vacuum, vacuum, vacuum, vacuum, vacuum, vacuum, vacuum, vacuum, vacuum, vacuum, vacuum, vacuum	man plant chairs	vacuum	0.833333333	0.833333333	0.087841046	0.087841046	0.875
27857	vacuum.jpg	vacuum	vacuum	vacuum	vacuum, vacuum, vacuum, vacuum, vacuum, vacuum, broom, vacuum, vacuum, vacuum, vacuum, vacuum, vacuum, cleat (sports)	19959 6969, 4783 6190, 6421, 3681, 12100, 11344, 6430, 16651, 22704, 10090, 28963, 13071,	14	12	12	vacuum	0.857142857	0.857142857	0.857142857	nan	nan	nan	nan	nan	nan	nan	nan	nan	nan	nan
24682	vacuum/vacuum_12s.jpg	vacuum	vacuum	vacuum	sofa bed, vacuum, vacuum, hood, vacuum, steamroller, vacuum, stick, vacuum, vacuum, vacuum, vacuum, vacuum, vacuum, vacuum	6135, 4453, 3539, 16534, 41593, 40488, 5221, 20724, 9137, 10696, 59270, 77179, 4169, 3908, 9121,	15	11	11	vacuum	0.733333333	0.733333333	0.733333333	19.0	nan	vacuum, vacuum, vacuum, vacuum, vacuum, vacuum, vacuum, vacuum, vacuum, vacuum, vacuum, vacuum, vacuum, vacuum, vacuum, vacuum, vacuum, vacuum, vacuum	vacuum, vacuum, vacuum, vacuum, vacuum, vacuum, vacuum, vacuum, vacuum, vacuum, vacuum, vacuum, vacuum, vacuum, vacuum, vacuum, vacuum, vacuum, vacuum	sofa	vacuum	1.0	1.0	0.0	0.0	0.857142857
24683	vacuum/vacuum_13s.jpg	vacuum	vacuum	vacuum	vacuum, vacuum, champagne, vacuum, vacuum, vacuum, vacuum, vacuum, vacuum, brush (hair), vacuum, cleaver, cleaver, vacuum, vacuum, sweeper, vacuum	27477, 3168 6951, 5822, 5456, 99719, 103556, 8408 51823, 44998, 952983, 6535, 45637, 2841, 8411, 9366 4538,	17	12	12	vacuum	0.705882353	0.705882353	0.705882353	20.0	nan	vacuum, vacuum, vacuum, vacuum, vacuum, vacuum, vacuum, vacuum, vacuum, vacuum, vacuum, vacuum, vacuum, vacuum, vacuum, vacuum, vacuum, vacuum, vacuum, vacuum	vacuum, vacuum, vacuum, vacuum, vacuum, vacuum, vacuum, vacuum, vacuum, vacuum, vacuum, vacuum, vacuum, vacuum, vacuum, vacuum, vacuum, vacuum, vacuum, vacuum	nan	vacuum	1.0	1.0	0.0	0.0	0.820512821
25802	wolf/wolf_10s.jpg	wolf	wolf	wolf	wolf, wolf, wolf, wolf, wolf, wolf, wolf, wolf, wolf, wolf, wolf, wolf, wolf, wolf	3413 2841, 12422 2889, 3120, 6694, 3910, 3870, 7692 3426 3851, 2179, 17893, 3357,	14	14	14	wolf	1.0	1.0	1.0	17.0	nan	husky, wolf, wolf, wolf, wolf, wolf, wolf, wolf, wolf, wolf, wolf, wolf, wolf, wolf, wolf, wolf, wolf	husky, wolf, wolf, wolf, wolf, wolf, wolf, wolf, wolf, wolf, wolf, wolf, wolf, wolf, wolf, wolf, wolf	sw	wolf	0.941176471	0.941176471	0.057067206	0.057067206	0.794871795
25793	wolf/wolf_01b.jpg	wolf	wolf	wolf	wolf, wolf, wolf, wolf, wolf, wolf, wolf, wolf, wolf, fox, wolf, wolf, wolf, wolf, wolf, wolf	3860, 9256, 13709, 18272, 13605, 24737, 7136 22783, 4798, 18742, 11822, 2847, 4146, 4272, 4036, 8177,	16	15	15	wolf	0.9375	0.9375	0.9375	18.0	nan	wold, wolf, wolf, wolf, wolf, wolf, wolf, wolf, wolf, wolf, wolf, wolf, wolf, wolf, wolf, wolf, wolf, wolf	wold, wolf, wolf, wolf, wolf, wolf, wolf, wolf, wolf, wolf, wolf, wolf, wolf, wolf, wolf, wolf, wolf, wolf	sw	wolf	0.944444444	0.944444444	0.053990295	0.053990295	0.925
25796	wolf/wolf_04s.jpg	wolf	wolf	wolf	wolf, dog, wolf, wolf, wolf, wolf, wolf, wolf, wolf, wolf, wolf, wolf, wolf	5007, 5534, 3773, 4835, 10788, 5530, 3839, 7351, 15536, 5579, 5082, 38330, 2783,	13	12	12	wolf	0.923076923	0.923076923	0.923076923	17.0	nan	asdrft, wolf, wolf, wolf, wolf, wolf, wolf, wolf, wolf, wolf, wolf, wolf, wolf, wolf, wolf, wolf, wolf	asdrft, wolf, wolf, wolf, wolf, wolf, wolf, wolf, wolf, wolf, wolf, wolf, wolf, wolf, wolf, wolf, wolf	rewq	wolf	0.941176471	0.941176471	0.057067206	0.057067206	0.833333333
25803	wolf/wolf_11n.jpg	wolf	wolf	wolf	wolf, wolf, wolf, wolf, fox, wolf, wolf, wolf, wolf, wolf	4074, 2574, 10277 5267, 5143, 20422, 18281, 26254, 19357, 15650,	10	9	9	wolf	0.9	0.9	0.9	19.0	nan	canine, coyote, dog, wolf, wolf, wolf, wolf, wolf, wolf, wolf, wolf, wolf, wolf, wolf, wolf, wolf, wolf, wolf, wolf	canine, coyote, dog, wolf, wolf, wolf, wolf, wolf, wolf, wolf, wolf, wolf, wolf, wolf, wolf, wolf, wolf, wolf, wolf	nan	wolf	0.842105263	0.842105263	0.083654675	0.083654675	0.818181818
25794	wolf/wolf_02s.jpg	wolf	wolf	wolf	wolf, wolf, wolf, wolf, wolf, wolf, wolf, fox, wolf, wolf, wolf, wolf, wolf, fox, wolf	5956, 4504, 4990, 4838, 4487, 2388, 2520, 5830, 4294, 6775, 4494, 53108, 16891, 4591, 9628	15	13	13	wolf	0.866666667	0.866666667	0.866666667	17.0	nan	coyote, fox, fox, wolf, wolf, wolf, wolf, wolf, wolf, wolf, wolf, wolf, wolf, wolf, wolf, wolf, wolve	coyote, fox, fox, wolf, wolf, wolf, wolf, wolf, wolf, wolf, wolf, wolf, wolf, wolf, wolf, wolf, wolve	sw	wolf	0.764705882	0.764705882	0.102879368	0.102879368	0.85
25798	wolf/wolf_06n.jpg	wolf	wolf	wolf	wolf, wolf, wolf, wolf, wolf, wolf, wolf, jar, wolf, calf (animal), wolf, wolf, wolf, wolf, coyote	53231, 36096 4485, 7117, 4093 10743, 5574, 165590, 8939, 4660 5038, 3038, 3267, 2485, 5082,	15	12	12	wolf	0.8	0.8	0.8	17.0	nan	wold, wold, wolf, wolf, wolf, wolf, wolf, wolf, wolf, wolf, wolf, wolf, wolf, wolf, wolf, wolf, wolf	wold, wold, wolf, wolf, wolf, wolf, wolf, wolf, wolf, wolf, wolf, wolf, wolf, wolf, wolf, wolf, wolf	brush or grass	wolf	0.882352941	0.882352941	0.07814249	0.07814249	0.75
25799	wolf/wolf_07s.jpg	wolf	wolf	wolf	wolf, wolf, wolf, fox, wolf, wolf, wolf, wolf, wolf, wolf, wolf, dog, wolf, wolf, wolf, fox, wolf, fox, wolf, wolf	7403, 3418, 2381, 6703, 6545, 2592 4534, 4215, 40813, 125335, 16282, 8038, 2437, 17344, 4129, 5466, 4046 5222, 3051, 3629,	20	16	16	wolf	0.8	0.8	0.8	19.0	nan	coyote, coyote, wolf, wolf, wolf, wolf, wolf, wolf, wolf, wolf, wolf, wolf, wolf, wolf, wolf, wolf, wolf, wolf, wolve	coyote, coyote, wolf, wolf, wolf, wolf, wolf, wolf, wolf, wolf, wolf, wolf, wolf, wolf, wolf, wolf, wolf, wolf, wolve	rock	wolf	0.842105263	0.842105263	0.083654675	0.083654675	0.785714286
25805	wolf/wolf_13n.jpg	wolf	wolf	wolf	wolf, coyote, wolf, wolf, wolf, wolf, wolf, wolf, wolf, fox, wolf, wolf, wolf, wolf, fox	3462, 14664, 3330, 3252, 6854, 4567, 10803, 3087, 16871, 4061, 3378, 4835, 2766, 15439, 3620,	15	12	12	wolf	0.8	0.8	0.8	17.0	nan	coyote, coyote, dog, wolf, wolf, wolf, wolf, wolf, wolf, wolf, wolf, wolf, wolf, wolf, wolf, wolf, wolf	coyote, coyote, dog, wolf, wolf, wolf, wolf, wolf, wolf, wolf, wolf, wolf, wolf, wolf, wolf, wolf, wolf	grass	wolf	0.823529412	0.823529412	0.092459441	0.092459441	0.87804878
25797	wolf/wolf_05n.jpg	wolf	wolf	wolf	wolf, wolf, wolf, wolf, fox, wolf, wolf, wolf, wolf, wolf, fox, fox, wolf, fox, wolf, wolf, wolf	5523, 147677, 34931, 8596, 5287 3841, 5287, 2648, 3678, 28411, 9024, 6030, 3722, 5693, 13144, 5529, 4287,	17	13	13	wolf	0.764705882	0.764705882	0.764705882	19.0	nan	coyote, wolf, wolf, wolf, wolf, wolf, wolf, wolf, wolf, wolf, wolf, wolf, wolf, wolf, wolf, wolf, wolf, wolf, wolf	coyote, wolf, wolf, wolf, wolf, wolf, wolf, wolf, wolf, wolf, wolf, wolf, wolf, wolf, wolf, wolf, wolf, wolf, wolf	tree	wolf	0.947368421	0.947368421	0.051227817	0.051227817	0.829268293
25795	wolf/wolf_03s.jpg	wolf	wolf	wolf	wolf, dog, wolf, wolf, wolf, wolf, wolf, wolf, fox, wolf, fox, wolf	5877, 13292, 10632, 9859, 5177, 20569, 3856, 15244 8538 32755 7843, 15602,	12	9	9	wolf	0.75	0.75	0.75	20.0	nan	howling huskies, wolf, wolf, wolf, wolf, wolf, wolf, wolf, wolf, wolf, wolf, wolf, wolf, wolf, wolf, wolf, wolf, wolf, wolf, wolf	howling huskies, wolf, wolf, wolf, wolf, wolf, wolf, wolf, wolf, wolf, wolf, wolf, wolf, wolf, wolf, wolf, wolf, wolf, wolf, wolf	sw	wolf	0.95	0.95	0.048733972	0.048733972	0.857142857
25801	wolf/wolf_09s.jpg	wolf	wolf	wolf	wolf, fox, wolf, wolf, fox, wolf, wolf, wolf	2461, 12560, 7951, 11951, 2948, 14608, 14638, 23039,	8	6	6	wolf	0.75	0.75	0.75	16.0	nan	dog, wolf, wolf, wolf, wolf, wolf, wolf, wolf, wolf, wolf, wolf, wolf, wolf, wolf, wolf, wolf	dog, wolf, wolf, wolf, wolf, wolf, wolf, wolf, wolf, wolf, wolf, wolf, wolf, wolf, wolf, wolf	fur	wolf	0.9375	0.9375	0.060515365	0.060515365	0.9
25804	wolf/wolf_12n.jpg	wolf	wolf	wolf	wolf, wolf, dog, wolf, fox, fox, wolf, wolf, fox, wolf, fox, wolf, wolf, wolf, wolf, wolf, wolf	5235, 7109, 7946, 2476, 6838, 11372, 6822, 5290, 6851, 4516, 8497, 3401, 4297, 4588, 27608, 46447, 2598,	17	12	12	wolf	0.705882353	0.705882353	0.705882353	18.0	nan	fox, object, wolf, wolf, wolf, wolf, wolf, wolf, wolf, wolf, wolf, wolf, wolf, wolf, wolf, wolf, wolf, wolf	fox, object, wolf, wolf, wolf, wolf, wolf, wolf, wolf, wolf, wolf, wolf, wolf, wolf, wolf, wolf, wolf, wolf	sw	wolf	0.888888889	0.888888889	0.074074074	0.074074074	0.775
27938	wolf.jpg	wolf	wolf	wolf	wolf, wolf, wolf, wolf, dog, axe, wolf, wolf, wolf, wolf, coyote, owl, dog, wolf, wolf, wolf	4584, 5916, 4814, 3163, 11809 7350, 6439, 5078, 4054, 13383, 6295, 4702, 19418, 4560, 10621 2438,	16	11	11	wolf	0.6875	0.6875	0.6875	nan	nan	nan	nan	nan	nan	nan	nan	nan	nan	nan
25800	wolf/wolf_08n.jpg	wolf	wolf	wolf	dog, fox, dog, fox, fox, wolf, fox, wolf, wolf, dog, wolf	6313, 4158, 19845, 6339, 7563, 14682, 3938, 124877 25317, 2921, 11938,	11	4	4	fox	0.363636364	0.363636364	0.363636364	17.0	nan	animal, animal, coyote, coyote, dog, dog, fox, fox, fox, wolf, wolf, wolf, wolf, wolf, wolf, wolf, wolf	animal, animal, coyote, coyote, dog, dog, fox, fox, fox, wolf, wolf, wolf, wolf, wolf, wolf, wolf, wolf	fox	wolf	0.470588235	0.470588235	0.121057825	0.121057825	0.897435897
