participant_id,block,trial,image_name,posX,posY,image_stem,base_name,set,category
p002,1,1,acorn_1.jpg,4,6,acorn_1,acorn,1,plants
p002,1,1,apple_1.jpg,9,1,apple_1,apple,1,plants
p002,1,1,blueberry_1.jpg,3,2,blueberry_1,blueberry,1,plants
p002,1,1,broccoli_1.jpg,4,4,broccoli_1,broccoli,1,plants
p002,1,1,cabbage_1.jpg,10,3,cabbage_1,cabbage,1,plants
p002,1,1,cactus_1.jpg,1,1,cactus_1,cactus,1,plants
p002,1,1,cherry_1.jpg,10,6,cherry_1,cherry,1,plants
p002,1,1,flower_1.jpg,6,6,flower_1,flower,1,plants
p002,1,1,grass_1.jpg,2,6,grass_1,grass,1,plants
p002,1,1,leaf_1.jpg,1,4,leaf_1,leaf,1,plants
p002,1,1,peanut_1.jpg,5,1,peanut_1,peanut,1,plants
p002,1,1,tree_1.jpg,8,4,tree_1,tree,1,plants
p002,1,2,butterfly_1.jpg,3,3,butterfly_1,butterfly,1,animals
p002,1,2,dolphin_1.jpg,1,1,dolphin_1,dolphin,1,animals
p002,1,2,fish_1.jpg,10,6,fish_1,fish,1,animals
p002,1,2,fox_1.jpg,4,4,fox_1,fox,1,animals
p002,1,2,horse_1.jpg,1,4,horse_1,horse,1,animals
p002,1,2,ladybug_1.jpg,8,4,ladybug_1,ladybug,1,animals
p002,1,2,lion_1.jpg,10,1,lion_1,lion,1,animals
p002,1,2,peacock_1.jpg,4,1,peacock_1,peacock,1,animals
p002,1,2,pigeon_1.jpg,10,3,pigeon_1,pigeon,1,animals
p002,1,2,sheep_1.jpg,6,4,sheep_1,sheep,1,animals
p002,1,2,squirrel_1.jpg,8,2,squirrel_1,squirrel,1,animals
p002,1,2,wolf_1.jpg,7,1,wolf_1,wolf,1,animals
p002,1,3,angry_1.jpg,1,4,angry_1,angry,1,emotions
p002,1,3,angry_2.jpg,3,4,angry_2,angry,2,emotions
p002,1,3,disgust_1.jpg,4,4,disgust_1,disgust,1,emotions
p002,1,3,disgust_2.jpg,7,1,disgust_2,disgust,2,emotions
p002,1,3,fearful_1.jpg,7,4,fearful_1,fearful,1,emotions
p002,1,3,fearful_2.jpg,1,1,fearful_2,fearful,2,emotions
p002,1,3,happy_1.jpg,9,3,happy_1,happy,1,emotions
p002,1,3,happy_2.jpg,10,3,happy_2,happy,2,emotions
p002,1,3,sad_1.jpg,2,4,sad_1,sad,1,emotions
p002,1,3,sad_2.jpg,4,1,sad_2,sad,2,emotions
p002,1,3,surprise_1.jpg,10,6,surprise_1,surprise,1,emotions
p002,1,3,surprise_2.jpg,9,6,surprise_2,surprise,2,emotions
p002,2,4,acorn_2.jpg,10,2,acorn_2,acorn,2,plants
p002,2,4,apple_2.jpg,3,6,apple_2,apple,2,plants
p002,2,4,blueberry_2.jpg,5,5,blueberry_2,blueberry,2,plants
p002,2,4,broccoli_2.jpg,1,6,broccoli_2,broccoli,2,plants
p002,2,4,cabbage_2.jpg,1,4,cabbage_2,cabbage,2,plants
p002,2,4,cactus_2.jpg,7,2,cactus_2,cactus,2,plants
p002,2,4,cherry_2.jpg,8,6,cherry_2,cherry,2,plants
p002,2,4,flower_2.jpg,6,1,flower_2,flower,2,plants
p002,2,4,grass_2.jpg,4,2,grass_2,grass,2,plants
p002,2,4,leaf_2.jpg,2,1,leaf_2,leaf,2,plants
p002,2,4,peanut_2.jpg,8,4,peanut_2,peanut,2,plants
p002,2,4,tree_2.jpg,10,5,tree_2,tree,2,plants
p002,2,5,butterfly_2.jpg,9,1,butterfly_2,butterfly,2,animals
p002,2,5,dolphin_2.jpg,8,5,dolphin_2,dolphin,2,animals
p002,2,5,fish_2.jpg,8,2,fish_2,fish,2,animals
p002,2,5,fox_2.jpg,2,2,fox_2,fox,2,animals
p002,2,5,horse_2.jpg,4,4,horse_2,horse,2,animals
p002,2,5,ladybug_2.jpg,6,5,ladybug_2,ladybug,2,animals
p002,2,5,lion_2.jpg,7,1,lion_2,lion,2,animals
p002,2,5,peacock_2.jpg,1,4,peacock_2,peacock,2,animals
p002,2,5,pigeon_2.jpg,5,1,pigeon_2,pigeon,2,animals
p002,2,5,sheep_2.jpg,3,1,sheep_2,sheep,2,animals
p002,2,5,squirrel_2.jpg,1,1,squirrel_2,squirrel,2,animals
p002,2,5,wolf_2.jpg,3,6,wolf_2,wolf,2,animals
p002,2,6,angry_1.jpg,4,1,angry_1,angry,1,emotions
p002,2,6,angry_2.jpg,2,1,angry_2,angry,2,emotions
p002,2,6,disgust_1.jpg,5,1,disgust_1,disgust,1,emotions
p002,2,6,disgust_2.jpg,3,1,disgust_2,disgust,2,emotions
p002,2,6,fearful_1.jpg,5,6,fearful_1,fearful,1,emotions
p002,2,6,fearful_2.jpg,6,6,fearful_2,fearful,2,emotions
p002,2,6,happy_1.jpg,10,2,happy_1,happy,1,emotions
p002,2,6,happy_2.jpg,9,2,happy_2,happy,2,emotions
p002,2,6,sad_1.jpg,1,1,sad_1,sad,1,emotions
p002,2,6,sad_2.jpg,4,4,sad_2,sad,2,emotions
p002,2,6,surprise_1.jpg,10,6,surprise_1,surprise,1,emotions
p002,2,6,surprise_2.jpg,9,6,surprise_2,surprise,2,emotions
p003,1,1,acorn_2.jpg,10,1,acorn_2,acorn,2,plants
p003,1,1,apple_2.jpg,8,4,apple_2,apple,2,plants
p003,1,1,blueberry_2.jpg,3,1,blueberry_2,blueberry,2,plants
p003,1,1,broccoli_2.jpg,8,6,broccoli_2,broccoli,2,plants
p003,1,1,cabbage_2.jpg,4,3,cabbage_2,cabbage,2,plants
p003,1,1,cactus_2.jpg,1,3,cactus_2,cactus,2,plants
p003,1,1,cherry_2.jpg,9,4,cherry_2,cherry,2,plants
p003,1,1,flower_2.jpg,1,5,flower_2,flower,2,plants
p003,1,1,grass_2.jpg,7,1,grass_2,grass,2,plants
p003,1,1,leaf_2.jpg,5,1,leaf_2,leaf,2,plants
p003,1,1,peanut_2.jpg,4,5,peanut_2,peanut,2,plants
p003,1,1,tree_2.jpg,6,1,tree_2,tree,2,plants
p003,1,2,butterfly_1.jpg,4,3,butterfly_1,butterfly,1,animals
p003,1,2,dolphin_1.jpg,10,1,dolphin_1,dolphin,1,animals
p003,1,2,fish_1.jpg,5,1,fish_1,fish,1,animals
p003,1,2,fox_1.jpg,8,3,fox_1,fox,1,animals
p003,1,2,horse_1.jpg,10,4,horse_1,horse,1,animals
p003,1,2,ladybug_1.jpg,5,5,ladybug_1,ladybug,1,animals
p003,1,2,lion_1.jpg,2,2,lion_1,lion,1,animals
p003,1,2,peacock_1.jpg,9,6,peacock_1,peacock,1,animals
p003,1,2,pigeon_1.jpg,8,6,pigeon_1,pigeon,1,animals
p003,1,2,sheep_1.jpg,7,1,sheep_1,sheep,1,animals
p003,1,2,squirrel_1.jpg,1,6,squirrel_1,squirrel,1,animals
p003,1,2,wolf_1.jpg,7,3,wolf_1,wolf,1,animals
p003,1,3,angry_1.jpg,7,6,angry_1,angry,1,emotions
p003,1,3,angry_2.jpg,7,3,angry_2,angry,2,emotions
p003,1,3,disgust_1.jpg,7,2,disgust_1,disgust,1,emotions
p003,1,3,disgust_2.jpg,7,5,disgust_2,disgust,2,emotions
p003,1,3,fearful_1.jpg,4,3,fearful_1,fearful,1,emotions
p003,1,3,fearful_2.jpg,5,3,fearful_2,fearful,2,emotions
p003,1,3,happy_1.jpg,5,5,happy_1,happy,1,emotions
p003,1,3,happy_2.jpg,4,5,happy_2,happy,2,emotions
p003,1,3,sad_1.jpg,7,4,sad_1,sad,1,emotions
p003,1,3,sad_2.jpg,5,1,sad_2,sad,2,emotions
p003,1,3,surprise_1.jpg,3,3,surprise_1,surprise,1,emotions
p003,1,3,surprise_2.jpg,2,3,surprise_2,surprise,2,emotions
p003,2,4,acorn_1.jpg,10,1,acorn_1,acorn,1,plants
p003,2,4,apple_1.jpg,6,1,apple_1,apple,1,plants
p003,2,4,blueberry_1.jpg,6,6,blueberry_1,blueberry,1,plants
p003,2,4,broccoli_1.jpg,10,6,broccoli_1,broccoli,1,plants
p003,2,4,cabbage_1.jpg,4,3,cabbage_1,cabbage,1,plants
p003,2,4,cactus_1.jpg,1,3,cactus_1,cactus,1,plants
p003,2,4,cherry_1.jpg,7,1,cherry_1,cherry,1,plants
p003,2,4,flower_1.jpg,10,3,flower_1,flower,1,plants
p003,2,4,grass_1.jpg,7,2,grass_1,grass,1,plants
p003,2,4,leaf_1.jpg,1,5,leaf_1,leaf,1,plants
p003,2,4,peanut_1.jpg,1,1,peanut_1,peanut,1,plants
p003,2,4,tree_1.jpg,4,1,tree_1,tree,1,plants
p003,2,5,butterfly_2.jpg,1,6,butterfly_2,butterfly,2,animals
p003,2,5,dolphin_2.jpg,3,5,dolphin_2,dolphin,2,animals
p003,2,5,fish_2.jpg,10,6,fish_2,fish,2,animals
p003,2,5,fox_2.jpg,3,1,fox_2,fox,2,animals
p003,2,5,horse_2.jpg,10,3,horse_2,horse,2,animals
p003,2,5,ladybug_2.jpg,6,6,ladybug_2,ladybug,2,animals
p003,2,5,lion_2.jpg,7,1,lion_2,lion,2,animals
p003,2,5,peacock_2.jpg,4,3,peacock_2,peacock,2,animals
p003,2,5,pigeon_2.jpg,5,3,pigeon_2,pigeon,2,animals
p003,2,5,sheep_2.jpg,10,1,sheep_2,sheep,2,animals
p003,2,5,squirrel_2.jpg,1,4,squirrel_2,squirrel,2,animals
p003,2,5,wolf_2.jpg,2,1,wolf_2,wolf,2,animals
p003,2,6,angry_1.jpg,6,1,angry_1,angry,1,emotions
p003,2,6,angry_2.jpg,10,1,angry_2,angry,2,emotions
p003,2,6,disgust_1.jpg,7,1,disgust_1,disgust,1,emotions
p003,2,6,disgust_2.jpg,9,1,disgust_2,disgust,2,emotions
p003,2,6,fearful_1.jpg,10,6,fearful_1,fearful,1,emotions
p003,2,6,fearful_2.jpg,6,3,fearful_2,fearful,2,emotions
p003,2,6,happy_1.jpg,4,5,happy_1,happy,1,emotions
p003,2,6,happy_2.jpg,3,5,happy_2,happy,2,emotions
p003,2,6,sad_1.jpg,8,1,sad_1,sad,1,emotions
p003,2,6,sad_2.jpg,6,6,sad_2,sad,2,emotions
p003,2,6,surprise_1.jpg,9,6,surprise_1,surprise,1,emotions
p003,2,6,surprise_2.jpg,5,3,surprise_2,surprise,2,emotions
p004,1,1,butterfly_2.jpg,6,2,butterfly_2,butterfly,2,animals
p004,1,1,dolphin_2.jpg,9,4,dolphin_2,dolphin,2,animals
p004,1,1,fish_2.jpg,9,5,fish_2,fish,2,animals
p004,1,1,fox_2.jpg,9,1,fox_2,fox,2,animals
p004,1,1,horse_2.jpg,4,3,horse_2,horse,2,animals
p004,1,1,ladybug_2.jpg,2,5,ladybug_2,ladybug,2,animals
p004,1,1,lion_2.jpg,9,2,lion_2,lion,2,animals
p004,1,1,peacock_2.jpg,1,2,peacock_2,peacock,2,animals
p004,1,1,pigeon_2.jpg,6,3,pigeon_2,pigeon,2,animals
p004,1,1,sheep_2.jpg,1,3,sheep_2,sheep,2,animals
p004,1,1,squirrel_2.jpg,2,4,squirrel_2,squirrel,2,animals
p004,1,1,wolf_2.jpg,4,2,wolf_2,wolf,2,animals
p004,1,2,acorn_2.jpg,1,5,acorn_2,acorn,2,plants
p004,1,2,apple_2.jpg,6,1,apple_2,apple,2,plants
p004,1,2,blueberry_2.jpg,7,1,blueberry_2,blueberry,2,plants
p004,1,2,broccoli_2.jpg,4,1,broccoli_2,broccoli,2,plants
p004,1,2,cabbage_2.jpg,8,1,cabbage_2,cabbage,2,plants
p004,1,2,cactus_2.jpg,1,6,cactus_2,cactus,2,plants
p004,1,2,cherry_2.jpg,5,1,cherry_2,cherry,2,plants
p004,1,2,flower_2.jpg,4,2,flower_2,flower,2,plants
p004,1,2,grass_2.jpg,4,5,grass_2,grass,2,plants
p004,1,2,leaf_2.jpg,4,4,leaf_2,leaf,2,plants
p004,1,2,peanut_2.jpg,1,4,peanut_2,peanut,2,plants
p004,1,2,tree_2.jpg,4,3,tree_2,tree,2,plants
p004,1,3,angry_3.jpg,10,2,angry_3,angry,3,emotions
p004,1,3,angry_4.jpg,9,2,angry_4,angry,4,emotions
p004,1,3,disgust_3.jpg,2,2,disgust_3,disgust,3,emotions
p004,1,3,disgust_4.jpg,8,2,disgust_4,disgust,4,emotions
p004,1,3,fearful_3.jpg,4,1,fearful_3,fearful,3,emotions
p004,1,3,fearful_4.jpg,9,1,fearful_4,fearful,4,emotions
p004,1,3,happy_3.jpg,6,1,happy_3,happy,3,emotions
p004,1,3,happy_4.jpg,7,1,happy_4,happy,4,emotions
p004,1,3,sad_3.jpg,4,2,sad_3,sad,3,emotions
p004,1,3,sad_4.jpg,3,2,sad_4,sad,4,emotions
p004,1,3,surprise_3.jpg,5,1,surprise_3,surprise,3,emotions
p004,1,3,surprise_4.jpg,8,1,surprise_4,surprise,4,emotions
p004,2,4,butterfly_1.jpg,1,5,butterfly_1,butterfly,1,animals
p004,2,4,dolphin_1.jpg,10,6,dolphin_1,dolphin,1,animals
p004,2,4,fish_1.jpg,10,5,fish_1,fish,1,animals
p004,2,4,fox_1.jpg,10,4,fox_1,fox,1,animals
p004,2,4,horse_1.jpg,6,6,horse_1,horse,1,animals
p004,2,4,ladybug_1.jpg,1,4,ladybug_1,ladybug,1,animals
p004,2,4,lion_1.jpg,10,3,lion_1,lion,1,animals
p004,2,4,peacock_1.jpg,5,6,peacock_1,peacock,1,animals
p004,2,4,pigeon_1.jpg,1,6,pigeon_1,pigeon,1,animals
p004,2,4,sheep_1.jpg,1,3,sheep_1,sheep,1,animals
p004,2,4,squirrel_1.jpg,10,2,squirrel_1,squirrel,1,animals
p004,2,4,wolf_1.jpg,1,2,wolf_1,wolf,1,animals
p004,2,5,acorn_1.jpg,8,2,acorn_1,acorn,1,plants
p004,2,5,apple_1.jpg,4,3,apple_1,apple,1,plants
p004,2,5,blueberry_1.jpg,4,5,blueberry_1,blueberry,1,plants
p004,2,5,broccoli_1.jpg,4,2,broccoli_1,broccoli,1,plants
p004,2,5,cabbage_1.jpg,4,4,cabbage_1,cabbage,1,plants
p004,2,5,cactus_1.jpg,10,3,cactus_1,cactus,1,plants
p004,2,5,cherry_1.jpg,5,3,cherry_1,cherry,1,plants
p004,2,5,flower_1.jpg,1,5,flower_1,flower,1,plants
p004,2,5,grass_1.jpg,10,5,grass_1,grass,1,plants
p004,2,5,leaf_1.jpg,10,4,leaf_1,leaf,1,plants
p004,2,5,peanut_1.jpg,6,2,peanut_1,peanut,1,plants
p004,2,5,tree_1.jpg,1,6,tree_1,tree,1,plants
p004,2,6,angry_1.jpg,8,6,angry_1,angry,1,emotions
p004,2,6,angry_2.jpg,10,6,angry_2,angry,2,emotions
p004,2,6,disgust_1.jpg,5,6,disgust_1,disgust,1,emotions
p004,2,6,disgust_2.jpg,7,6,disgust_2,disgust,2,emotions
p004,2,6,fearful_1.jpg,9,6,fearful_1,fearful,1,emotions
p004,2,6,fearful_2.jpg,3,6,fearful_2,fearful,2,emotions
p004,2,6,happy_1.jpg,8,1,happy_1,happy,1,emotions
p004,2,6,happy_2.jpg,6,1,happy_2,happy,2,emotions
p004,2,6,sad_1.jpg,4,6,sad_1,sad,1,emotions
p004,2,6,sad_2.jpg,6,6,sad_2,sad,2,emotions
p004,2,6,surprise_1.jpg,5,1,surprise_1,surprise,1,emotions
p004,2,6,surprise_2.jpg,7,1,surprise_2,surprise,2,emotions
p005,1,1,acorn_2.jpg,10,6,acorn_2,acorn,2,plants
p005,1,1,apple_2.jpg,5,6,apple_2,apple,2,plants
p005,1,1,blueberry_2.jpg,4,6,blueberry_2,blueberry,2,plants
p005,1,1,broccoli_2.jpg,1,4,broccoli_2,broccoli,2,plants
p005,1,1,cabbage_2.jpg,5,5,cabbage_2,cabbage,2,plants
p005,1,1,cactus_2.jpg,7,1,cactus_2,cactus,2,plants
p005,1,1,cherry_2.jpg,3,6,cherry_2,cherry,2,plants
p005,1,1,flower_2.jpg,2,1,flower_2,flower,2,plants
p005,1,1,grass_2.jpg,1,6,grass_2,grass,2,plants
p005,1,1,leaf_2.jpg,10,2,leaf_2,leaf,2,plants
p005,1,1,peanut_2.jpg,9,2,peanut_2,peanut,2,plants
p005,1,1,tree_2.jpg,4,2,tree_2,tree,2,plants
p005,1,2,butterfly_1.jpg,7,6,butterfly_1,butterfly,1,animals
p005,1,2,dolphin_1.jpg,8,3,dolphin_1,dolphin,1,animals
p005,1,2,fish_1.jpg,3,1,fish_1,fish,1,animals
p005,1,2,fox_1.jpg,5,3,fox_1,fox,1,animals
p005,1,2,horse_1.jpg,10,1,horse_1,horse,1,animals
p005,1,2,ladybug_1.jpg,4,6,ladybug_1,ladybug,1,animals
p005,1,2,lion_1.jpg,5,6,lion_1,lion,1,animals
p005,1,2,peacock_1.jpg,5,1,peacock_1,peacock,1,animals
p005,1,2,pigeon_1.jpg,1,3,pigeon_1,pigeon,1,animals
p005,1,2,sheep_1.jpg,10,4,sheep_1,sheep,1,animals
p005,1,2,squirrel_1.jpg,8,1,squirrel_1,squirrel,1,animals
p005,1,2,wolf_1.jpg,4,3,wolf_1,wolf,1,animals
p005,1,3,angry_3.jpg,9,6,angry_3,angry,3,emotions
p005,1,3,angry_4.jpg,5,6,angry_4,angry,4,emotions
p005,1,3,disgust_3.jpg,5,1,disgust_3,disgust,3,emotions
p005,1,3,disgust_4.jpg,4,1,disgust_4,disgust,4,emotions
p005,1,3,fearful_3.jpg,7,4,fearful_3,fearful,3,emotions
p005,1,3,fearful_4.jpg,5,5,fearful_4,fearful,4,emotions
p005,1,3,happy_3.jpg,6,2,happy_3,happy,3,emotions
p005,1,3,happy_4.jpg,7,2,happy_4,happy,4,emotions
p005,1,3,sad_3.jpg,7,6,sad_3,sad,3,emotions
p005,1,3,sad_4.jpg,6,6,sad_4,sad,4,emotions
p005,1,3,surprise_3.jpg,3,3,surprise_3,surprise,3,emotions
p005,1,3,surprise_4.jpg,10,3,surprise_4,surprise,4,emotions
p005,2,4,acorn_1.jpg,7,1,acorn_1,acorn,1,plants
p005,2,4,apple_1.jpg,5,6,apple_1,apple,1,plants
p005,2,4,blueberry_1.jpg,5,4,blueberry_1,blueberry,1,plants
p005,2,4,broccoli_1.jpg,2,2,broccoli_1,broccoli,1,plants
p005,2,4,cabbage_1.jpg,8,1,cabbage_1,cabbage,1,plants
p005,2,4,cactus_1.jpg,2,3,cactus_1,cactus,1,plants
p005,2,4,cherry_1.jpg,6,6,cherry_1,cherry,1,plants
p005,2,4,flower_1.jpg,8,6,flower_1,flower,1,plants
p005,2,4,grass_1.jpg,5,3,grass_1,grass,1,plants
p005,2,4,leaf_1.jpg,10,6,leaf_1,leaf,1,plants
p005,2,4,peanut_1.jpg,6,1,peanut_1,peanut,1,plants
p005,2,4,tree_1.jpg,10,2,tree_1,tree,1,plants
p005,2,5,butterfly_2.jpg,9,1,butterfly_2,butterfly,2,animals
p005,2,5,dolphin_2.jpg,1,1,dolphin_2,dolphin,2,animals
p005,2,5,fish_2.jpg,1,6,fish_2,fish,2,animals
p005,2,5,fox_2.jpg,5,6,fox_2,fox,2,animals
p005,2,5,horse_2.jpg,8,4,horse_2,horse,2,animals
p005,2,5,ladybug_2.jpg,8,1,ladybug_2,ladybug,2,animals
p005,2,5,lion_2.jpg,3,3,lion_2,lion,2,animals
p005,2,5,peacock_2.jpg,3,1,peacock_2,peacock,2,animals
p005,2,5,pigeon_2.jpg,6,3,pigeon_2,pigeon,2,animals
p005,2,5,sheep_2.jpg,10,2,sheep_2,sheep,2,animals
p005,2,5,squirrel_2.jpg,6,1,squirrel_2,squirrel,2,animals
p005,2,5,wolf_2.jpg,6,6,wolf_2,wolf,2,animals
p005,2,6,angry_1.jpg,4,6,angry_1,angry,1,emotions
p005,2,6,angry_2.jpg,3,6,angry_2,angry,2,emotions
p005,2,6,disgust_1.jpg,6,6,disgust_1,disgust,1,emotions
p005,2,6,disgust_2.jpg,5,6,disgust_2,disgust,2,emotions
p005,2,6,fearful_1.jpg,10,5,fearful_1,fearful,1,emotions
p005,2,6,fearful_2.jpg,7,1,fearful_2,fearful,2,emotions
p005,2,6,happy_1.jpg,6,4,happy_1,happy,1,emotions
p005,2,6,happy_2.jpg,7,4,happy_2,happy,2,emotions
p005,2,6,sad_1.jpg,5,1,sad_1,sad,1,emotions
p005,2,6,sad_2.jpg,10,1,sad_2,sad,2,emotions
p005,2,6,surprise_1.jpg,2,3,surprise_1,surprise,1,emotions
p005,2,6,surprise_2.jpg,3,3,surprise_2,surprise,2,emotions
p006,1,1,acorn_1.jpg,6,3,acorn_1,acorn,1,plants
p006,1,1,apple_1.jpg,3,2,apple_1,apple,1,plants
p006,1,1,blueberry_1.jpg,4,3,blueberry_1,blueberry,1,plants
p006,1,1,broccoli_1.jpg,8,2,broccoli_1,broccoli,1,plants
p006,1,1,cabbage_1.jpg,4,2,cabbage_1,cabbage,1,plants
p006,1,1,cactus_1.jpg,7,3,cactus_1,cactus,1,plants
p006,1,1,cherry_1.jpg,3,3,cherry_1,cherry,1,plants
p006,1,1,flower_1.jpg,6,2,flower_1,flower,1,plants
p006,1,1,grass_1.jpg,3,5,grass_1,grass,1,plants
p006,1,1,leaf_1.jpg,8,3,leaf_1,leaf,1,plants
p006,1,1,peanut_1.jpg,7,2,peanut_1,peanut,1,plants
p006,1,1,tree_1.jpg,2,5,tree_1,tree,1,plants
p006,1,2,butterfly_2.jpg,6,4,butterfly_2,butterfly,2,animals
p006,1,2,dolphin_2.jpg,6,3,dolphin_2,dolphin,2,animals
p006,1,2,fish_2.jpg,6,2,fish_2,fish,2,animals
p006,1,2,fox_2.jpg,4,2,fox_2,fox,2,animals
p006,1,2,horse_2.jpg,7,3,horse_2,horse,2,animals
p006,1,2,ladybug_2.jpg,4,3,ladybug_2,ladybug,2,animals
p006,1,2,lion_2.jpg,4,4,lion_2,lion,2,animals
p006,1,2,peacock_2.jpg,3,2,peacock_2,peacock,2,animals
p006,1,2,pigeon_2.jpg,7,4,pigeon_2,pigeon,2,animals
p006,1,2,sheep_2.jpg,7,2,sheep_2,sheep,2,animals
p006,1,2,squirrel_2.jpg,3,3,squirrel_2,squirrel,2,animals
p006,1,2,wolf_2.jpg,3,4,wolf_2,wolf,2,animals
p006,1,3,angry_3.jpg,6,3,angry_3,angry,3,emotions
p006,1,3,angry_4.jpg,4,2,angry_4,angry,4,emotions
p006,1,3,disgust_3.jpg,6,6,disgust_3,disgust,3,emotions
p006,1,3,disgust_4.jpg,6,2,disgust_4,disgust,4,emotions
p006,1,3,fearful_3.jpg,4,3,fearful_3,fearful,3,emotions
p006,1,3,fearful_4.jpg,2,5,fearful_4,fearful,4,emotions
p006,1,3,happy_3.jpg,5,2,happy_3,happy,3,emotions
p006,1,3,happy_4.jpg,3,5,happy_4,happy,4,emotions
p006,1,3,sad_3.jpg,10,4,sad_3,sad,3,emotions
p006,1,3,sad_4.jpg,10,3,sad_4,sad,4,emotions
p006,1,3,surprise_3.jpg,2,1,surprise_3,surprise,3,emotions
p006,1,3,surprise_4.jpg,1,5,surprise_4,surprise,4,emotions
p006,2,4,acorn_2.jpg,5,4,acorn_2,acorn,2,plants
p006,2,4,apple_2.jpg,5,3,apple_2,apple,2,plants
p006,2,4,blueberry_2.jpg,5,5,blueberry_2,blueberry,2,plants
p006,2,4,broccoli_2.jpg,4,2,broccoli_2,broccoli,2,plants
p006,2,4,cabbage_2.jpg,4,3,cabbage_2,cabbage,2,plants
p006,2,4,cactus_2.jpg,6,3,cactus_2,cactus,2,plants
p006,2,4,cherry_2.jpg,6,2,cherry_2,cherry,2,plants
p006,2,4,flower_2.jpg,5,6,flower_2,flower,2,plants
p006,2,4,grass_2.jpg,4,6,grass_2,grass,2,plants
p006,2,4,leaf_2.jpg,3,6,leaf_2,leaf,2,plants
p006,2,4,peanut_2.jpg,5,2,peanut_2,peanut,2,plants
p006,2,4,tree_2.jpg,6,6,tree_2,tree,2,plants
p006,2,5,butterfly_1.jpg,7,4,butterfly_1,butterfly,1,animals
p006,2,5,dolphin_1.jpg,7,3,dolphin_1,dolphin,1,animals
p006,2,5,fish_1.jpg,4,5,fish_1,fish,1,animals
p006,2,5,fox_1.jpg,5,5,fox_1,fox,1,animals
p006,2,5,horse_1.jpg,7,5,horse_1,horse,1,animals
p006,2,5,ladybug_1.jpg,4,3,ladybug_1,ladybug,1,animals
p006,2,5,lion_1.jpg,10,5,lion_1,lion,1,animals
p006,2,5,peacock_1.jpg,6,5,peacock_1,peacock,1,animals
p006,2,5,pigeon_1.jpg,8,5,pigeon_1,pigeon,1,animals
p006,2,5,sheep_1.jpg,9,5,sheep_1,sheep,1,animals
p006,2,5,squirrel_1.jpg,4,4,squirrel_1,squirrel,1,animals
p006,2,5,wolf_1.jpg,4,6,wolf_1,wolf,1,animals
p006,2,6,angry_1.jpg,8,1,angry_1,angry,1,emotions
p006,2,6,angry_2.jpg,10,5,angry_2,angry,2,emotions
p006,2,6,disgust_1.jpg,6,4,disgust_1,disgust,1,emotions
p006,2,6,disgust_2.jpg,10,4,disgust_2,disgust,2,emotions
p006,2,6,fearful_1.jpg,4,4,fearful_1,fearful,1,emotions
p006,2,6,fearful_2.jpg,3,6,fearful_2,fearful,2,emotions
p006,2,6,happy_1.jpg,4,3,happy_1,happy,1,emotions
p006,2,6,happy_2.jpg,6,6,happy_2,happy,2,emotions
p006,2,6,sad_1.jpg,7,6,sad_1,sad,1,emotions
p006,2,6,sad_2.jpg,2,4,sad_2,sad,2,emotions
p006,2,6,surprise_1.jpg,2,5,surprise_1,surprise,1,emotions
p006,2,6,surprise_2.jpg,6,3,surprise_2,surprise,2,emotions
p007,1,1,angry_3.jpg,5,6,angry_3,angry,3,emotions
p007,1,1,angry_4.jpg,4,6,angry_4,angry,4,emotions
p007,1,1,disgust_3.jpg,9,4,disgust_3,disgust,3,emotions
p007,1,1,disgust_4.jpg,10,6,disgust_4,disgust,4,emotions
p007,1,1,fearful_3.jpg,7,5,fearful_3,fearful,3,emotions
p007,1,1,fearful_4.jpg,8,5,fearful_4,fearful,4,emotions
p007,1,1,happy_3.jpg,7,6,happy_3,happy,3,emotions
p007,1,1,happy_4.jpg,10,3,happy_4,happy,4,emotions
p007,1,1,sad_3.jpg,3,5,sad_3,sad,3,emotions
p007,1,1,sad_4.jpg,6,6,sad_4,sad,4,emotions
p007,1,1,surprise_3.jpg,9,6,surprise_3,surprise,3,emotions
p007,1,1,surprise_4.jpg,9,3,surprise_4,surprise,4,emotions
p007,1,2,acorn_2.jpg,7,3,acorn_2,acorn,2,plants
p007,1,2,apple_2.jpg,9,3,apple_2,apple,2,plants
p007,1,2,blueberry_2.jpg,6,6,blueberry_2,blueberry,2,plants
p007,1,2,broccoli_2.jpg,8,1,broccoli_2,broccoli,2,plants
p007,1,2,cabbage_2.jpg,4,6,cabbage_2,cabbage,2,plants
p007,1,2,cactus_2.jpg,3,6,cactus_2,cactus,2,plants
p007,1,2,cherry_2.jpg,10,4,cherry_2,cherry,2,plants
p007,1,2,flower_2.jpg,6,3,flower_2,flower,2,plants
p007,1,2,grass_2.jpg,8,6,grass_2,grass,2,plants
p007,1,2,leaf_2.jpg,7,6,leaf_2,leaf,2,plants
p007,1,2,peanut_2.jpg,6,4,peanut_2,peanut,2,plants
p007,1,2,tree_2.jpg,9,6,tree_2,tree,2,plants
p007,1,3,butterfly_2.jpg,5,6,butterfly_2,butterfly,2,animals
p007,1,3,dolphin_2.jpg,3,5,dolphin_2,dolphin,2,animals
p007,1,3,fish_2.jpg,1,5,fish_2,fish,2,animals
p007,1,3,fox_2.jpg,3,6,fox_2,fox,2,animals
p007,1,3,horse_2.jpg,8,3,horse_2,horse,2,animals
p007,1,3,ladybug_2.jpg,4,6,ladybug_2,ladybug,2,animals
p007,1,3,lion_2.jpg,7,3,lion_2,lion,2,animals
p007,1,3,peacock_2.jpg,7,4,peacock_2,peacock,2,animals
p007,1,3,pigeon_2.jpg,1,6,pigeon_2,pigeon,2,animals
p007,1,3,sheep_2.jpg,6,3,sheep_2,sheep,2,animals
p007,1,3,squirrel_2.jpg,2,6,squirrel_2,squirrel,2,animals
p007,1,3,wolf_2.jpg,9,3,wolf_2,wolf,2,animals
p007,2,4,angry_1.jpg,6,2,angry_1,angry,1,emotions
p007,2,4,angry_2.jpg,8,2,angry_2,angry,2,emotions
p007,2,4,disgust_1.jpg,5,2,disgust_1,disgust,1,emotions
p007,2,4,disgust_2.jpg,7,2,disgust_2,disgust,2,emotions
p007,2,4,fearful_1.jpg,7,3,fearful_1,fearful,1,emotions
p007,2,4,fearful_2.jpg,5,5,fearful_2,fearful,2,emotions
p007,2,4,happy_1.jpg,10,2,happy_1,happy,1,emotions
p007,2,4,happy_2.jpg,9,3,happy_2,happy,2,emotions
p007,2,4,sad_1.jpg,5,3,sad_1,sad,1,emotions
p007,2,4,sad_2.jpg,4,5,sad_2,sad,2,emotions
p007,2,4,surprise_1.jpg,3,3,surprise_1,surprise,1,emotions
p007,2,4,surprise_2.jpg,8,3,surprise_2,surprise,2,emotions
p007,2,5,acorn_1.jpg,2,6,acorn_1,acorn,1,plants
p007,2,5,apple_1.jpg,6,6,apple_1,apple,1,plants
p007,2,5,blueberry_1.jpg,9,6,blueberry_1,blueberry,1,plants
p007,2,5,broccoli_1.jpg,7,6,broccoli_1,broccoli,1,plants
p007,2,5,cabbage_1.jpg,5,3,cabbage_1,cabbage,1,plants
p007,2,5,cactus_1.jpg,6,4,cactus_1,cactus,1,plants
p007,2,5,cherry_1.jpg,8,6,cherry_1,cherry,1,plants
p007,2,5,flower_1.jpg,4,6,flower_1,flower,1,plants
p007,2,5,grass_1.jpg,6,2,grass_1,grass,1,plants
p007,2,5,leaf_1.jpg,7,4,leaf_1,leaf,1,plants
p007,2,5,peanut_1.jpg,5,6,peanut_1,peanut,1,plants
p007,2,5,tree_1.jpg,4,4,tree_1,tree,1,plants
p007,2,6,butterfly_1.jpg,9,3,butterfly_1,butterfly,1,animals
p007,2,6,dolphin_1.jpg,4,3,dolphin_1,dolphin,1,animals
p007,2,6,fish_1.jpg,8,3,fish_1,fish,1,animals
p007,2,6,fox_1.jpg,3,6,fox_1,fox,1,animals
p007,2,6,horse_1.jpg,3,5,horse_1,horse,1,animals
p007,2,6,ladybug_1.jpg,6,2,ladybug_1,ladybug,1,animals
p007,2,6,lion_1.jpg,10,3,lion_1,lion,1,animals
p007,2,6,peacock_1.jpg,4,4,peacock_1,peacock,1,animals
p007,2,6,pigeon_1.jpg,4,6,pigeon_1,pigeon,1,animals
p007,2,6,sheep_1.jpg,4,5,sheep_1,sheep,1,animals
p007,2,6,squirrel_1.jpg,5,5,squirrel_1,squirrel,1,animals
p007,2,6,wolf_1.jpg,7,4,wolf_1,wolf,1,animals
p008,1,1,acorn_1.jpg,3,2,acorn_1,acorn,1,plants
p008,1,1,apple_1.jpg,3,5,apple_1,apple,1,plants
p008,1,1,blueberry_1.jpg,7,4,blueberry_1,blueberry,1,plants
p008,1,1,broccoli_1.jpg,4,5,broccoli_1,broccoli,1,plants
p008,1,1,cabbage_1.jpg,1,1,cabbage_1,cabbage,1,plants
p008,1,1,cactus_1.jpg,7,6,cactus_1,cactus,1,plants
p008,1,1,cherry_1.jpg,8,4,cherry_1,cherry,1,plants
p008,1,1,flower_1.jpg,8,6,flower_1,flower,1,plants
p008,1,1,grass_1.jpg,6,1,grass_1,grass,1,plants
p008,1,1,leaf_1.jpg,9,6,leaf_1,leaf,1,plants
p008,1,1,peanut_1.jpg,9,1,peanut_1,peanut,1,plants
p008,1,1,tree_1.jpg,1,6,tree_1,tree,1,plants
p008,1,2,butterfly_1.jpg,10,2,butterfly_1,butterfly,1,animals
p008,1,2,dolphin_1.jpg,2,5,dolphin_1,dolphin,1,animals
p008,1,2,fish_1.jpg,1,1,fish_1,fish,1,animals
p008,1,2,fox_1.jpg,7,6,fox_1,fox,1,animals
p008,1,2,horse_1.jpg,8,1,horse_1,horse,1,animals
p008,1,2,ladybug_1.jpg,10,1,ladybug_1,ladybug,1,animals
p008,1,2,lion_1.jpg,7,2,lion_1,lion,1,animals
p008,1,2,peacock_1.jpg,8,6,peacock_1,peacock,1,animals
p008,1,2,pigeon_1.jpg,5,2,pigeon_1,pigeon,1,animals
p008,1,2,sheep_1.jpg,4,2,sheep_1,sheep,1,animals
p008,1,2,squirrel_1.jpg,6,6,squirrel_1,squirrel,1,animals
p008,1,2,wolf_1.jpg,7,1,wolf_1,wolf,1,animals
p008,1,3,angry_1.jpg,2,3,angry_1,angry,1,emotions
p008,1,3,angry_2.jpg,9,6,angry_2,angry,2,emotions
p008,1,3,disgust_1.jpg,7,6,disgust_1,disgust,1,emotions
p008,1,3,disgust_2.jpg,5,6,disgust_2,disgust,2,emotions
p008,1,3,fearful_1.jpg,5,3,fearful_1,fearful,1,emotions
p008,1,3,fearful_2.jpg,3,3,fearful_2,fearful,2,emotions
p008,1,3,happy_1.jpg,4,3,happy_1,happy,1,emotions
p008,1,3,happy_2.jpg,8,3,happy_2,happy,2,emotions
p008,1,3,sad_1.jpg,3,6,sad_1,sad,1,emotions
p008,1,3,sad_2.jpg,2,6,sad_2,sad,2,emotions
p008,1,3,surprise_1.jpg,5,1,surprise_1,surprise,1,emotions
p008,1,3,surprise_2.jpg,6,1,surprise_2,surprise,2,emotions
p008,2,4,acorn_2.jpg,9,1,acorn_2,acorn,2,plants
p008,2,4,apple_2.jpg,6,4,apple_2,apple,2,plants
p008,2,4,blueberry_2.jpg,5,4,blueberry_2,blueberry,2,plants
p008,2,4,broccoli_2.jpg,3,2,broccoli_2,broccoli,2,plants
p008,2,4,cabbage_2.jpg,2,2,cabbage_2,cabbage,2,plants
p008,2,4,cactus_2.jpg,7,6,cactus_2,cactus,2,plants
p008,2,4,cherry_2.jpg,7,4,cherry_2,cherry,2,plants
p008,2,4,flower_2.jpg,9,4,flower_2,flower,2,plants
p008,2,4,grass_2.jpg,4,6,grass_2,grass,2,plants
p008,2,4,leaf_2.jpg,6,6,leaf_2,leaf,2,plants
p008,2,4,peanut_2.jpg,10,1,peanut_2,peanut,2,plants
p008,2,4,tree_2.jpg,5,6,tree_2,tree,2,plants
p008,2,5,butterfly_2.jpg,10,1,butterfly_2,butterfly,2,animals
p008,2,5,dolphin_2.jpg,5,6,dolphin_2,dolphin,2,animals
p008,2,5,fish_2.jpg,6,6,fish_2,fish,2,animals
p008,2,5,fox_2.jpg,3,2,fox_2,fox,2,animals
p008,2,5,horse_2.jpg,5,2,horse_2,horse,2,animals
p008,2,5,ladybug_2.jpg,9,1,ladybug_2,ladybug,2,animals
p008,2,5,lion_2.jpg,8,2,lion_2,lion,2,animals
p008,2,5,peacock_2.jpg,4,2,peacock_2,peacock,2,animals
p008,2,5,pigeon_2.jpg,2,4,pigeon_2,pigeon,2,animals
p008,2,5,sheep_2.jpg,7,2,sheep_2,sheep,2,animals
p008,2,5,squirrel_2.jpg,9,2,squirrel_2,squirrel,2,animals
p008,2,5,wolf_2.jpg,6,2,wolf_2,wolf,2,animals
p008,2,6,angry_3.jpg,5,3,angry_3,angry,3,emotions
p008,2,6,angry_4.jpg,8,6,angry_4,angry,4,emotions
p008,2,6,disgust_3.jpg,10,1,disgust_3,disgust,3,emotions
p008,2,6,disgust_4.jpg,4,3,disgust_4,disgust,4,emotions
p008,2,6,fearful_3.jpg,7,3,fearful_3,fearful,3,emotions
p008,2,6,fearful_4.jpg,5,5,fearful_4,fearful,4,emotions
p008,2,6,happy_3.jpg,8,3,happy_3,happy,3,emotions
p008,2,6,happy_4.jpg,9,3,happy_4,happy,4,emotions
p008,2,6,sad_3.jpg,6,5,sad_3,sad,3,emotions
p008,2,6,sad_4.jpg,9,6,sad_4,sad,4,emotions
p008,2,6,surprise_3.jpg,6,1,surprise_3,surprise,3,emotions
p008,2,6,surprise_4.jpg,3,5,surprise_4,surprise,4,emotions
p009,1,1,butterfly_1.jpg,1,1,butterfly_1,butterfly,1,animals
p009,1,1,dolphin_1.jpg,6,4,dolphin_1,dolphin,1,animals
p009,1,1,fish_1.jpg,8,2,fish_1,fish,1,animals
p009,1,1,fox_1.jpg,1,3,fox_1,fox,1,animals
p009,1,1,horse_1.jpg,3,6,horse_1,horse,1,animals
p009,1,1,ladybug_1.jpg,4,3,ladybug_1,ladybug,1,animals
p009,1,1,lion_1.jpg,1,5,lion_1,lion,1,animals
p009,1,1,peacock_1.jpg,7,6,peacock_1,peacock,1,animals
p009,1,1,pigeon_1.jpg,5,1,pigeon_1,pigeon,1,animals
p009,1,1,sheep_1.jpg,8,4,sheep_1,sheep,1,animals
p009,1,1,squirrel_1.jpg,10,6,squirrel_1,squirrel,1,animals
p009,1,1,wolf_1.jpg,2,3,wolf_1,wolf,1,animals
p009,1,2,angry_1.jpg,4,6,angry_1,angry,1,emotions
p009,1,2,angry_2.jpg,8,5,angry_2,angry,2,emotions
p009,1,2,disgust_1.jpg,4,3,disgust_1,disgust,1,emotions
p009,1,2,disgust_2.jpg,5,6,disgust_2,disgust,2,emotions
p009,1,2,fearful_1.jpg,2,4,fearful_1,fearful,1,emotions
p009,1,2,fearful_2.jpg,1,6,fearful_2,fearful,2,emotions
p009,1,2,happy_1.jpg,9,6,happy_1,happy,1,emotions
p009,1,2,happy_2.jpg,8,3,happy_2,happy,2,emotions
p009,1,2,sad_1.jpg,6,4,sad_1,sad,1,emotions
p009,1,2,sad_2.jpg,2,3,sad_2,sad,2,emotions
p009,1,2,surprise_1.jpg,5,1,surprise_1,surprise,1,emotions
p009,1,2,surprise_2.jpg,10,6,surprise_2,surprise,2,emotions
p009,1,3,acorn_1.jpg,6,1,acorn_1,acorn,1,plants
p009,1,3,apple_1.jpg,4,5,apple_1,apple,1,plants
p009,1,3,blueberry_1.jpg,1,5,blueberry_1,blueberry,1,plants
p009,1,3,broccoli_1.jpg,1,2,broccoli_1,broccoli,1,plants
p009,1,3,cabbage_1.jpg,7,3,cabbage_1,cabbage,1,plants
p009,1,3,cactus_1.jpg,10,5,cactus_1,cactus,1,plants
p009,1,3,cherry_1.jpg,6,6,cherry_1,cherry,1,plants
p009,1,3,flower_1.jpg,9,2,flower_1,flower,1,plants
p009,1,3,grass_1.jpg,1,3,grass_1,grass,1,plants
p009,1,3,leaf_1.jpg,3,1,leaf_1,leaf,1,plants
p009,1,3,peanut_1.jpg,7,1,peanut_1,peanut,1,plants
p009,1,3,tree_1.jpg,4,3,tree_1,tree,1,plants
p009,2,4,butterfly_2.jpg,6,6,butterfly_2,butterfly,2,animals
p009,2,4,dolphin_2.jpg,8,1,dolphin_2,dolphin,2,animals
p009,2,4,fish_2.jpg,7,3,fish_2,fish,2,animals
p009,2,4,fox_2.jpg,9,4,fox_2,fox,2,animals
p009,2,4,horse_2.jpg,1,6,horse_2,horse,2,animals
p009,2,4,ladybug_2.jpg,5,1,ladybug_2,ladybug,2,animals
p009,2,4,lion_2.jpg,1,3,lion_2,lion,2,animals
p009,2,4,peacock_2.jpg,2,2,peacock_2,peacock,2,animals
p009,2,4,pigeon_2.jpg,5,3,pigeon_2,pigeon,2,animals
p009,2,4,sheep_2.jpg,4,6,sheep_2,sheep,2,animals
p009,2,4,squirrel_2.jpg,4,3,squirrel_2,squirrel,2,animals
p009,2,4,wolf_2.jpg,10,4,wolf_2,wolf,2,animals
p009,2,5,angry_3.jpg,1,3,angry_3,angry,3,emotions
p009,2,5,angry_4.jpg,4,3,angry_4,angry,4,emotions
p009,2,5,disgust_3.jpg,1,2,disgust_3,disgust,3,emotions
p009,2,5,disgust_4.jpg,10,1,disgust_4,disgust,4,emotions
p009,2,5,fearful_3.jpg,4,1,fearful_3,fearful,3,emotions
p009,2,5,fearful_4.jpg,10,6,fearful_4,fearful,4,emotions
p009,2,5,happy_3.jpg,2,4,happy_3,happy,3,emotions
p009,2,5,happy_4.jpg,1,6,happy_4,happy,4,emotions
p009,2,5,sad_3.jpg,7,1,sad_3,sad,3,emotions
p009,2,5,sad_4.jpg,5,1,sad_4,sad,4,emotions
p009,2,5,surprise_3.jpg,5,6,surprise_3,surprise,3,emotions
p009,2,5,surprise_4.jpg,9,3,surprise_4,surprise,4,emotions
p009,2,6,acorn_2.jpg,5,1,acorn_2,acorn,2,plants
p009,2,6,apple_2.jpg,7,2,apple_2,apple,2,plants
p009,2,6,blueberry_2.jpg,10,1,blueberry_2,blueberry,2,plants
p009,2,6,broccoli_2.jpg,9,6,broccoli_2,broccoli,2,plants
p009,2,6,cabbage_2.jpg,6,6,cabbage_2,cabbage,2,plants
p009,2,6,cactus_2.jpg,10,6,cactus_2,cactus,2,plants
p009,2,6,cherry_2.jpg,8,2,cherry_2,cherry,2,plants
p009,2,6,flower_2.jpg,1,2,flower_2,flower,2,plants
p009,2,6,grass_2.jpg,1,6,grass_2,grass,2,plants
p009,2,6,leaf_2.jpg,5,6,leaf_2,leaf,2,plants
p009,2,6,peanut_2.jpg,4,1,peanut_2,peanut,2,plants
p009,2,6,tree_2.jpg,1,5,tree_2,tree,2,plants
p010,1,1,butterfly_2.jpg,5,4,butterfly_2,butterfly,2,animals
p010,1,1,dolphin_2.jpg,4,1,dolphin_2,dolphin,2,animals
p010,1,1,fish_2.jpg,1,6,fish_2,fish,2,animals
p010,1,1,fox_2.jpg,2,2,fox_2,fox,2,animals
p010,1,1,horse_2.jpg,7,6,horse_2,horse,2,animals
p010,1,1,ladybug_2.jpg,3,4,ladybug_2,ladybug,2,animals
p010,1,1,lion_2.jpg,8,1,lion_2,lion,2,animals
p010,1,1,peacock_2.jpg,10,6,peacock_2,peacock,2,animals
p010,1,1,pigeon_2.jpg,9,3,pigeon_2,pigeon,2,animals
p010,1,1,sheep_2.jpg,8,4,sheep_2,sheep,2,animals
p010,1,1,squirrel_2.jpg,6,2,squirrel_2,squirrel,2,animals
p010,1,1,wolf_2.jpg,7,3,wolf_2,wolf,2,animals
p010,1,2,acorn_2.jpg,4,3,acorn_2,acorn,2,plants
p010,1,2,apple_2.jpg,10,1,apple_2,apple,2,plants
p010,1,2,blueberry_2.jpg,3,5,blueberry_2,blueberry,2,plants
p010,1,2,broccoli_2.jpg,8,3,broccoli_2,broccoli,2,plants
p010,1,2,cabbage_2.jpg,6,2,cabbage_2,cabbage,2,plants
p010,1,2,cactus_2.jpg,7,2,cactus_2,cactus,2,plants
p010,1,2,cherry_2.jpg,9,3,cherry_2,cherry,2,plants
p010,1,2,flower_2.jpg,8,4,flower_2,flower,2,plants
p010,1,2,grass_2.jpg,7,3,grass_2,grass,2,plants
p010,1,2,leaf_2.jpg,8,2,leaf_2,leaf,2,plants
p010,1,2,peanut_2.jpg,4,1,peanut_2,peanut,2,plants
p010,1,2,tree_2.jpg,6,3,tree_2,tree,2,plants
p010,1,3,angry_3.jpg,1,1,angry_3,angry,3,emotions
p010,1,3,angry_4.jpg,10,1,angry_4,angry,4,emotions
p010,1,3,disgust_3.jpg,9,1,disgust_3,disgust,3,emotions
p010,1,3,disgust_4.jpg,8,1,disgust_4,disgust,4,emotions
p010,1,3,fearful_3.jpg,2,4,fearful_3,fearful,3,emotions
p010,1,3,fearful_4.jpg,3,4,fearful_4,fearful,4,emotions
p010,1,3,happy_3.jpg,6,3,happy_3,happy,3,emotions
p010,1,3,happy_4.jpg,5,3,happy_4,happy,4,emotions
p010,1,3,sad_3.jpg,2,6,sad_3,sad,3,emotions
p010,1,3,sad_4.jpg,3,6,sad_4,sad,4,emotions
p010,1,3,surprise_3.jpg,3,5,surprise_3,surprise,3,emotions
p010,1,3,surprise_4.jpg,5,6,surprise_4,surprise,4,emotions
p010,2,4,butterfly_1.jpg,9,3,butterfly_1,butterfly,1,animals
p010,2,4,dolphin_1.jpg,4,2,dolphin_1,dolphin,1,animals
p010,2,4,fish_1.jpg,8,1,fish_1,fish,1,animals
p010,2,4,fox_1.jpg,5,5,fox_1,fox,1,animals
p010,2,4,horse_1.jpg,8,4,horse_1,horse,1,animals
p010,2,4,ladybug_1.jpg,1,1,ladybug_1,ladybug,1,animals
p010,2,4,lion_1.jpg,10,1,lion_1,lion,1,animals
p010,2,4,peacock_1.jpg,6,3,peacock_1,peacock,1,animals
p010,2,4,pigeon_1.jpg,4,1,pigeon_1,pigeon,1,animals
p010,2,4,sheep_1.jpg,2,4,sheep_1,sheep,1,animals
p010,2,4,squirrel_1.jpg,9,5,squirrel_1,squirrel,1,animals
p010,2,4,wolf_1.jpg,6,5,wolf_1,wolf,1,animals
p010,2,5,acorn_1.jpg,4,5,acorn_1,acorn,1,plants
p010,2,5,apple_1.jpg,8,4,apple_1,apple,1,plants
p010,2,5,blueberry_1.jpg,6,3,blueberry_1,blueberry,1,plants
p010,2,5,broccoli_1.jpg,3,2,broccoli_1,broccoli,1,plants
p010,2,5,cabbage_1.jpg,1,2,cabbage_1,cabbage,1,plants
p010,2,5,cactus_1.jpg,1,3,cactus_1,cactus,1,plants
p010,2,5,cherry_1.jpg,9,4,cherry_1,cherry,1,plants
p010,2,5,flower_1.jpg,3,3,flower_1,flower,1,plants
p010,2,5,grass_1.jpg,2,3,grass_1,grass,1,plants
p010,2,5,leaf_1.jpg,2,2,leaf_1,leaf,1,plants
p010,2,5,peanut_1.jpg,3,5,peanut_1,peanut,1,plants
p010,2,5,tree_1.jpg,5,5,tree_1,tree,1,plants
p010,2,6,angry_1.jpg,10,1,angry_1,angry,1,emotions
p010,2,6,angry_2.jpg,9,1,angry_2,angry,2,emotions
p010,2,6,disgust_1.jpg,8,1,disgust_1,disgust,1,emotions
p010,2,6,disgust_2.jpg,1,1,disgust_2,disgust,2,emotions
p010,2,6,fearful_1.jpg,9,6,fearful_1,fearful,1,emotions
p010,2,6,fearful_2.jpg,10,3,fearful_2,fearful,2,emotions
p010,2,6,happy_1.jpg,5,5,happy_1,happy,1,emotions
p010,2,6,happy_2.jpg,6,3,happy_2,happy,2,emotions
p010,2,6,sad_1.jpg,10,6,sad_1,sad,1,emotions
p010,2,6,sad_2.jpg,9,3,sad_2,sad,2,emotions
p010,2,6,surprise_1.jpg,8,5,surprise_1,surprise,1,emotions
p010,2,6,surprise_2.jpg,7,1,surprise_2,surprise,2,emotions
p011,1,1,angry_1.jpg,10,4,angry_1,angry,1,emotions
p011,1,1,angry_2.jpg,10,2,angry_2,angry,2,emotions
p011,1,1,disgust_1.jpg,10,1,disgust_1,disgust,1,emotions
p011,1,1,disgust_2.jpg,10,5,disgust_2,disgust,2,emotions
p011,1,1,fearful_1.jpg,5,2,fearful_1,fearful,1,emotions
p011,1,1,fearful_2.jpg,5,1,fearful_2,fearful,2,emotions
p011,1,1,happy_1.jpg,1,1,happy_1,happy,1,emotions
p011,1,1,happy_2.jpg,1,2,happy_2,happy,2,emotions
p011,1,1,sad_1.jpg,10,3,sad_1,sad,1,emotions
p011,1,1,sad_2.jpg,5,3,sad_2,sad,2,emotions
p011,1,1,surprise_1.jpg,1,6,surprise_1,surprise,1,emotions
p011,1,1,surprise_2.jpg,1,5,surprise_2,surprise,2,emotions
p011,1,2,butterfly_1.jpg,10,6,butterfly_1,butterfly,1,animals
p011,1,2,dolphin_1.jpg,1,2,dolphin_1,dolphin,1,animals
p011,1,2,fish_1.jpg,1,1,fish_1,fish,1,animals
p011,1,2,fox_1.jpg,10,2,fox_1,fox,1,animals
p011,1,2,horse_1.jpg,5,4,horse_1,horse,1,animals
p011,1,2,ladybug_1.jpg,10,4,ladybug_1,ladybug,1,animals
p011,1,2,lion_1.jpg,10,1,lion_1,lion,1,animals
p011,1,2,peacock_1.jpg,5,2,peacock_1,peacock,1,animals
p011,1,2,pigeon_1.jpg,5,1,pigeon_1,pigeon,1,animals
p011,1,2,sheep_1.jpg,10,5,sheep_1,sheep,1,animals
p011,1,2,squirrel_1.jpg,5,3,squirrel_1,squirrel,1,animals
p011,1,2,wolf_1.jpg,10,3,wolf_1,wolf,1,animals
p011,1,3,acorn_1.jpg,1,4,acorn_1,acorn,1,plants
p011,1,3,apple_1.jpg,10,4,apple_1,apple,1,plants
p011,1,3,blueberry_1.jpg,1,6,blueberry_1,blueberry,1,plants
p011,1,3,broccoli_1.jpg,1,5,broccoli_1,broccoli,1,plants
p011,1,3,cabbage_1.jpg,1,2,cabbage_1,cabbage,1,plants
p011,1,3,cactus_1.jpg,5,2,cactus_1,cactus,1,plants
p011,1,3,cherry_1.jpg,1,3,cherry_1,cherry,1,plants
p011,1,3,flower_1.jpg,5,1,flower_1,flower,1,plants
p011,1,3,grass_1.jpg,10,1,grass_1,grass,1,plants
p011,1,3,leaf_1.jpg,10,2,leaf_1,leaf,1,plants
p011,1,3,peanut_1.jpg,1,1,peanut_1,peanut,1,plants
p011,1,3,tree_1.jpg,10,3,tree_1,tree,1,plants
p011,2,4,angry_3.jpg,10,4,angry_3,angry,3,emotions
p011,2,4,angry_4.jpg,10,2,angry_4,angry,4,emotions
p011,2,4,disgust_3.jpg,10,5,disgust_3,disgust,3,emotions
p011,2,4,disgust_4.jpg,10,6,disgust_4,disgust,4,emotions
p011,2,4,fearful_3.jpg,5,3,fearful_3,fearful,3,emotions
p011,2,4,fearful_4.jpg,10,1,fearful_4,fearful,4,emotions
p011,2,4,happy_3.jpg,1,1,happy_3,happy,3,emotions
p011,2,4,happy_4.jpg,1,3,happy_4,happy,4,emotions
p011,2,4,sad_3.jpg,6,1,sad_3,sad,3,emotions
p011,2,4,sad_4.jpg,10,3,sad_4,sad,4,emotions
p011,2,4,surprise_3.jpg,4,1,surprise_3,surprise,3,emotions
p011,2,4,surprise_4.jpg,1,2,surprise_4,surprise,4,emotions
p011,2,5,butterfly_2.jpg,10,1,butterfly_2,butterfly,2,animals
p011,2,5,dolphin_2.jpg,7,1,dolphin_2,dolphin,2,animals
p011,2,5,fish_2.jpg,8,1,fish_2,fish,2,animals
p011,2,5,fox_2.jpg,5,6,fox_2,fox,2,animals
p011,2,5,horse_2.jpg,5,1,horse_2,horse,2,animals
p011,2,5,ladybug_2.jpg,10,2,ladybug_2,ladybug,2,animals
p011,2,5,lion_2.jpg,5,3,lion_2,lion,2,animals
p011,2,5,peacock_2.jpg,1,2,peacock_2,peacock,2,animals
p011,2,5,pigeon_2.jpg,1,1,pigeon_2,pigeon,2,animals
p011,2,5,sheep_2.jpg,5,2,sheep_2,sheep,2,animals
p011,2,5,squirrel_2.jpg,5,4,squirrel_2,squirrel,2,animals
p011,2,5,wolf_2.jpg,5,5,wolf_2,wolf,2,animals
p011,2,6,acorn_2.jpg,8,4,acorn_2,acorn,2,plants
p011,2,6,apple_2.jpg,1,2,apple_2,apple,2,plants
p011,2,6,blueberry_2.jpg,8,2,blueberry_2,blueberry,2,plants
p011,2,6,broccoli_2.jpg,8,5,broccoli_2,broccoli,2,plants
p011,2,6,cabbage_2.jpg,8,1,cabbage_2,cabbage,2,plants
p011,2,6,cactus_2.jpg,10,1,cactus_2,cactus,2,plants
p011,2,6,cherry_2.jpg,8,6,cherry_2,cherry,2,plants
p011,2,6,flower_2.jpg,1,1,flower_2,flower,2,plants
p011,2,6,grass_2.jpg,5,1,grass_2,grass,2,plants
p011,2,6,leaf_2.jpg,5,3,leaf_2,leaf,2,plants
p011,2,6,peanut_2.jpg,8,3,peanut_2,peanut,2,plants
p011,2,6,tree_2.jpg,5,2,tree_2,tree,2,plants
p012,1,1,acorn_2.jpg,7,6,acorn_2,acorn,2,plants
p012,1,1,apple_2.jpg,5,3,apple_2,apple,2,plants
p012,1,1,blueberry_2.jpg,5,5,blueberry_2,blueberry,2,plants
p012,1,1,broccoli_2.jpg,5,2,broccoli_2,broccoli,2,plants
p012,1,1,cabbage_2.jpg,5,6,cabbage_2,cabbage,2,plants
p012,1,1,cactus_2.jpg,1,6,cactus_2,cactus,2,plants
p012,1,1,cherry_2.jpg,5,4,cherry_2,cherry,2,plants
p012,1,1,flower_2.jpg,3,6,flower_2,flower,2,plants
p012,1,1,grass_2.jpg,3,5,grass_2,grass,2,plants
p012,1,1,leaf_2.jpg,3,4,leaf_2,leaf,2,plants
p012,1,1,peanut_2.jpg,7,5,peanut_2,peanut,2,plants
p012,1,1,tree_2.jpg,3,3,tree_2,tree,2,plants
p012,1,2,angry_3.jpg,3,4,angry_3,angry,3,emotions
p012,1,2,angry_4.jpg,3,5,angry_4,angry,4,emotions
p012,1,2,disgust_3.jpg,3,3,disgust_3,disgust,3,emotions
p012,1,2,disgust_4.jpg,4,6,disgust_4,disgust,4,emotions
p012,1,2,fearful_3.jpg,2,5,fearful_3,fearful,3,emotions
p012,1,2,fearful_4.jpg,1,6,fearful_4,fearful,4,emotions
p012,1,2,happy_3.jpg,6,4,happy_3,happy,3,emotions
p012,1,2,happy_4.jpg,6,5,happy_4,happy,4,emotions
p012,1,2,sad_3.jpg,3,6,sad_3,sad,3,emotions
p012,1,2,sad_4.jpg,5,6,sad_4,sad,4,emotions
p012,1,2,surprise_3.jpg,2,6,surprise_3,surprise,3,emotions
p012,1,2,surprise_4.jpg,6,6,surprise_4,surprise,4,emotions
p012,1,3,butterfly_1.jpg,5,5,butterfly_1,butterfly,1,animals
p012,1,3,dolphin_1.jpg,2,6,dolphin_1,dolphin,1,animals
p012,1,3,fish_1.jpg,1,6,fish_1,fish,1,animals
p012,1,3,fox_1.jpg,3,6,fox_1,fox,1,animals
p012,1,3,horse_1.jpg,3,5,horse_1,horse,1,animals
p012,1,3,ladybug_1.jpg,5,6,ladybug_1,ladybug,1,animals
p012,1,3,lion_1.jpg,3,1,lion_1,lion,1,animals
p012,1,3,peacock_1.jpg,4,5,peacock_1,peacock,1,animals
p012,1,3,pigeon_1.jpg,4,6,pigeon_1,pigeon,1,animals
p012,1,3,sheep_1.jpg,3,4,sheep_1,sheep,1,animals
p012,1,3,squirrel_1.jpg,3,3,squirrel_1,squirrel,1,animals
p012,1,3,wolf_1.jpg,3,2,wolf_1,wolf,1,animals
p012,2,4,acorn_1.jpg,1,5,acorn_1,acorn,1,plants
p012,2,4,apple_1.jpg,2,6,apple_1,apple,1,plants
p012,2,4,blueberry_1.jpg,2,4,blueberry_1,blueberry,1,plants
p012,2,4,broccoli_1.jpg,2,2,broccoli_1,broccoli,1,plants
p012,2,4,cabbage_1.jpg,2,5,cabbage_1,cabbage,1,plants
p012,2,4,cactus_1.jpg,4,6,cactus_1,cactus,1,plants
p012,2,4,cherry_1.jpg,2,3,cherry_1,cherry,1,plants
p012,2,4,flower_1.jpg,5,6,flower_1,flower,1,plants
p012,2,4,grass_1.jpg,6,6,grass_1,grass,1,plants
p012,2,4,leaf_1.jpg,3,5,leaf_1,leaf,1,plants
p012,2,4,peanut_1.jpg,1,6,peanut_1,peanut,1,plants
p012,2,4,tree_1.jpg,3,6,tree_1,tree,1,plants
p012,2,5,angry_1.jpg,8,4,angry_1,angry,1,emotions
p012,2,5,angry_2.jpg,3,6,angry_2,angry,2,emotions
p012,2,5,disgust_1.jpg,8,6,disgust_1,disgust,1,emotions
p012,2,5,disgust_2.jpg,3,5,disgust_2,disgust,2,emotions
p012,2,5,fearful_1.jpg,9,5,fearful_1,fearful,1,emotions
p012,2,5,fearful_2.jpg,2,6,fearful_2,fearful,2,emotions
p012,2,5,happy_1.jpg,1,6,happy_1,happy,1,emotions
p012,2,5,happy_2.jpg,9,6,happy_2,happy,2,emotions
p012,2,5,sad_1.jpg,8,5,sad_1,sad,1,emotions
p012,2,5,sad_2.jpg,2,5,sad_2,sad,2,emotions
p012,2,5,surprise_1.jpg,10,6,surprise_1,surprise,1,emotions
p012,2,5,surprise_2.jpg,4,6,surprise_2,surprise,2,emotions
p012,2,6,butterfly_2.jpg,1,6,butterfly_2,butterfly,2,animals
p012,2,6,dolphin_2.jpg,4,6,dolphin_2,dolphin,2,animals
p012,2,6,fish_2.jpg,5,6,fish_2,fish,2,animals
p012,2,6,fox_2.jpg,3,1,fox_2,fox,2,animals
p012,2,6,horse_2.jpg,3,2,horse_2,horse,2,animals
p012,2,6,ladybug_2.jpg,1,5,ladybug_2,ladybug,2,animals
p012,2,6,lion_2.jpg,3,4,lion_2,lion,2,animals
p012,2,6,peacock_2.jpg,2,5,peacock_2,peacock,2,animals
p012,2,6,pigeon_2.jpg,2,6,pigeon_2,pigeon,2,animals
p012,2,6,sheep_2.jpg,3,3,sheep_2,sheep,2,animals
p012,2,6,squirrel_2.jpg,3,5,squirrel_2,squirrel,2,animals
p012,2,6,wolf_2.jpg,3,6,wolf_2,wolf,2,animals
p013,1,1,butterfly_2.jpg,1,3,butterfly_2,butterfly,2,animals
p013,1,1,dolphin_2.jpg,8,4,dolphin_2,dolphin,2,animals
p013,1,1,fish_2.jpg,10,5,fish_2,fish,2,animals
p013,1,1,fox_2.jpg,10,1,fox_2,fox,2,animals
p013,1,1,horse_2.jpg,4,4,horse_2,horse,2,animals
p013,1,1,ladybug_2.jpg,1,6,ladybug_2,ladybug,2,animals
p013,1,1,lion_2.jpg,9,2,lion_2,lion,2,animals
p013,1,1,peacock_2.jpg,6,6,peacock_2,peacock,2,animals
p013,1,1,pigeon_2.jpg,4,6,pigeon_2,pigeon,2,animals
p013,1,1,sheep_2.jpg,6,2,sheep_2,sheep,2,animals
p013,1,1,squirrel_2.jpg,3,2,squirrel_2,squirrel,2,animals
p013,1,1,wolf_2.jpg,10,3,wolf_2,wolf,2,animals
p013,1,2,acorn_2.jpg,10,3,acorn_2,acorn,2,plants
p013,1,2,apple_2.jpg,9,2,apple_2,apple,2,plants
p013,1,2,blueberry_2.jpg,7,4,blueberry_2,blueberry,2,plants
p013,1,2,broccoli_2.jpg,4,1,broccoli_2,broccoli,2,plants
p013,1,2,cabbage_2.jpg,6,1,cabbage_2,cabbage,2,plants
p013,1,2,cactus_2.jpg,7,2,cactus_2,cactus,2,plants
p013,1,2,cherry_2.jpg,8,3,cherry_2,cherry,2,plants
p013,1,2,flower_2.jpg,8,1,flower_2,flower,2,plants
p013,1,2,grass_2.jpg,10,2,grass_2,grass,2,plants
p013,1,2,leaf_2.jpg,9,4,leaf_2,leaf,2,plants
p013,1,2,peanut_2.jpg,10,5,peanut_2,peanut,2,plants
p013,1,2,tree_2.jpg,10,1,tree_2,tree,2,plants
p013,1,3,angry_3.jpg,9,3,angry_3,angry,3,emotions
p013,1,3,angry_4.jpg,10,1,angry_4,angry,4,emotions
p013,1,3,disgust_3.jpg,9,2,disgust_3,disgust,3,emotions
p013,1,3,disgust_4.jpg,8,2,disgust_4,disgust,4,emotions
p013,1,3,fearful_3.jpg,5,2,fearful_3,fearful,3,emotions
p013,1,3,fearful_4.jpg,6,1,fearful_4,fearful,4,emotions
p013,1,3,happy_3.jpg,3,4,happy_3,happy,3,emotions
p013,1,3,happy_4.jpg,2,3,happy_4,happy,4,emotions
p013,1,3,sad_3.jpg,9,1,sad_3,sad,3,emotions
p013,1,3,sad_4.jpg,10,2,sad_4,sad,4,emotions
p013,1,3,surprise_3.jpg,2,4,surprise_3,surprise,3,emotions
p013,1,3,surprise_4.jpg,3,3,surprise_4,surprise,4,emotions
p013,2,4,butterfly_1.jpg,7,3,butterfly_1,butterfly,1,animals
p013,2,4,dolphin_1.jpg,10,1,dolphin_1,dolphin,1,animals
p013,2,4,fish_1.jpg,10,2,fish_1,fish,1,animals
p013,2,4,fox_1.jpg,1,3,fox_1,fox,1,animals
p013,2,4,horse_1.jpg,4,3,horse_1,horse,1,animals
p013,2,4,ladybug_1.jpg,7,2,ladybug_1,ladybug,1,animals
p013,2,4,lion_1.jpg,5,1,lion_1,lion,1,animals
p013,2,4,peacock_1.jpg,7,5,peacock_1,peacock,1,animals
p013,2,4,pigeon_1.jpg,8,5,pigeon_1,pigeon,1,animals
p013,2,4,sheep_1.jpg,2,4,sheep_1,sheep,1,animals
p013,2,4,squirrel_1.jpg,5,5,squirrel_1,squirrel,1,animals
p013,2,4,wolf_1.jpg,2,1,wolf_1,wolf,1,animals
p013,2,5,acorn_1.jpg,10,3,acorn_1,acorn,1,plants
p013,2,5,apple_1.jpg,8,6,apple_1,apple,1,plants
p013,2,5,blueberry_1.jpg,6,6,blueberry_1,blueberry,1,plants
p013,2,5,broccoli_1.jpg,2,4,broccoli_1,broccoli,1,plants
p013,2,5,cabbage_1.jpg,3,4,cabbage_1,cabbage,1,plants
p013,2,5,cactus_1.jpg,6,2,cactus_1,cactus,1,plants
p013,2,5,cherry_1.jpg,7,6,cherry_1,cherry,1,plants
p013,2,5,flower_1.jpg,5,1,flower_1,flower,1,plants
p013,2,5,grass_1.jpg,5,2,grass_1,grass,1,plants
p013,2,5,leaf_1.jpg,4,2,leaf_1,leaf,1,plants
p013,2,5,peanut_1.jpg,10,1,peanut_1,peanut,1,plants
p013,2,5,tree_1.jpg,5,3,tree_1,tree,1,plants
p013,2,6,angry_1.jpg,7,2,angry_1,angry,1,emotions
p013,2,6,angry_2.jpg,3,5,angry_2,angry,2,emotions
p013,2,6,disgust_1.jpg,8,3,disgust_1,disgust,1,emotions
p013,2,6,disgust_2.jpg,9,1,disgust_2,disgust,2,emotions
p013,2,6,fearful_1.jpg,10,1,fearful_1,fearful,1,emotions
p013,2,6,fearful_2.jpg,8,2,fearful_2,fearful,2,emotions
p013,2,6,happy_1.jpg,3,2,happy_1,happy,1,emotions
p013,2,6,happy_2.jpg,4,2,happy_2,happy,2,emotions
p013,2,6,sad_1.jpg,8,1,sad_1,sad,1,emotions
p013,2,6,sad_2.jpg,10,4,sad_2,sad,2,emotions
p013,2,6,surprise_1.jpg,6,2,surprise_1,surprise,1,emotions
p013,2,6,surprise_2.jpg,2,2,surprise_2,surprise,2,emotions
p014,1,1,butterfly_1.jpg,9,1,butterfly_1,butterfly,1,animals
p014,1,1,dolphin_1.jpg,7,6,dolphin_1,dolphin,1,animals
p014,1,1,fish_1.jpg,10,6,fish_1,fish,1,animals
p014,1,1,fox_1.jpg,5,6,fox_1,fox,1,animals
p014,1,1,horse_1.jpg,9,6,horse_1,horse,1,animals
p014,1,1,ladybug_1.jpg,10,1,ladybug_1,ladybug,1,animals
p014,1,1,lion_1.jpg,3,6,lion_1,lion,1,animals
p014,1,1,peacock_1.jpg,2,1,peacock_1,peacock,1,animals
p014,1,1,pigeon_1.jpg,1,6,pigeon_1,pigeon,1,animals
p014,1,1,sheep_1.jpg,8,6,sheep_1,sheep,1,animals
p014,1,1,squirrel_1.jpg,4,6,squirrel_1,squirrel,1,animals
p014,1,1,wolf_1.jpg,6,6,wolf_1,wolf,1,animals
p014,1,2,acorn_2.jpg,10,4,acorn_2,acorn,2,plants
p014,1,2,apple_2.jpg,10,2,apple_2,apple,2,plants
p014,1,2,blueberry_2.jpg,10,6,blueberry_2,blueberry,2,plants
p014,1,2,broccoli_2.jpg,3,6,broccoli_2,broccoli,2,plants
p014,1,2,cabbage_2.jpg,1,1,cabbage_2,cabbage,2,plants
p014,1,2,cactus_2.jpg,1,6,cactus_2,cactus,2,plants
p014,1,2,cherry_2.jpg,10,1,cherry_2,cherry,2,plants
p014,1,2,flower_2.jpg,10,3,flower_2,flower,2,plants
p014,1,2,grass_2.jpg,2,1,grass_2,grass,2,plants
p014,1,2,leaf_2.jpg,2,6,leaf_2,leaf,2,plants
p014,1,2,peanut_2.jpg,10,5,peanut_2,peanut,2,plants
p014,1,2,tree_2.jpg,4,6,tree_2,tree,2,plants
p014,1,3,angry_1.jpg,4,6,angry_1,angry,1,emotions
p014,1,3,angry_2.jpg,3,1,angry_2,angry,2,emotions
p014,1,3,disgust_1.jpg,3,6,disgust_1,disgust,1,emotions
p014,1,3,disgust_2.jpg,2,1,disgust_2,disgust,2,emotions
p014,1,3,fearful_1.jpg,1,6,fearful_1,fearful,1,emotions
p014,1,3,fearful_2.jpg,6,1,fearful_2,fearful,2,emotions
p014,1,3,happy_1.jpg,4,1,happy_1,happy,1,emotions
p014,1,3,happy_2.jpg,5,6,happy_2,happy,2,emotions
p014,1,3,sad_1.jpg,6,6,sad_1,sad,1,emotions
p014,1,3,sad_2.jpg,1,1,sad_2,sad,2,emotions
p014,1,3,surprise_1.jpg,2,6,surprise_1,surprise,1,emotions
p014,1,3,surprise_2.jpg,5,1,surprise_2,surprise,2,emotions
p014,2,4,butterfly_2.jpg,9,3,butterfly_2,butterfly,2,animals
p014,2,4,dolphin_2.jpg,10,5,dolphin_2,dolphin,2,animals
p014,2,4,fish_2.jpg,10,2,fish_2,fish,2,animals
p014,2,4,fox_2.jpg,9,4,fox_2,fox,2,animals
p014,2,4,horse_2.jpg,1,1,horse_2,horse,2,animals
p014,2,4,ladybug_2.jpg,10,4,ladybug_2,ladybug,2,animals
p014,2,4,lion_2.jpg,9,6,lion_2,lion,2,animals
p014,2,4,peacock_2.jpg,9,5,peacock_2,peacock,2,animals
p014,2,4,pigeon_2.jpg,10,1,pigeon_2,pigeon,2,animals
p014,2,4,sheep_2.jpg,10,3,sheep_2,sheep,2,animals
p014,2,4,squirrel_2.jpg,10,6,squirrel_2,squirrel,2,animals
p014,2,4,wolf_2.jpg,1,6,wolf_2,wolf,2,animals
p014,2,5,acorn_1.jpg,1,4,acorn_1,acorn,1,plants
p014,2,5,apple_1.jpg,1,1,apple_1,apple,1,plants
p014,2,5,blueberry_1.jpg,5,1,blueberry_1,blueberry,1,plants
p014,2,5,broccoli_1.jpg,10,2,broccoli_1,broccoli,1,plants
p014,2,5,cabbage_1.jpg,10,5,cabbage_1,cabbage,1,plants
p014,2,5,cactus_1.jpg,1,6,cactus_1,cactus,1,plants
p014,2,5,cherry_1.jpg,2,2,cherry_1,cherry,1,plants
p014,2,5,flower_1.jpg,10,3,flower_1,flower,1,plants
p014,2,5,grass_1.jpg,10,1,grass_1,grass,1,plants
p014,2,5,leaf_1.jpg,10,4,leaf_1,leaf,1,plants
p014,2,5,peanut_1.jpg,6,1,peanut_1,peanut,1,plants
p014,2,5,tree_1.jpg,10,6,tree_1,tree,1,plants
p014,2,6,angry_3.jpg,6,6,angry_3,angry,3,emotions
p014,2,6,angry_4.jpg,7,3,angry_4,angry,4,emotions
p014,2,6,disgust_3.jpg,6,1,disgust_3,disgust,3,emotions
p014,2,6,disgust_4.jpg,1,1,disgust_4,disgust,4,emotions
p014,2,6,fearful_3.jpg,4,4,fearful_3,fearful,3,emotions
p014,2,6,fearful_4.jpg,4,2,fearful_4,fearful,4,emotions
p014,2,6,happy_3.jpg,9,3,happy_3,happy,3,emotions
p014,2,6,happy_4.jpg,3,2,happy_4,happy,4,emotions
p014,2,6,sad_3.jpg,2,5,sad_3,sad,3,emotions
p014,2,6,sad_4.jpg,1,6,sad_4,sad,4,emotions
p014,2,6,surprise_3.jpg,10,6,surprise_3,surprise,3,emotions
p014,2,6,surprise_4.jpg,10,1,surprise_4,surprise,4,emotions
p015,1,1,butterfly_2.jpg,10,1,butterfly_2,butterfly,2,animals
p015,1,1,dolphin_2.jpg,4,5,dolphin_2,dolphin,2,animals
p015,1,1,fish_2.jpg,1,4,fish_2,fish,2,animals
p015,1,1,fox_2.jpg,3,1,fox_2,fox,2,animals
p015,1,1,horse_2.jpg,10,3,horse_2,horse,2,animals
p015,1,1,ladybug_2.jpg,7,2,ladybug_2,ladybug,2,animals
p015,1,1,lion_2.jpg,10,6,lion_2,lion,2,animals
p015,1,1,peacock_2.jpg,1,1,peacock_2,peacock,2,animals
p015,1,1,pigeon_2.jpg,5,1,pigeon_2,pigeon,2,animals
p015,1,1,sheep_2.jpg,1,6,sheep_2,sheep,2,animals
p015,1,1,squirrel_2.jpg,4,3,squirrel_2,squirrel,2,animals
p015,1,1,wolf_2.jpg,7,5,wolf_2,wolf,2,animals
p015,1,2,butterfly_1.jpg,4,6,butterfly_1,butterfly,1,animals
p015,1,2,dolphin_1.jpg,10,3,dolphin_1,dolphin,1,animals
p015,1,2,fish_1.jpg,10,6,fish_1,fish,1,animals
p015,1,2,fox_1.jpg,3,2,fox_1,fox,1,animals
p015,1,2,horse_1.jpg,7,5,horse_1,horse,1,animals
p015,1,2,ladybug_1.jpg,10,1,ladybug_1,ladybug,1,animals
p015,1,2,lion_1.jpg,2,4,lion_1,lion,1,animals
p015,1,2,peacock_1.jpg,8,2,peacock_1,peacock,1,animals
p015,1,2,pigeon_1.jpg,1,1,pigeon_1,pigeon,1,animals
p015,1,2,sheep_1.jpg,1,5,sheep_1,sheep,1,animals
p015,1,2,squirrel_1.jpg,5,1,squirrel_1,squirrel,1,animals
p015,1,2,wolf_1.jpg,6,4,wolf_1,wolf,1,animals
p015,2,3,angry_3.jpg,1,6,angry_3,angry,3,emotions
p015,2,3,angry_4.jpg,10,6,angry_4,angry,4,emotions
p015,2,3,disgust_3.jpg,7,1,disgust_3,disgust,3,emotions
p015,2,3,disgust_4.jpg,1,1,disgust_4,disgust,4,emotions
p015,2,3,fearful_3.jpg,10,1,fearful_3,fearful,3,emotions
p015,2,3,fearful_4.jpg,7,4,fearful_4,fearful,4,emotions
p015,2,3,happy_3.jpg,4,6,happy_3,happy,3,emotions
p015,2,3,happy_4.jpg,10,3,happy_4,happy,4,emotions
p015,2,3,sad_3.jpg,3,3,sad_3,sad,3,emotions
p015,2,3,sad_4.jpg,6,6,sad_4,sad,4,emotions
p015,2,3,surprise_3.jpg,5,1,surprise_3,surprise,3,emotions
p015,2,3,surprise_4.jpg,3,1,surprise_4,surprise,4,emotions
p015,2,4,angry_1.jpg,10,1,angry_1,angry,1,emotions
p015,2,4,angry_2.jpg,6,1,angry_2,angry,2,emotions
p015,2,4,disgust_1.jpg,5,3,disgust_1,disgust,1,emotions
p015,2,4,disgust_2.jpg,4,1,disgust_2,disgust,2,emotions
p015,2,4,fearful_1.jpg,3,4,fearful_1,fearful,1,emotions
p015,2,4,fearful_2.jpg,1,6,fearful_2,fearful,2,emotions
p015,2,4,happy_1.jpg,10,6,happy_1,happy,1,emotions
p015,2,4,happy_2.jpg,1,1,happy_2,happy,2,emotions
p015,2,4,sad_1.jpg,6,6,sad_1,sad,1,emotions
p015,2,4,sad_2.jpg,7,4,sad_2,sad,2,emotions
p015,2,4,surprise_1.jpg,4,6,surprise_1,surprise,1,emotions
p015,2,4,surprise_2.jpg,8,3,surprise_2,surprise,2,emotions
p015,3,5,acorn_2.jpg,5,6,acorn_2,acorn,2,plants
p015,3,5,apple_2.jpg,10,6,apple_2,apple,2,plants
p015,3,5,blueberry_2.jpg,9,4,blueberry_2,blueberry,2,plants
p015,3,5,broccoli_2.jpg,10,1,broccoli_2,broccoli,2,plants
p015,3,5,cabbage_2.jpg,8,1,cabbage_2,cabbage,2,plants
p015,3,5,cactus_2.jpg,5,1,cactus_2,cactus,2,plants
p015,3,5,cherry_2.jpg,1,6,cherry_2,cherry,2,plants
p015,3,5,flower_2.jpg,5,3,flower_2,flower,2,plants
p015,3,5,grass_2.jpg,2,3,grass_2,grass,2,plants
p015,3,5,leaf_2.jpg,3,1,leaf_2,leaf,2,plants
p015,3,5,peanut_2.jpg,1,1,peanut_2,peanut,2,plants
p015,3,5,tree_2.jpg,7,3,tree_2,tree,2,plants
p015,3,6,acorn_1.jpg,1,6,acorn_1,acorn,1,plants
p015,3,6,apple_1.jpg,10,3,apple_1,apple,1,plants
p015,3,6,blueberry_1.jpg,8,1,blueberry_1,blueberry,1,plants
p015,3,6,broccoli_1.jpg,1,1,broccoli_1,broccoli,1,plants
p015,3,6,cabbage_1.jpg,5,1,cabbage_1,cabbage,1,plants
p015,3,6,cactus_1.jpg,10,1,cactus_1,cactus,1,plants
p015,3,6,cherry_1.jpg,8,6,cherry_1,cherry,1,plants
p015,3,6,flower_1.jpg,2,3,flower_1,flower,1,plants
p015,3,6,grass_1.jpg,10,6,grass_1,grass,1,plants
p015,3,6,leaf_1.jpg,5,6,leaf_1,leaf,1,plants
p015,3,6,peanut_1.jpg,4,4,peanut_1,peanut,1,plants
p015,3,6,tree_1.jpg,7,3,tree_1,tree,1,plants
p016,1,1,butterfly_2.jpg,10,4,butterfly_2,butterfly,2,animals
p016,1,1,dolphin_2.jpg,1,6,dolphin_2,dolphin,2,animals
p016,1,1,fish_2.jpg,9,6,fish_2,fish,2,animals
p016,1,1,fox_2.jpg,8,2,fox_2,fox,2,animals
p016,1,1,horse_2.jpg,4,2,horse_2,horse,2,animals
p016,1,1,ladybug_2.jpg,4,6,ladybug_2,ladybug,2,animals
p016,1,1,lion_2.jpg,1,3,lion_2,lion,2,animals
p016,1,1,peacock_2.jpg,8,1,peacock_2,peacock,2,animals
p016,1,1,pigeon_2.jpg,10,1,pigeon_2,pigeon,2,animals
p016,1,1,sheep_2.jpg,6,1,sheep_2,sheep,2,animals
p016,1,1,squirrel_2.jpg,6,6,squirrel_2,squirrel,2,animals
p016,1,1,wolf_2.jpg,1,1,wolf_2,wolf,2,animals
p016,1,2,butterfly_1.jpg,3,2,butterfly_1,butterfly,1,animals
p016,1,2,dolphin_1.jpg,2,1,dolphin_1,dolphin,1,animals
p016,1,2,fish_1.jpg,8,1,fish_1,fish,1,animals
p016,1,2,fox_1.jpg,1,3,fox_1,fox,1,animals
p016,1,2,horse_1.jpg,3,6,horse_1,horse,1,animals
p016,1,2,ladybug_1.jpg,10,3,ladybug_1,ladybug,1,animals
p016,1,2,lion_1.jpg,4,1,lion_1,lion,1,animals
p016,1,2,peacock_1.jpg,6,1,peacock_1,peacock,1,animals
p016,1,2,pigeon_1.jpg,10,6,pigeon_1,pigeon,1,animals
p016,1,2,sheep_1.jpg,6,6,sheep_1,sheep,1,animals
p016,1,2,squirrel_1.jpg,9,1,squirrel_1,squirrel,1,animals
p016,1,2,wolf_1.jpg,1,5,wolf_1,wolf,1,animals
p016,2,3,acorn_2.jpg,7,1,acorn_2,acorn,2,plants
p016,2,3,apple_2.jpg,7,6,apple_2,apple,2,plants
p016,2,3,blueberry_2.jpg,1,3,blueberry_2,blueberry,2,plants
p016,2,3,broccoli_2.jpg,10,5,broccoli_2,broccoli,2,plants
p016,2,3,cabbage_2.jpg,2,4,cabbage_2,cabbage,2,plants
p016,2,3,cactus_2.jpg,3,1,cactus_2,cactus,2,plants
p016,2,3,cherry_2.jpg,1,6,cherry_2,cherry,2,plants
p016,2,3,flower_2.jpg,10,3,flower_2,flower,2,plants
p016,2,3,grass_2.jpg,4,6,grass_2,grass,2,plants
p016,2,3,leaf_2.jpg,5,1,leaf_2,leaf,2,plants
p016,2,3,peanut_2.jpg,9,1,peanut_2,peanut,2,plants
p016,2,3,tree_2.jpg,1,1,tree_2,tree,2,plants
p016,2,4,acorn_1.jpg,6,6,acorn_1,acorn,1,plants
p016,2,4,apple_1.jpg,1,3,apple_1,apple,1,plants
p016,2,4,blueberry_1.jpg,4,6,blueberry_1,blueberry,1,plants
p016,2,4,broccoli_1.jpg,8,1,broccoli_1,broccoli,1,plants
p016,2,4,cabbage_1.jpg,1,1,cabbage_1,cabbage,1,plants
p016,2,4,cactus_1.jpg,10,4,cactus_1,cactus,1,plants
p016,2,4,cherry_1.jpg,1,5,cherry_1,cherry,1,plants
p016,2,4,flower_1.jpg,10,2,flower_1,flower,1,plants
p016,2,4,grass_1.jpg,8,6,grass_1,grass,1,plants
p016,2,4,leaf_1.jpg,5,1,leaf_1,leaf,1,plants
p016,2,4,peanut_1.jpg,10,1,peanut_1,peanut,1,plants
p016,2,4,tree_1.jpg,2,1,tree_1,tree,1,plants
p016,3,5,angry_3.jpg,7,6,angry_3,angry,3,emotions
p016,3,5,angry_4.jpg,8,6,angry_4,angry,4,emotions
p016,3,5,disgust_3.jpg,6,6,disgust_3,disgust,3,emotions
p016,3,5,disgust_4.jpg,5,1,disgust_4,disgust,4,emotions
p016,3,5,fearful_3.jpg,3,6,fearful_3,fearful,3,emotions
p016,3,5,fearful_4.jpg,2,6,fearful_4,fearful,4,emotions
p016,3,5,happy_3.jpg,1,3,happy_3,happy,3,emotions
p016,3,5,happy_4.jpg,2,3,happy_4,happy,4,emotions
p016,3,5,sad_3.jpg,2,1,sad_3,sad,3,emotions
p016,3,5,sad_4.jpg,1,1,sad_4,sad,4,emotions
p016,3,5,surprise_3.jpg,10,1,surprise_3,surprise,3,emotions
p016,3,5,surprise_4.jpg,9,1,surprise_4,surprise,4,emotions
p016,3,6,angry_1.jpg,8,5,angry_1,angry,1,emotions
p016,3,6,angry_2.jpg,7,5,angry_2,angry,2,emotions
p016,3,6,disgust_1.jpg,1,3,disgust_1,disgust,1,emotions
p016,3,6,disgust_2.jpg,10,6,disgust_2,disgust,2,emotions
p016,3,6,fearful_1.jpg,4,6,fearful_1,fearful,1,emotions
p016,3,6,fearful_2.jpg,3,6,fearful_2,fearful,2,emotions
p016,3,6,happy_1.jpg,1,1,happy_1,happy,1,emotions
p016,3,6,happy_2.jpg,2,1,happy_2,happy,2,emotions
p016,3,6,sad_1.jpg,4,1,sad_1,sad,1,emotions
p016,3,6,sad_2.jpg,7,6,sad_2,sad,2,emotions
p016,3,6,surprise_1.jpg,9,1,surprise_1,surprise,1,emotions
p016,3,6,surprise_2.jpg,10,1,surprise_2,surprise,2,emotions
p017,1,1,angry_3.jpg,9,1,angry_3,angry,3,emotions
p017,1,1,angry_4.jpg,1,3,angry_4,angry,4,emotions
p017,1,1,disgust_3.jpg,10,5,disgust_3,disgust,3,emotions
p017,1,1,disgust_4.jpg,8,6,disgust_4,disgust,4,emotions
p017,1,1,fearful_3.jpg,2,1,fearful_3,fearful,3,emotions
p017,1,1,fearful_4.jpg,7,2,fearful_4,fearful,4,emotions
p017,1,1,happy_3.jpg,1,6,happy_3,happy,3,emotions
p017,1,1,happy_4.jpg,6,6,happy_4,happy,4,emotions
p017,1,1,sad_3.jpg,10,6,sad_3,sad,3,emotions
p017,1,1,sad_4.jpg,5,6,sad_4,sad,4,emotions
p017,1,1,surprise_3.jpg,4,3,surprise_3,surprise,3,emotions
p017,1,1,surprise_4.jpg,1,5,surprise_4,surprise,4,emotions
p017,1,2,angry_1.jpg,3,6,angry_1,angry,1,emotions
p017,1,2,angry_2.jpg,6,6,angry_2,angry,2,emotions
p017,1,2,disgust_1.jpg,9,6,disgust_1,disgust,1,emotions
p017,1,2,disgust_2.jpg,9,1,disgust_2,disgust,2,emotions
p017,1,2,fearful_1.jpg,7,6,fearful_1,fearful,1,emotions
p017,1,2,fearful_2.jpg,1,4,fearful_2,fearful,2,emotions
p017,1,2,happy_1.jpg,10,6,happy_1,happy,1,emotions
p017,1,2,happy_2.jpg,1,5,happy_2,happy,2,emotions
p017,1,2,sad_1.jpg,4,6,sad_1,sad,1,emotions
p017,1,2,sad_2.jpg,2,6,sad_2,sad,2,emotions
p017,1,2,surprise_1.jpg,5,6,surprise_1,surprise,1,emotions
p017,1,2,surprise_2.jpg,1,6,surprise_2,surprise,2,emotions
p017,2,3,butterfly_2.jpg,3,1,butterfly_2,butterfly,2,animals
p017,2,3,dolphin_2.jpg,2,1,dolphin_2,dolphin,2,animals
p017,2,3,fish_2.jpg,10,3,fish_2,fish,2,animals
p017,2,3,fox_2.jpg,1,1,fox_2,fox,2,animals
p017,2,3,horse_2.jpg,2,6,horse_2,horse,2,animals
p017,2,3,ladybug_2.jpg,5,6,ladybug_2,ladybug,2,animals
p017,2,3,lion_2.jpg,8,6,lion_2,lion,2,animals
p017,2,3,peacock_2.jpg,1,5,peacock_2,peacock,2,animals
p017,2,3,pigeon_2.jpg,10,6,pigeon_2,pigeon,2,animals
p017,2,3,sheep_2.jpg,3,5,sheep_2,sheep,2,animals
p017,2,3,squirrel_2.jpg,10,1,squirrel_2,squirrel,2,animals
p017,2,3,wolf_2.jpg,1,2,wolf_2,wolf,2,animals
p017,2,4,butterfly_1.jpg,6,6,butterfly_1,butterfly,1,animals
p017,2,4,dolphin_1.jpg,7,5,dolphin_1,dolphin,1,animals
p017,2,4,fish_1.jpg,5,6,fish_1,fish,1,animals
p017,2,4,fox_1.jpg,8,5,fox_1,fox,1,animals
p017,2,4,horse_1.jpg,9,5,horse_1,horse,1,animals
p017,2,4,ladybug_1.jpg,1,3,ladybug_1,ladybug,1,animals
p017,2,4,lion_1.jpg,4,6,lion_1,lion,1,animals
p017,2,4,peacock_1.jpg,6,5,peacock_1,peacock,1,animals
p017,2,4,pigeon_1.jpg,7,6,pigeon_1,pigeon,1,animals
p017,2,4,sheep_1.jpg,1,4,sheep_1,sheep,1,animals
p017,2,4,squirrel_1.jpg,2,6,squirrel_1,squirrel,1,animals
p017,2,4,wolf_1.jpg,5,5,wolf_1,wolf,1,animals
p017,3,5,acorn_2.jpg,4,6,acorn_2,acorn,2,plants
p017,3,5,apple_2.jpg,8,6,apple_2,apple,2,plants
p017,3,5,blueberry_2.jpg,10,4,blueberry_2,blueberry,2,plants
p017,3,5,broccoli_2.jpg,6,6,broccoli_2,broccoli,2,plants
p017,3,5,cabbage_2.jpg,3,6,cabbage_2,cabbage,2,plants
p017,3,5,cactus_2.jpg,10,6,cactus_2,cactus,2,plants
p017,3,5,cherry_2.jpg,5,6,cherry_2,cherry,2,plants
p017,3,5,flower_2.jpg,9,6,flower_2,flower,2,plants
p017,3,5,grass_2.jpg,7,6,grass_2,grass,2,plants
p017,3,5,leaf_2.jpg,10,2,leaf_2,leaf,2,plants
p017,3,5,peanut_2.jpg,10,5,peanut_2,peanut,2,plants
p017,3,5,tree_2.jpg,10,3,tree_2,tree,2,plants
p017,3,6,acorn_1.jpg,4,6,acorn_1,acorn,1,plants
p017,3,6,apple_1.jpg,8,6,apple_1,apple,1,plants
p017,3,6,blueberry_1.jpg,1,6,blueberry_1,blueberry,1,plants
p017,3,6,broccoli_1.jpg,10,5,broccoli_1,broccoli,1,plants
p017,3,6,cabbage_1.jpg,3,6,cabbage_1,cabbage,1,plants
p017,3,6,cactus_1.jpg,10,6,cactus_1,cactus,1,plants
p017,3,6,cherry_1.jpg,9,6,cherry_1,cherry,1,plants
p017,3,6,flower_1.jpg,10,4,flower_1,flower,1,plants
p017,3,6,grass_1.jpg,6,6,grass_1,grass,1,plants
p017,3,6,leaf_1.jpg,5,6,leaf_1,leaf,1,plants
p017,3,6,peanut_1.jpg,2,6,peanut_1,peanut,1,plants
p017,3,6,tree_1.jpg,7,6,tree_1,tree,1,plants
p018,1,1,angry_3.jpg,10,1,angry_3,angry,3,emotions
p018,1,1,angry_4.jpg,8,4,angry_4,angry,4,emotions
p018,1,1,disgust_3.jpg,9,1,disgust_3,disgust,3,emotions
p018,1,1,disgust_4.jpg,8,1,disgust_4,disgust,4,emotions
p018,1,1,fearful_3.jpg,4,2,fearful_3,fearful,3,emotions
p018,1,1,fearful_4.jpg,5,2,fearful_4,fearful,4,emotions
p018,1,1,happy_3.jpg,2,4,happy_3,happy,3,emotions
p018,1,1,happy_4.jpg,3,4,happy_4,happy,4,emotions
p018,1,1,sad_3.jpg,5,4,sad_3,sad,3,emotions
p018,1,1,sad_4.jpg,6,4,sad_4,sad,4,emotions
p018,1,1,surprise_3.jpg,6,3,surprise_3,surprise,3,emotions
p018,1,1,surprise_4.jpg,7,3,surprise_4,surprise,4,emotions
p018,1,2,angry_1.jpg,2,1,angry_1,angry,1,emotions
p018,1,2,angry_2.jpg,1,1,angry_2,angry,2,emotions
p018,1,2,disgust_1.jpg,4,3,disgust_1,disgust,1,emotions
p018,1,2,disgust_2.jpg,3,5,disgust_2,disgust,2,emotions
p018,1,2,fearful_1.jpg,3,2,fearful_1,fearful,1,emotions
p018,1,2,fearful_2.jpg,2,2,fearful_2,fearful,2,emotions
p018,1,2,happy_1.jpg,8,5,happy_1,happy,1,emotions
p018,1,2,happy_2.jpg,7,5,happy_2,happy,2,emotions
p018,1,2,sad_1.jpg,9,2,sad_1,sad,1,emotions
p018,1,2,sad_2.jpg,8,2,sad_2,sad,2,emotions
p018,1,2,surprise_1.jpg,3,3,surprise_1,surprise,1,emotions
p018,1,2,surprise_2.jpg,2,3,surprise_2,surprise,2,emotions
p018,2,3,butterfly_2.jpg,9,4,butterfly_2,butterfly,2,animals
p018,2,3,dolphin_2.jpg,4,1,dolphin_2,dolphin,2,animals
p018,2,3,fish_2.jpg,6,2,fish_2,fish,2,animals
p018,2,3,fox_2.jpg,6,6,fox_2,fox,2,animals
p018,2,3,horse_2.jpg,4,5,horse_2,horse,2,animals
p018,2,3,ladybug_2.jpg,8,4,ladybug_2,ladybug,2,animals
p018,2,3,lion_2.jpg,7,6,lion_2,lion,2,animals
p018,2,3,peacock_2.jpg,9,1,peacock_2,peacock,2,animals
p018,2,3,pigeon_2.jpg,8,1,pigeon_2,pigeon,2,animals
p018,2,3,sheep_2.jpg,3,3,sheep_2,sheep,2,animals
p018,2,3,squirrel_2.jpg,1,6,squirrel_2,squirrel,2,animals
p018,2,3,wolf_2.jpg,4,6,wolf_2,wolf,2,animals
p018,2,4,butterfly_1.jpg,3,3,butterfly_1,butterfly,1,animals
p018,2,4,dolphin_1.jpg,9,3,dolphin_1,dolphin,1,animals
p018,2,4,fish_1.jpg,7,5,fish_1,fish,1,animals
p018,2,4,fox_1.jpg,1,1,fox_1,fox,1,animals
p018,2,4,horse_1.jpg,6,2,horse_1,horse,1,animals
p018,2,4,ladybug_1.jpg,4,3,ladybug_1,ladybug,1,animals
p018,2,4,lion_1.jpg,1,6,lion_1,lion,1,animals
p018,2,4,peacock_1.jpg,4,5,peacock_1,peacock,1,animals
p018,2,4,pigeon_1.jpg,3,5,pigeon_1,pigeon,1,animals
p018,2,4,sheep_1.jpg,8,2,sheep_1,sheep,1,animals
p018,2,4,squirrel_1.jpg,9,6,squirrel_1,squirrel,1,animals
p018,2,4,wolf_1.jpg,2,1,wolf_1,wolf,1,animals
p018,3,5,acorn_2.jpg,9,1,acorn_2,acorn,2,plants
p018,3,5,apple_2.jpg,1,1,apple_2,apple,2,plants
p018,3,5,blueberry_2.jpg,4,2,blueberry_2,blueberry,2,plants
p018,3,5,broccoli_2.jpg,6,5,broccoli_2,broccoli,2,plants
p018,3,5,cabbage_2.jpg,8,5,cabbage_2,cabbage,2,plants
p018,3,5,cactus_2.jpg,3,4,cactus_2,cactus,2,plants
p018,3,5,cherry_2.jpg,2,1,cherry_2,cherry,2,plants
p018,3,5,flower_2.jpg,1,6,flower_2,flower,2,plants
p018,3,5,grass_2.jpg,9,5,grass_2,grass,2,plants
p018,3,5,leaf_2.jpg,7,5,leaf_2,leaf,2,plants
p018,3,5,peanut_2.jpg,9,2,peanut_2,peanut,2,plants
p018,3,5,tree_2.jpg,5,5,tree_2,tree,2,plants
p018,3,6,acorn_1.jpg,3,5,acorn_1,acorn,1,plants
p018,3,6,apple_1.jpg,7,3,apple_1,apple,1,plants
p018,3,6,blueberry_1.jpg,8,3,blueberry_1,blueberry,1,plants
p018,3,6,broccoli_1.jpg,4,1,broccoli_1,broccoli,1,plants
p018,3,6,cabbage_1.jpg,5,1,cabbage_1,cabbage,1,plants
p018,3,6,cactus_1.jpg,9,5,cactus_1,cactus,1,plants
p018,3,6,cherry_1.jpg,7,2,cherry_1,cherry,1,plants
p018,3,6,flower_1.jpg,2,1,flower_1,flower,1,plants
p018,3,6,grass_1.jpg,1,1,grass_1,grass,1,plants
p018,3,6,leaf_1.jpg,3,1,leaf_1,leaf,1,plants
p018,3,6,peanut_1.jpg,4,5,peanut_1,peanut,1,plants
p018,3,6,tree_1.jpg,1,2,tree_1,tree,1,plants
p019,1,1,acorn_2.jpg,10,6,acorn_2,acorn,2,plants
p019,1,1,apple_2.jpg,1,5,apple_2,apple,2,plants
p019,1,1,blueberry_2.jpg,1,6,blueberry_2,blueberry,2,plants
p019,1,1,broccoli_2.jpg,5,5,broccoli_2,broccoli,2,plants
p019,1,1,cabbage_2.jpg,5,1,cabbage_2,cabbage,2,plants
p019,1,1,cactus_2.jpg,7,3,cactus_2,cactus,2,plants
p019,1,1,cherry_2.jpg,1,4,cherry_2,cherry,2,plants
p019,1,1,flower_2.jpg,5,4,flower_2,flower,2,plants
p019,1,1,grass_2.jpg,5,2,grass_2,grass,2,plants
p019,1,1,leaf_2.jpg,5,3,leaf_2,leaf,2,plants
p019,1,1,peanut_2.jpg,9,6,peanut_2,peanut,2,plants
p019,1,1,tree_2.jpg,6,1,tree_2,tree,2,plants
p019,1,2,acorn_1.jpg,10,6,acorn_1,acorn,1,plants
p019,1,2,apple_1.jpg,1,6,apple_1,apple,1,plants
p019,1,2,blueberry_1.jpg,1,4,blueberry_1,blueberry,1,plants
p019,1,2,broccoli_1.jpg,6,1,broccoli_1,broccoli,1,plants
p019,1,2,cabbage_1.jpg,1,3,cabbage_1,cabbage,1,plants
p019,1,2,cactus_1.jpg,6,4,cactus_1,cactus,1,plants
p019,1,2,cherry_1.jpg,1,5,cherry_1,cherry,1,plants
p019,1,2,flower_1.jpg,6,3,flower_1,flower,1,plants
p019,1,2,grass_1.jpg,6,2,grass_1,grass,1,plants
p019,1,2,leaf_1.jpg,6,5,leaf_1,leaf,1,plants
p019,1,2,peanut_1.jpg,9,6,peanut_1,peanut,1,plants
p019,1,2,tree_1.jpg,6,6,tree_1,tree,1,plants
p019,2,3,butterfly_2.jpg,1,1,butterfly_2,butterfly,2,animals
p019,2,3,dolphin_2.jpg,5,1,dolphin_2,dolphin,2,animals
p019,2,3,fish_2.jpg,6,1,fish_2,fish,2,animals
p019,2,3,fox_2.jpg,9,6,fox_2,fox,2,animals
p019,2,3,horse_2.jpg,6,6,horse_2,horse,2,animals
p019,2,3,ladybug_2.jpg,2,1,ladybug_2,ladybug,2,animals
p019,2,3,lion_2.jpg,10,6,lion_2,lion,2,animals
p019,2,3,peacock_2.jpg,10,1,peacock_2,peacock,2,animals
p019,2,3,pigeon_2.jpg,9,1,pigeon_2,pigeon,2,animals
p019,2,3,sheep_2.jpg,8,6,sheep_2,sheep,2,animals
p019,2,3,squirrel_2.jpg,5,6,squirrel_2,squirrel,2,animals
p019,2,3,wolf_2.jpg,7,6,wolf_2,wolf,2,animals
p019,2,4,butterfly_1.jpg,1,1,butterfly_1,butterfly,1,animals
p019,2,4,dolphin_1.jpg,2,6,dolphin_1,dolphin,1,animals
p019,2,4,fish_1.jpg,1,6,fish_1,fish,1,animals
p019,2,4,fox_1.jpg,9,6,fox_1,fox,1,animals
p019,2,4,horse_1.jpg,5,6,horse_1,horse,1,animals
p019,2,4,ladybug_1.jpg,2,1,ladybug_1,ladybug,1,animals
p019,2,4,lion_1.jpg,10,6,lion_1,lion,1,animals
p019,2,4,peacock_1.jpg,10,1,peacock_1,peacock,1,animals
p019,2,4,pigeon_1.jpg,9,1,pigeon_1,pigeon,1,animals
p019,2,4,sheep_1.jpg,7,6,sheep_1,sheep,1,animals
p019,2,4,squirrel_1.jpg,8,6,squirrel_1,squirrel,1,animals
p019,2,4,wolf_1.jpg,6,6,wolf_1,wolf,1,animals
p019,3,5,angry_3.jpg,2,6,angry_3,angry,3,emotions
p019,3,5,angry_4.jpg,1,6,angry_4,angry,4,emotions
p019,3,5,disgust_3.jpg,2,1,disgust_3,disgust,3,emotions
p019,3,5,disgust_4.jpg,1,1,disgust_4,disgust,4,emotions
p019,3,5,fearful_3.jpg,7,1,fearful_3,fearful,3,emotions
p019,3,5,fearful_4.jpg,8,1,fearful_4,fearful,4,emotions
p019,3,5,happy_3.jpg,10,6,happy_3,happy,3,emotions
p019,3,5,happy_4.jpg,10,5,happy_4,happy,4,emotions
p019,3,5,sad_3.jpg,6,1,sad_3,sad,3,emotions
p019,3,5,sad_4.jpg,9,1,sad_4,sad,4,emotions
p019,3,5,surprise_3.jpg,9,6,surprise_3,surprise,3,emotions
p019,3,5,surprise_4.jpg,8,6,surprise_4,surprise,4,emotions
p019,3,6,angry_1.jpg,1,1,angry_1,angry,1,emotions
p019,3,6,angry_2.jpg,2,1,angry_2,angry,2,emotions
p019,3,6,disgust_1.jpg,6,6,disgust_1,disgust,1,emotions
p019,3,6,disgust_2.jpg,1,6,disgust_2,disgust,2,emotions
p019,3,6,fearful_1.jpg,8,1,fearful_1,fearful,1,emotions
p019,3,6,fearful_2.jpg,10,1,fearful_2,fearful,2,emotions
p019,3,6,happy_1.jpg,9,6,happy_1,happy,1,emotions
p019,3,6,happy_2.jpg,10,6,happy_2,happy,2,emotions
p019,3,6,sad_1.jpg,7,1,sad_1,sad,1,emotions
p019,3,6,sad_2.jpg,9,1,sad_2,sad,2,emotions
p019,3,6,surprise_1.jpg,5,6,surprise_1,surprise,1,emotions
p019,3,6,surprise_2.jpg,4,6,surprise_2,surprise,2,emotions
p020,1,1,acorn_2.jpg,8,3,acorn_2,acorn,2,plants
p020,1,1,apple_2.jpg,2,6,apple_2,apple,2,plants
p020,1,1,blueberry_2.jpg,10,6,blueberry_2,blueberry,2,plants
p020,1,1,broccoli_2.jpg,5,4,broccoli_2,broccoli,2,plants
p020,1,1,cabbage_2.jpg,4,4,cabbage_2,cabbage,2,plants
p020,1,1,cactus_2.jpg,7,1,cactus_2,cactus,2,plants
p020,1,1,cherry_2.jpg,3,2,cherry_2,cherry,2,plants
p020,1,1,flower_2.jpg,5,3,flower_2,flower,2,plants
p020,1,1,grass_2.jpg,5,6,grass_2,grass,2,plants
p020,1,1,leaf_2.jpg,6,6,leaf_2,leaf,2,plants
p020,1,1,peanut_2.jpg,6,4,peanut_2,peanut,2,plants
p020,1,1,tree_2.jpg,7,6,tree_2,tree,2,plants
p020,1,2,acorn_1.jpg,7,1,acorn_1,acorn,1,plants
p020,1,2,apple_1.jpg,8,3,apple_1,apple,1,plants
p020,1,2,blueberry_1.jpg,7,6,blueberry_1,blueberry,1,plants
p020,1,2,broccoli_1.jpg,7,3,broccoli_1,broccoli,1,plants
p020,1,2,cabbage_1.jpg,5,6,cabbage_1,cabbage,1,plants
p020,1,2,cactus_1.jpg,1,6,cactus_1,cactus,1,plants
p020,1,2,cherry_1.jpg,4,5,cherry_1,cherry,1,plants
p020,1,2,flower_1.jpg,9,4,flower_1,flower,1,plants
p020,1,2,grass_1.jpg,5,1,grass_1,grass,1,plants
p020,1,2,leaf_1.jpg,6,4,leaf_1,leaf,1,plants
p020,1,2,peanut_1.jpg,4,3,peanut_1,peanut,1,plants
p020,1,2,tree_1.jpg,10,6,tree_1,tree,1,plants
p020,2,3,angry_3.jpg,9,4,angry_3,angry,3,emotions
p020,2,3,angry_4.jpg,7,4,angry_4,angry,4,emotions
p020,2,3,disgust_3.jpg,8,4,disgust_3,disgust,3,emotions
p020,2,3,disgust_4.jpg,7,1,disgust_4,disgust,4,emotions
p020,2,3,fearful_3.jpg,6,4,fearful_3,fearful,3,emotions
p020,2,3,fearful_4.jpg,5,1,fearful_4,fearful,4,emotions
p020,2,3,happy_3.jpg,3,2,happy_3,happy,3,emotions
p020,2,3,happy_4.jpg,2,2,happy_4,happy,4,emotions
p020,2,3,sad_3.jpg,6,5,sad_3,sad,3,emotions
p020,2,3,sad_4.jpg,6,3,sad_4,sad,4,emotions
p020,2,3,surprise_3.jpg,4,4,surprise_3,surprise,3,emotions
p020,2,3,surprise_4.jpg,3,4,surprise_4,surprise,4,emotions
p020,2,4,angry_1.jpg,6,3,angry_1,angry,1,emotions
p020,2,4,angry_2.jpg,4,1,angry_2,angry,2,emotions
p020,2,4,disgust_1.jpg,1,3,disgust_1,disgust,1,emotions
p020,2,4,disgust_2.jpg,1,1,disgust_2,disgust,2,emotions
p020,2,4,fearful_1.jpg,10,2,fearful_1,fearful,1,emotions
p020,2,4,fearful_2.jpg,5,6,fearful_2,fearful,2,emotions
p020,2,4,happy_1.jpg,6,4,happy_1,happy,1,emotions
p020,2,4,happy_2.jpg,7,3,happy_2,happy,2,emotions
p020,2,4,sad_1.jpg,2,4,sad_1,sad,1,emotions
p020,2,4,sad_2.jpg,4,5,sad_2,sad,2,emotions
p020,2,4,surprise_1.jpg,9,6,surprise_1,surprise,1,emotions
p020,2,4,surprise_2.jpg,8,6,surprise_2,surprise,2,emotions
p020,3,5,butterfly_2.jpg,10,6,butterfly_2,butterfly,2,animals
p020,3,5,dolphin_2.jpg,4,4,dolphin_2,dolphin,2,animals
p020,3,5,fish_2.jpg,7,6,fish_2,fish,2,animals
p020,3,5,fox_2.jpg,1,1,fox_2,fox,2,animals
p020,3,5,horse_2.jpg,5,1,horse_2,horse,2,animals
p020,3,5,ladybug_2.jpg,3,2,ladybug_2,ladybug,2,animals
p020,3,5,lion_2.jpg,1,3,lion_2,lion,2,animals
p020,3,5,peacock_2.jpg,7,1,peacock_2,peacock,2,animals
p020,3,5,pigeon_2.jpg,6,4,pigeon_2,pigeon,2,animals
p020,3,5,sheep_2.jpg,9,3,sheep_2,sheep,2,animals
p020,3,5,squirrel_2.jpg,9,1,squirrel_2,squirrel,2,animals
p020,3,5,wolf_2.jpg,4,6,wolf_2,wolf,2,animals
p020,3,6,butterfly_1.jpg,3,2,butterfly_1,butterfly,1,animals
p020,3,6,dolphin_1.jpg,6,1,dolphin_1,dolphin,1,animals
p020,3,6,fish_1.jpg,9,5,fish_1,fish,1,animals
p020,3,6,fox_1.jpg,5,1,fox_1,fox,1,animals
p020,3,6,horse_1.jpg,7,5,horse_1,horse,1,animals
p020,3,6,ladybug_1.jpg,10,3,ladybug_1,ladybug,1,animals
p020,3,6,lion_1.jpg,1,4,lion_1,lion,1,animals
p020,3,6,peacock_1.jpg,3,4,peacock_1,peacock,1,animals
p020,3,6,pigeon_1.jpg,4,6,pigeon_1,pigeon,1,animals
p020,3,6,sheep_1.jpg,9,1,sheep_1,sheep,1,animals
p020,3,6,squirrel_1.jpg,5,6,squirrel_1,squirrel,1,animals
p020,3,6,wolf_1.jpg,6,4,wolf_1,wolf,1,animals
p021,1,1,butterfly_1.jpg,2,6,butterfly_1,butterfly,1,animals
p021,1,1,dolphin_1.jpg,10,5,dolphin_1,dolphin,1,animals
p021,1,1,fish_1.jpg,10,6,fish_1,fish,1,animals
p021,1,1,fox_1.jpg,8,4,fox_1,fox,1,animals
p021,1,1,horse_1.jpg,5,4,horse_1,horse,1,animals
p021,1,1,ladybug_1.jpg,7,6,ladybug_1,ladybug,1,animals
p021,1,1,lion_1.jpg,9,1,lion_1,lion,1,animals
p021,1,1,peacock_1.jpg,3,3,peacock_1,peacock,1,animals
p021,1,1,pigeon_1.jpg,3,2,pigeon_1,pigeon,1,animals
p021,1,1,sheep_1.jpg,6,2,sheep_1,sheep,1,animals
p021,1,1,squirrel_1.jpg,4,6,squirrel_1,squirrel,1,animals
p021,1,1,wolf_1.jpg,8,3,wolf_1,wolf,1,animals
p021,1,2,butterfly_2.jpg,3,3,butterfly_2,butterfly,2,animals
p021,1,2,dolphin_2.jpg,4,5,dolphin_2,dolphin,2,animals
p021,1,2,fish_2.jpg,4,6,fish_2,fish,2,animals
p021,1,2,fox_2.jpg,5,3,fox_2,fox,2,animals
p021,1,2,horse_2.jpg,9,4,horse_2,horse,2,animals
p021,1,2,ladybug_2.jpg,3,4,ladybug_2,ladybug,2,animals
p021,1,2,lion_2.jpg,9,3,lion_2,lion,2,animals
p021,1,2,peacock_2.jpg,7,4,peacock_2,peacock,2,animals
p021,1,2,pigeon_2.jpg,7,3,pigeon_2,pigeon,2,animals
p021,1,2,sheep_2.jpg,7,6,sheep_2,sheep,2,animals
p021,1,2,squirrel_2.jpg,7,5,squirrel_2,squirrel,2,animals
p021,1,2,wolf_2.jpg,5,4,wolf_2,wolf,2,animals
p021,2,3,angry_1.jpg,3,5,angry_1,angry,1,emotions
p021,2,3,angry_2.jpg,4,4,angry_2,angry,2,emotions
p021,2,3,disgust_1.jpg,8,5,disgust_1,disgust,1,emotions
p021,2,3,disgust_2.jpg,2,2,disgust_2,disgust,2,emotions
p021,2,3,fearful_1.jpg,6,4,fearful_1,fearful,1,emotions
p021,2,3,fearful_2.jpg,8,2,fearful_2,fearful,2,emotions
p021,2,3,happy_1.jpg,3,6,happy_1,happy,1,emotions
p021,2,3,happy_2.jpg,2,3,happy_2,happy,2,emotions
p021,2,3,sad_1.jpg,8,3,sad_1,sad,1,emotions
p021,2,3,sad_2.jpg,8,4,sad_2,sad,2,emotions
p021,2,3,surprise_1.jpg,6,3,surprise_1,surprise,1,emotions
p021,2,3,surprise_2.jpg,4,3,surprise_2,surprise,2,emotions
p021,2,4,angry_3.jpg,4,4,angry_3,angry,3,emotions
p021,2,4,angry_4.jpg,1,3,angry_4,angry,4,emotions
p021,2,4,disgust_3.jpg,6,4,disgust_3,disgust,3,emotions
p021,2,4,disgust_4.jpg,4,3,disgust_4,disgust,4,emotions
p021,2,4,fearful_3.jpg,4,5,fearful_3,fearful,3,emotions
p021,2,4,fearful_4.jpg,7,2,fearful_4,fearful,4,emotions
p021,2,4,happy_3.jpg,7,3,happy_3,happy,3,emotions
p021,2,4,happy_4.jpg,1,4,happy_4,happy,4,emotions
p021,2,4,sad_3.jpg,4,6,sad_3,sad,3,emotions
p021,2,4,sad_4.jpg,7,5,sad_4,sad,4,emotions
p021,2,4,surprise_3.jpg,7,6,surprise_3,surprise,3,emotions
p021,2,4,surprise_4.jpg,6,3,surprise_4,surprise,4,emotions
p021,3,5,acorn_1.jpg,6,5,acorn_1,acorn,1,plants
p021,3,5,apple_1.jpg,4,5,apple_1,apple,1,plants
p021,3,5,blueberry_1.jpg,4,4,blueberry_1,blueberry,1,plants
p021,3,5,broccoli_1.jpg,5,3,broccoli_1,broccoli,1,plants
p021,3,5,cabbage_1.jpg,7,1,cabbage_1,cabbage,1,plants
p021,3,5,cactus_1.jpg,7,4,cactus_1,cactus,1,plants
p021,3,5,cherry_1.jpg,5,4,cherry_1,cherry,1,plants
p021,3,5,flower_1.jpg,2,3,flower_1,flower,1,plants
p021,3,5,grass_1.jpg,2,4,grass_1,grass,1,plants
p021,3,5,leaf_1.jpg,7,3,leaf_1,leaf,1,plants
p021,3,5,peanut_1.jpg,6,6,peanut_1,peanut,1,plants
p021,3,5,tree_1.jpg,4,2,tree_1,tree,1,plants
p021,3,6,acorn_2.jpg,6,6,acorn_2,acorn,2,plants
p021,3,6,apple_2.jpg,7,5,apple_2,apple,2,plants
p021,3,6,blueberry_2.jpg,7,2,blueberry_2,blueberry,2,plants
p021,3,6,broccoli_2.jpg,8,2,broccoli_2,broccoli,2,plants
p021,3,6,cabbage_2.jpg,4,3,cabbage_2,cabbage,2,plants
p021,3,6,cactus_2.jpg,4,4,cactus_2,cactus,2,plants
p021,3,6,cherry_2.jpg,7,4,cherry_2,cherry,2,plants
p021,3,6,flower_2.jpg,4,5,flower_2,flower,2,plants
p021,3,6,grass_2.jpg,4,6,grass_2,grass,2,plants
p021,3,6,leaf_2.jpg,2,3,leaf_2,leaf,2,plants
p021,3,6,peanut_2.jpg,6,5,peanut_2,peanut,2,plants
p021,3,6,tree_2.jpg,2,2,tree_2,tree,2,plants
p022,1,1,butterfly_1.jpg,9,1,butterfly_1,butterfly,1,animals
p022,1,1,dolphin_1.jpg,4,5,dolphin_1,dolphin,1,animals
p022,1,1,fish_1.jpg,5,5,fish_1,fish,1,animals
p022,1,1,fox_1.jpg,8,6,fox_1,fox,1,animals
p022,1,1,horse_1.jpg,10,5,horse_1,horse,1,animals
p022,1,1,ladybug_1.jpg,10,1,ladybug_1,ladybug,1,animals
p022,1,1,lion_1.jpg,10,6,lion_1,lion,1,animals
p022,1,1,peacock_1.jpg,4,1,peacock_1,peacock,1,animals
p022,1,1,pigeon_1.jpg,5,1,pigeon_1,pigeon,1,animals
p022,1,1,sheep_1.jpg,1,2,sheep_1,sheep,1,animals
p022,1,1,squirrel_1.jpg,7,1,squirrel_1,squirrel,1,animals
p022,1,1,wolf_1.jpg,7,6,wolf_1,wolf,1,animals
p022,1,2,butterfly_2.jpg,8,6,butterfly_2,butterfly,2,animals
p022,1,2,dolphin_2.jpg,9,1,dolphin_2,dolphin,2,animals
p022,1,2,fish_2.jpg,10,1,fish_2,fish,2,animals
p022,1,2,fox_2.jpg,5,6,fox_2,fox,2,animals
p022,1,2,horse_2.jpg,1,6,horse_2,horse,2,animals
p022,1,2,ladybug_2.jpg,8,5,ladybug_2,ladybug,2,animals
p022,1,2,lion_2.jpg,3,3,lion_2,lion,2,animals
p022,1,2,peacock_2.jpg,5,1,peacock_2,peacock,2,animals
p022,1,2,pigeon_2.jpg,6,1,pigeon_2,pigeon,2,animals
p022,1,2,sheep_2.jpg,10,6,sheep_2,sheep,2,animals
p022,1,2,squirrel_2.jpg,7,3,squirrel_2,squirrel,2,animals
p022,1,2,wolf_2.jpg,5,5,wolf_2,wolf,2,animals
p022,2,3,acorn_1.jpg,9,1,acorn_1,acorn,1,plants
p022,2,3,apple_1.jpg,8,6,apple_1,apple,1,plants
p022,2,3,blueberry_1.jpg,6,6,blueberry_1,blueberry,1,plants
p022,2,3,broccoli_1.jpg,9,6,broccoli_1,broccoli,1,plants
p022,2,3,cabbage_1.jpg,10,6,cabbage_1,cabbage,1,plants
p022,2,3,cactus_1.jpg,3,1,cactus_1,cactus,1,plants
p022,2,3,cherry_1.jpg,7,6,cherry_1,cherry,1,plants
p022,2,3,flower_1.jpg,2,1,flower_1,flower,1,plants
p022,2,3,grass_1.jpg,1,6,grass_1,grass,1,plants
p022,2,3,leaf_1.jpg,2,6,leaf_1,leaf,1,plants
p022,2,3,peanut_1.jpg,10,1,peanut_1,peanut,1,plants
p022,2,3,tree_1.jpg,1,1,tree_1,tree,1,plants
p022,2,4,acorn_2.jpg,1,6,acorn_2,acorn,2,plants
p022,2,4,apple_2.jpg,7,1,apple_2,apple,2,plants
p022,2,4,blueberry_2.jpg,6,1,blueberry_2,blueberry,2,plants
p022,2,4,broccoli_2.jpg,5,1,broccoli_2,broccoli,2,plants
p022,2,4,cabbage_2.jpg,9,1,cabbage_2,cabbage,2,plants
p022,2,4,cactus_2.jpg,8,6,cactus_2,cactus,2,plants
p022,2,4,cherry_2.jpg,8,1,cherry_2,cherry,2,plants
p022,2,4,flower_2.jpg,10,6,flower_2,flower,2,plants
p022,2,4,grass_2.jpg,6,6,grass_2,grass,2,plants
p022,2,4,leaf_2.jpg,7,6,leaf_2,leaf,2,plants
p022,2,4,peanut_2.jpg,1,5,peanut_2,peanut,2,plants
p022,2,4,tree_2.jpg,9,6,tree_2,tree,2,plants
p022,3,5,angry_1.jpg,6,3,angry_1,angry,1,emotions
p022,3,5,angry_2.jpg,2,6,angry_2,angry,2,emotions
p022,3,5,disgust_1.jpg,7,3,disgust_1,disgust,1,emotions
p022,3,5,disgust_2.jpg,1,1,disgust_2,disgust,2,emotions
p022,3,5,fearful_1.jpg,6,1,fearful_1,fearful,1,emotions
p022,3,5,fearful_2.jpg,9,6,fearful_2,fearful,2,emotions
p022,3,5,happy_1.jpg,9,1,happy_1,happy,1,emotions
p022,3,5,happy_2.jpg,10,1,happy_2,happy,2,emotions
p022,3,5,sad_1.jpg,1,3,sad_1,sad,1,emotions
p022,3,5,sad_2.jpg,1,2,sad_2,sad,2,emotions
p022,3,5,surprise_1.jpg,8,6,surprise_1,surprise,1,emotions
p022,3,5,surprise_2.jpg,10,6,surprise_2,surprise,2,emotions
p022,3,6,angry_3.jpg,5,2,angry_3,angry,3,emotions
p022,3,6,angry_4.jpg,6,3,angry_4,angry,4,emotions
p022,3,6,disgust_3.jpg,1,3,disgust_3,disgust,3,emotions
p022,3,6,disgust_4.jpg,1,2,disgust_4,disgust,4,emotions
p022,3,6,fearful_3.jpg,6,6,fearful_3,fearful,3,emotions
p022,3,6,fearful_4.jpg,5,6,fearful_4,fearful,4,emotions
p022,3,6,happy_3.jpg,10,1,happy_3,happy,3,emotions
p022,3,6,happy_4.jpg,9,1,happy_4,happy,4,emotions
p022,3,6,sad_3.jpg,1,1,sad_3,sad,3,emotions
p022,3,6,sad_4.jpg,1,4,sad_4,sad,4,emotions
p022,3,6,surprise_3.jpg,10,6,surprise_3,surprise,3,emotions
p022,3,6,surprise_4.jpg,9,6,surprise_4,surprise,4,emotions
p023,1,1,angry_1.jpg,6,5,angry_1,angry,1,emotions
p023,1,1,angry_2.jpg,9,5,angry_2,angry,2,emotions
p023,1,1,disgust_1.jpg,7,5,disgust_1,disgust,1,emotions
p023,1,1,disgust_2.jpg,10,5,disgust_2,disgust,2,emotions
p023,1,1,fearful_1.jpg,2,5,fearful_1,fearful,1,emotions
p023,1,1,fearful_2.jpg,5,5,fearful_2,fearful,2,emotions
p023,1,1,happy_1.jpg,8,5,happy_1,happy,1,emotions
p023,1,1,happy_2.jpg,4,5,happy_2,happy,2,emotions
p023,1,1,sad_1.jpg,2,4,sad_1,sad,1,emotions
p023,1,1,sad_2.jpg,1,4,sad_2,sad,2,emotions
p023,1,1,surprise_1.jpg,3,4,surprise_1,surprise,1,emotions
p023,1,1,surprise_2.jpg,3,5,surprise_2,surprise,2,emotions
p023,1,2,angry_3.jpg,4,6,angry_3,angry,3,emotions
p023,1,2,angry_4.jpg,3,6,angry_4,angry,4,emotions
p023,1,2,disgust_3.jpg,6,6,disgust_3,disgust,3,emotions
p023,1,2,disgust_4.jpg,1,5,disgust_4,disgust,4,emotions
p023,1,2,fearful_3.jpg,8,6,fearful_3,fearful,3,emotions
p023,1,2,fearful_4.jpg,7,5,fearful_4,fearful,4,emotions
p023,1,2,happy_3.jpg,7,6,happy_3,happy,3,emotions
p023,1,2,happy_4.jpg,4,5,happy_4,happy,4,emotions
p023,1,2,sad_3.jpg,9,6,sad_3,sad,3,emotions
p023,1,2,sad_4.jpg,10,6,sad_4,sad,4,emotions
p023,1,2,surprise_3.jpg,5,6,surprise_3,surprise,3,emotions
p023,1,2,surprise_4.jpg,6,5,surprise_4,surprise,4,emotions
p023,2,3,butterfly_1.jpg,8,5,butterfly_1,butterfly,1,animals
p023,2,3,dolphin_1.jpg,9,4,dolphin_1,dolphin,1,animals
p023,2,3,fish_1.jpg,10,5,fish_1,fish,1,animals
p023,2,3,fox_1.jpg,9,3,fox_1,fox,1,animals
p023,2,3,horse_1.jpg,8,4,horse_1,horse,1,animals
p023,2,3,ladybug_1.jpg,6,4,ladybug_1,ladybug,1,animals
p023,2,3,lion_1.jpg,7,4,lion_1,lion,1,animals
p023,2,3,peacock_1.jpg,10,3,peacock_1,peacock,1,animals
p023,2,3,pigeon_1.jpg,7,3,pigeon_1,pigeon,1,animals
p023,2,3,sheep_1.jpg,9,5,sheep_1,sheep,1,animals
p023,2,3,squirrel_1.jpg,10,4,squirrel_1,squirrel,1,animals
p023,2,3,wolf_1.jpg,8,3,wolf_1,wolf,1,animals
p023,2,4,butterfly_2.jpg,9,5,butterfly_2,butterfly,2,animals
p023,2,4,dolphin_2.jpg,10,5,dolphin_2,dolphin,2,animals
p023,2,4,fish_2.jpg,10,4,fish_2,fish,2,animals
p023,2,4,fox_2.jpg,8,4,fox_2,fox,2,animals
p023,2,4,horse_2.jpg,8,6,horse_2,horse,2,animals
p023,2,4,ladybug_2.jpg,10,6,ladybug_2,ladybug,2,animals
p023,2,4,lion_2.jpg,7,6,lion_2,lion,2,animals
p023,2,4,peacock_2.jpg,8,5,peacock_2,peacock,2,animals
p023,2,4,pigeon_2.jpg,6,6,pigeon_2,pigeon,2,animals
p023,2,4,sheep_2.jpg,9,6,sheep_2,sheep,2,animals
p023,2,4,squirrel_2.jpg,7,4,squirrel_2,squirrel,2,animals
p023,2,4,wolf_2.jpg,5,6,wolf_2,wolf,2,animals
p023,3,5,acorn_1.jpg,4,5,acorn_1,acorn,1,plants
p023,3,5,apple_1.jpg,8,4,apple_1,apple,1,plants
p023,3,5,blueberry_1.jpg,8,5,blueberry_1,blueberry,1,plants
p023,3,5,broccoli_1.jpg,10,4,broccoli_1,broccoli,1,plants
p023,3,5,cabbage_1.jpg,10,5,cabbage_1,cabbage,1,plants
p023,3,5,cactus_1.jpg,9,5,cactus_1,cactus,1,plants
p023,3,5,cherry_1.jpg,6,5,cherry_1,cherry,1,plants
p023,3,5,flower_1.jpg,3,5,flower_1,flower,1,plants
p023,3,5,grass_1.jpg,2,5,grass_1,grass,1,plants
p023,3,5,leaf_1.jpg,9,4,leaf_1,leaf,1,plants
p023,3,5,peanut_1.jpg,7,5,peanut_1,peanut,1,plants
p023,3,5,tree_1.jpg,5,5,tree_1,tree,1,plants
p023,3,6,acorn_2.jpg,8,5,acorn_2,acorn,2,plants
p023,3,6,apple_2.jpg,7,4,apple_2,apple,2,plants
p023,3,6,blueberry_2.jpg,5,6,blueberry_2,blueberry,2,plants
p023,3,6,broccoli_2.jpg,8,6,broccoli_2,broccoli,2,plants
p023,3,6,cabbage_2.jpg,10,5,cabbage_2,cabbage,2,plants
p023,3,6,cactus_2.jpg,9,4,cactus_2,cactus,2,plants
p023,3,6,cherry_2.jpg,7,6,cherry_2,cherry,2,plants
p023,3,6,flower_2.jpg,6,6,flower_2,flower,2,plants
p023,3,6,grass_2.jpg,10,4,grass_2,grass,2,plants
p023,3,6,leaf_2.jpg,8,4,leaf_2,leaf,2,plants
p023,3,6,peanut_2.jpg,9,5,peanut_2,peanut,2,plants
p023,3,6,tree_2.jpg,7,5,tree_2,tree,2,plants
p024,1,1,angry_1.jpg,10,6,angry_1,angry,1,emotions
p024,1,1,angry_2.jpg,10,3,angry_2,angry,2,emotions
p024,1,1,disgust_1.jpg,7,5,disgust_1,disgust,1,emotions
p024,1,1,disgust_2.jpg,7,4,disgust_2,disgust,2,emotions
p024,1,1,fearful_1.jpg,2,2,fearful_1,fearful,1,emotions
p024,1,1,fearful_2.jpg,4,5,fearful_2,fearful,2,emotions
p024,1,1,happy_1.jpg,6,6,happy_1,happy,1,emotions
p024,1,1,happy_2.jpg,10,1,happy_2,happy,2,emotions
p024,1,1,sad_1.jpg,8,6,sad_1,sad,1,emotions
p024,1,1,sad_2.jpg,6,2,sad_2,sad,2,emotions
p024,1,1,surprise_1.jpg,4,3,surprise_1,surprise,1,emotions
p024,1,1,surprise_2.jpg,3,3,surprise_2,surprise,2,emotions
p024,1,2,angry_3.jpg,10,6,angry_3,angry,3,emotions
p024,1,2,angry_4.jpg,2,3,angry_4,angry,4,emotions
p024,1,2,disgust_3.jpg,1,6,disgust_3,disgust,3,emotions
p024,1,2,disgust_4.jpg,10,1,disgust_4,disgust,4,emotions
p024,1,2,fearful_3.jpg,4,1,fearful_3,fearful,3,emotions
p024,1,2,fearful_4.jpg,1,1,fearful_4,fearful,4,emotions
p024,1,2,happy_3.jpg,8,5,happy_3,happy,3,emotions
p024,1,2,happy_4.jpg,8,4,happy_4,happy,4,emotions
p024,1,2,sad_3.jpg,4,5,sad_3,sad,3,emotions
p024,1,2,sad_4.jpg,10,3,sad_4,sad,4,emotions
p024,1,2,surprise_3.jpg,6,6,surprise_3,surprise,3,emotions
p024,1,2,surprise_4.jpg,8,2,surprise_4,surprise,4,emotions
p024,2,3,acorn_1.jpg,2,2,acorn_1,acorn,1,plants
p024,2,3,apple_1.jpg,9,1,apple_1,apple,1,plants
p024,2,3,blueberry_1.jpg,7,1,blueberry_1,blueberry,1,plants
p024,2,3,broccoli_1.jpg,5,1,broccoli_1,broccoli,1,plants
p024,2,3,cabbage_1.jpg,3,1,cabbage_1,cabbage,1,plants
p024,2,3,cactus_1.jpg,1,1,cactus_1,cactus,1,plants
p024,2,3,cherry_1.jpg,10,1,cherry_1,cherry,1,plants
p024,2,3,flower_1.jpg,8,1,flower_1,flower,1,plants
p024,2,3,grass_1.jpg,4,1,grass_1,grass,1,plants
p024,2,3,leaf_1.jpg,2,1,leaf_1,leaf,1,plants
p024,2,3,peanut_1.jpg,1,2,peanut_1,peanut,1,plants
p024,2,3,tree_1.jpg,6,1,tree_1,tree,1,plants
p024,2,4,acorn_2.jpg,1,3,acorn_2,acorn,2,plants
p024,2,4,apple_2.jpg,7,4,apple_2,apple,2,plants
p024,2,4,blueberry_2.jpg,1,6,blueberry_2,blueberry,2,plants
p024,2,4,broccoli_2.jpg,6,3,broccoli_2,broccoli,2,plants
p024,2,4,cabbage_2.jpg,4,3,cabbage_2,cabbage,2,plants
p024,2,4,cactus_2.jpg,9,6,cactus_2,cactus,2,plants
p024,2,4,cherry_2.jpg,1,1,cherry_2,cherry,2,plants
p024,2,4,flower_2.jpg,5,6,flower_2,flower,2,plants
p024,2,4,grass_2.jpg,10,3,grass_2,grass,2,plants
p024,2,4,leaf_2.jpg,8,1,leaf_2,leaf,2,plants
p024,2,4,peanut_2.jpg,10,1,peanut_2,peanut,2,plants
p024,2,4,tree_2.jpg,5,1,tree_2,tree,2,plants
p024,3,5,butterfly_1.jpg,10,6,butterfly_1,butterfly,1,animals
p024,3,5,dolphin_1.jpg,10,1,dolphin_1,dolphin,1,animals
p024,3,5,fish_1.jpg,10,5,fish_1,fish,1,animals
p024,3,5,fox_1.jpg,7,1,fox_1,fox,1,animals
p024,3,5,horse_1.jpg,5,1,horse_1,horse,1,animals
p024,3,5,ladybug_1.jpg,3,1,ladybug_1,ladybug,1,animals
p024,3,5,lion_1.jpg,1,6,lion_1,lion,1,animals
p024,3,5,peacock_1.jpg,10,3,peacock_1,peacock,1,animals
p024,3,5,pigeon_1.jpg,1,1,pigeon_1,pigeon,1,animals
p024,3,5,sheep_1.jpg,3,3,sheep_1,sheep,1,animals
p024,3,5,squirrel_1.jpg,1,3,squirrel_1,squirrel,1,animals
p024,3,5,wolf_1.jpg,6,6,wolf_1,wolf,1,animals
p024,3,6,butterfly_2.jpg,7,3,butterfly_2,butterfly,2,animals
p024,3,6,dolphin_2.jpg,8,6,dolphin_2,dolphin,2,animals
p024,3,6,fish_2.jpg,10,6,fish_2,fish,2,animals
p024,3,6,fox_2.jpg,4,1,fox_2,fox,2,animals
p024,3,6,horse_2.jpg,10,3,horse_2,horse,2,animals
p024,3,6,ladybug_2.jpg,1,5,ladybug_2,ladybug,2,animals
p024,3,6,lion_2.jpg,6,6,lion_2,lion,2,animals
p024,3,6,peacock_2.jpg,6,1,peacock_2,peacock,2,animals
p024,3,6,pigeon_2.jpg,10,4,pigeon_2,pigeon,2,animals
p024,3,6,sheep_2.jpg,8,1,sheep_2,sheep,2,animals
p024,3,6,squirrel_2.jpg,4,6,squirrel_2,squirrel,2,animals
p024,3,6,wolf_2.jpg,10,1,wolf_2,wolf,2,animals
p025,1,1,acorn_1.jpg,7,1,acorn_1,acorn,1,plants
p025,1,1,apple_1.jpg,10,4,apple_1,apple,1,plants
p025,1,1,blueberry_1.jpg,3,6,blueberry_1,blueberry,1,plants
p025,1,1,broccoli_1.jpg,5,6,broccoli_1,broccoli,1,plants
p025,1,1,cabbage_1.jpg,6,6,cabbage_1,cabbage,1,plants
p025,1,1,cactus_1.jpg,1,6,cactus_1,cactus,1,plants
p025,1,1,cherry_1.jpg,10,3,cherry_1,cherry,1,plants
p025,1,1,flower_1.jpg,1,3,flower_1,flower,1,plants
p025,1,1,grass_1.jpg,8,6,grass_1,grass,1,plants
p025,1,1,leaf_1.jpg,7,6,leaf_1,leaf,1,plants
p025,1,1,peanut_1.jpg,9,1,peanut_1,peanut,1,plants
p025,1,1,tree_1.jpg,4,1,tree_1,tree,1,plants
p025,1,2,acorn_2.jpg,10,1,acorn_2,acorn,2,plants
p025,1,2,apple_2.jpg,4,1,apple_2,apple,2,plants
p025,1,2,blueberry_2.jpg,5,1,blueberry_2,blueberry,2,plants
p025,1,2,broccoli_2.jpg,2,6,broccoli_2,broccoli,2,plants
p025,1,2,cabbage_2.jpg,3,6,cabbage_2,cabbage,2,plants
p025,1,2,cactus_2.jpg,10,6,cactus_2,cactus,2,plants
p025,1,2,cherry_2.jpg,3,1,cherry_2,cherry,2,plants
p025,1,2,flower_2.jpg,1,3,flower_2,flower,2,plants
p025,1,2,grass_2.jpg,5,6,grass_2,grass,2,plants
p025,1,2,leaf_2.jpg,6,6,leaf_2,leaf,2,plants
p025,1,2,peanut_2.jpg,9,1,peanut_2,peanut,2,plants
p025,1,2,tree_2.jpg,7,6,tree_2,tree,2,plants
p025,2,3,butterfly_1.jpg,1,4,butterfly_1,butterfly,1,animals
p025,2,3,dolphin_1.jpg,10,6,dolphin_1,dolphin,1,animals
p025,2,3,fish_1.jpg,9,6,fish_1,fish,1,animals
p025,2,3,fox_1.jpg,3,6,fox_1,fox,1,animals
p025,2,3,horse_1.jpg,5,3,horse_1,horse,1,animals
p025,2,3,ladybug_1.jpg,1,3,ladybug_1,ladybug,1,animals
p025,2,3,lion_1.jpg,6,6,lion_1,lion,1,animals
p025,2,3,peacock_1.jpg,4,1,peacock_1,peacock,1,animals
p025,2,3,pigeon_1.jpg,6,1,pigeon_1,pigeon,1,animals
p025,2,3,sheep_1.jpg,9,2,sheep_1,sheep,1,animals
p025,2,3,squirrel_1.jpg,1,1,squirrel_1,squirrel,1,animals
p025,2,3,wolf_1.jpg,4,6,wolf_1,wolf,1,animals
p025,2,4,butterfly_2.jpg,1,3,butterfly_2,butterfly,2,animals
p025,2,4,dolphin_2.jpg,10,5,dolphin_2,dolphin,2,animals
p025,2,4,fish_2.jpg,10,6,fish_2,fish,2,animals
p025,2,4,fox_2.jpg,3,3,fox_2,fox,2,animals
p025,2,4,horse_2.jpg,4,6,horse_2,horse,2,animals
p025,2,4,ladybug_2.jpg,1,4,ladybug_2,ladybug,2,animals
p025,2,4,lion_2.jpg,7,4,lion_2,lion,2,animals
p025,2,4,peacock_2.jpg,4,1,peacock_2,peacock,2,animals
p025,2,4,pigeon_2.jpg,2,1,pigeon_2,pigeon,2,animals
p025,2,4,sheep_2.jpg,10,1,sheep_2,sheep,2,animals
p025,2,4,squirrel_2.jpg,7,1,squirrel_2,squirrel,2,animals
p025,2,4,wolf_2.jpg,4,3,wolf_2,wolf,2,animals
p025,3,5,angry_1.jpg,9,1,angry_1,angry,1,emotions
p025,3,5,angry_2.jpg,8,1,angry_2,angry,2,emotions
p025,3,5,disgust_1.jpg,10,1,disgust_1,disgust,1,emotions
p025,3,5,disgust_2.jpg,5,1,disgust_2,disgust,2,emotions
p025,3,5,fearful_1.jpg,5,4,fearful_1,fearful,1,emotions
p025,3,5,fearful_2.jpg,5,6,fearful_2,fearful,2,emotions
p025,3,5,happy_1.jpg,1,3,happy_1,happy,1,emotions
p025,3,5,happy_2.jpg,1,4,happy_2,happy,2,emotions
p025,3,5,sad_1.jpg,10,6,sad_1,sad,1,emotions
p025,3,5,sad_2.jpg,9,6,sad_2,sad,2,emotions
p025,3,5,surprise_1.jpg,2,6,surprise_1,surprise,1,emotions
p025,3,5,surprise_2.jpg,3,6,surprise_2,surprise,2,emotions
p025,3,6,angry_3.jpg,10,1,angry_3,angry,3,emotions
p025,3,6,angry_4.jpg,9,1,angry_4,angry,4,emotions
p025,3,6,disgust_3.jpg,6,1,disgust_3,disgust,3,emotions
p025,3,6,disgust_4.jpg,5,1,disgust_4,disgust,4,emotions
p025,3,6,fearful_3.jpg,7,5,fearful_3,fearful,3,emotions
p025,3,6,fearful_4.jpg,7,6,fearful_4,fearful,4,emotions
p025,3,6,happy_3.jpg,10,5,happy_3,happy,3,emotions
p025,3,6,happy_4.jpg,10,6,happy_4,happy,4,emotions
p025,3,6,sad_3.jpg,1,5,sad_3,sad,3,emotions
p025,3,6,sad_4.jpg,1,4,sad_4,sad,4,emotions
p025,3,6,surprise_3.jpg,5,5,surprise_3,surprise,3,emotions
p025,3,6,surprise_4.jpg,5,6,surprise_4,surprise,4,emotions
p026,1,1,acorn_1.jpg,7,4,acorn_1,acorn,1,plants
p026,1,1,apple_1.jpg,10,3,apple_1,apple,1,plants
p026,1,1,blueberry_1.jpg,10,5,blueberry_1,blueberry,1,plants
p026,1,1,broccoli_1.jpg,2,1,broccoli_1,broccoli,1,plants
p026,1,1,cabbage_1.jpg,2,2,cabbage_1,cabbage,1,plants
p026,1,1,cactus_1.jpg,4,3,cactus_1,cactus,1,plants
p026,1,1,cherry_1.jpg,10,4,cherry_1,cherry,1,plants
p026,1,1,flower_1.jpg,4,4,flower_1,flower,1,plants
p026,1,1,grass_1.jpg,4,2,grass_1,grass,1,plants
p026,1,1,leaf_1.jpg,4,1,leaf_1,leaf,1,plants
p026,1,1,peanut_1.jpg,7,5,peanut_1,peanut,1,plants
p026,1,1,tree_1.jpg,4,5,tree_1,tree,1,plants
p026,1,2,acorn_2.jpg,7,4,acorn_2,acorn,2,plants
p026,1,2,apple_2.jpg,10,3,apple_2,apple,2,plants
p026,1,2,blueberry_2.jpg,10,4,blueberry_2,blueberry,2,plants
p026,1,2,broccoli_2.jpg,2,5,broccoli_2,broccoli,2,plants
p026,1,2,cabbage_2.jpg,3,6,cabbage_2,cabbage,2,plants
p026,1,2,cactus_2.jpg,2,4,cactus_2,cactus,2,plants
p026,1,2,cherry_2.jpg,10,2,cherry_2,cherry,2,plants
p026,1,2,flower_2.jpg,2,2,flower_2,flower,2,plants
p026,1,2,grass_2.jpg,2,1,grass_2,grass,2,plants
p026,1,2,leaf_2.jpg,2,6,leaf_2,leaf,2,plants
p026,1,2,peanut_2.jpg,7,5,peanut_2,peanut,2,plants
p026,1,2,tree_2.jpg,2,3,tree_2,tree,2,plants
p026,2,3,angry_1.jpg,2,2,angry_1,angry,1,emotions
p026,2,3,angry_2.jpg,2,1,angry_2,angry,2,emotions
p026,2,3,disgust_1.jpg,9,6,disgust_1,disgust,1,emotions
p026,2,3,disgust_2.jpg,9,5,disgust_2,disgust,2,emotions
p026,2,3,fearful_1.jpg,8,2,fearful_1,fearful,1,emotions
p026,2,3,fearful_2.jpg,8,1,fearful_2,fearful,2,emotions
p026,2,3,happy_1.jpg,10,1,happy_1,happy,1,emotions
p026,2,3,happy_2.jpg,10,2,happy_2,happy,2,emotions
p026,2,3,sad_1.jpg,6,3,sad_1,sad,1,emotions
p026,2,3,sad_2.jpg,6,4,sad_2,sad,2,emotions
p026,2,3,surprise_1.jpg,4,5,surprise_1,surprise,1,emotions
p026,2,3,surprise_2.jpg,4,6,surprise_2,surprise,2,emotions
p026,2,4,angry_3.jpg,7,4,angry_3,angry,3,emotions
p026,2,4,angry_4.jpg,3,4,angry_4,angry,4,emotions
p026,2,4,disgust_3.jpg,3,6,disgust_3,disgust,3,emotions
p026,2,4,disgust_4.jpg,3,5,disgust_4,disgust,4,emotions
p026,2,4,fearful_3.jpg,7,5,fearful_3,fearful,3,emotions
p026,2,4,fearful_4.jpg,7,6,fearful_4,fearful,4,emotions
p026,2,4,happy_3.jpg,10,1,happy_3,happy,3,emotions
p026,2,4,happy_4.jpg,10,2,happy_4,happy,4,emotions
p026,2,4,sad_3.jpg,5,6,sad_3,sad,3,emotions
p026,2,4,sad_4.jpg,5,5,sad_4,sad,4,emotions
p026,2,4,surprise_3.jpg,9,2,surprise_3,surprise,3,emotions
p026,2,4,surprise_4.jpg,9,3,surprise_4,surprise,4,emotions
p026,3,5,butterfly_1.jpg,3,3,butterfly_1,butterfly,1,animals
p026,3,5,dolphin_1.jpg,9,6,dolphin_1,dolphin,1,animals
p026,3,5,fish_1.jpg,9,5,fish_1,fish,1,animals
p026,3,5,fox_1.jpg,5,4,fox_1,fox,1,animals
p026,3,5,horse_1.jpg,7,1,horse_1,horse,1,animals
p026,3,5,ladybug_1.jpg,3,2,ladybug_1,ladybug,1,animals
p026,3,5,lion_1.jpg,5,6,lion_1,lion,1,animals
p026,3,5,peacock_1.jpg,10,2,peacock_1,peacock,1,animals
p026,3,5,pigeon_1.jpg,10,1,pigeon_1,pigeon,1,animals
p026,3,5,sheep_1.jpg,7,2,sheep_1,sheep,1,animals
p026,3,5,squirrel_1.jpg,1,1,squirrel_1,squirrel,1,animals
p026,3,5,wolf_1.jpg,5,5,wolf_1,wolf,1,animals
p026,3,6,butterfly_2.jpg,1,1,butterfly_2,butterfly,2,animals
p026,3,6,dolphin_2.jpg,8,6,dolphin_2,dolphin,2,animals
p026,3,6,fish_2.jpg,8,5,fish_2,fish,2,animals
p026,3,6,fox_2.jpg,5,5,fox_2,fox,2,animals
p026,3,6,horse_2.jpg,7,1,horse_2,horse,2,animals
p026,3,6,ladybug_2.jpg,1,2,ladybug_2,ladybug,2,animals
p026,3,6,lion_2.jpg,5,4,lion_2,lion,2,animals
p026,3,6,peacock_2.jpg,10,2,peacock_2,peacock,2,animals
p026,3,6,pigeon_2.jpg,10,1,pigeon_2,pigeon,2,animals
p026,3,6,sheep_2.jpg,7,2,sheep_2,sheep,2,animals
p026,3,6,squirrel_2.jpg,1,3,squirrel_2,squirrel,2,animals
p026,3,6,wolf_2.jpg,5,6,wolf_2,wolf,2,animals
p027,1,1,butterfly_2.jpg,10,3,butterfly_2,butterfly,2,animals
p027,1,1,dolphin_2.jpg,3,4,dolphin_2,dolphin,2,animals
p027,1,1,fish_2.jpg,7,6,fish_2,fish,2,animals
p027,1,1,fox_2.jpg,5,1,fox_2,fox,2,animals
p027,1,1,horse_2.jpg,3,6,horse_2,horse,2,animals
p027,1,1,ladybug_2.jpg,8,2,ladybug_2,ladybug,2,animals
p027,1,1,lion_2.jpg,2,1,lion_2,lion,2,animals
p027,1,1,peacock_2.jpg,1,6,peacock_2,peacock,2,animals
p027,1,1,pigeon_2.jpg,5,5,pigeon_2,pigeon,2,animals
p027,1,1,sheep_2.jpg,1,3,sheep_2,sheep,2,animals
p027,1,1,squirrel_2.jpg,8,5,squirrel_2,squirrel,2,animals
p027,1,1,wolf_2.jpg,6,4,wolf_2,wolf,2,animals
p027,1,2,butterfly_1.jpg,3,6,butterfly_1,butterfly,1,animals
p027,1,2,dolphin_1.jpg,2,4,dolphin_1,dolphin,1,animals
p027,1,2,fish_1.jpg,3,2,fish_1,fish,1,animals
p027,1,2,fox_1.jpg,1,1,fox_1,fox,1,animals
p027,1,2,horse_1.jpg,10,1,horse_1,horse,1,animals
p027,1,2,ladybug_1.jpg,10,4,ladybug_1,ladybug,1,animals
p027,1,2,lion_1.jpg,8,2,lion_1,lion,1,animals
p027,1,2,peacock_1.jpg,5,4,peacock_1,peacock,1,animals
p027,1,2,pigeon_1.jpg,10,6,pigeon_1,pigeon,1,animals
p027,1,2,sheep_1.jpg,7,1,sheep_1,sheep,1,animals
p027,1,2,squirrel_1.jpg,5,1,squirrel_1,squirrel,1,animals
p027,1,2,wolf_1.jpg,6,6,wolf_1,wolf,1,animals
p027,2,3,angry_3.jpg,6,5,angry_3,angry,3,emotions
p027,2,3,angry_4.jpg,5,5,angry_4,angry,4,emotions
p027,2,3,disgust_3.jpg,3,6,disgust_3,disgust,3,emotions
p027,2,3,disgust_4.jpg,7,1,disgust_4,disgust,4,emotions
p027,2,3,fearful_3.jpg,10,4,fearful_3,fearful,3,emotions
p027,2,3,fearful_4.jpg,4,1,fearful_4,fearful,4,emotions
p027,2,3,happy_3.jpg,1,3,happy_3,happy,3,emotions
p027,2,3,happy_4.jpg,10,1,happy_4,happy,4,emotions
p027,2,3,sad_3.jpg,8,3,sad_3,sad,3,emotions
p027,2,3,sad_4.jpg,1,1,sad_4,sad,4,emotions
p027,2,3,surprise_3.jpg,3,4,surprise_3,surprise,3,emotions
p027,2,3,surprise_4.jpg,9,6,surprise_4,surprise,4,emotions
p027,2,4,angry_1.jpg,9,1,angry_1,angry,1,emotions
p027,2,4,angry_2.jpg,2,5,angry_2,angry,2,emotions
p027,2,4,disgust_1.jpg,5,5,disgust_1,disgust,1,emotions
p027,2,4,disgust_2.jpg,9,4,disgust_2,disgust,2,emotions
p027,2,4,fearful_1.jpg,8,5,fearful_1,fearful,1,emotions
p027,2,4,fearful_2.jpg,4,6,fearful_2,fearful,2,emotions
p027,2,4,happy_1.jpg,5,3,happy_1,happy,1,emotions
p027,2,4,happy_2.jpg,6,6,happy_2,happy,2,emotions
p027,2,4,sad_1.jpg,5,1,sad_1,sad,1,emotions
p027,2,4,sad_2.jpg,6,1,sad_2,sad,2,emotions
p027,2,4,surprise_1.jpg,3,2,surprise_1,surprise,1,emotions
p027,2,4,surprise_2.jpg,2,2,surprise_2,surprise,2,emotions
p027,3,5,acorn_2.jpg,8,2,acorn_2,acorn,2,plants
p027,3,5,apple_2.jpg,6,1,apple_2,apple,2,plants
p027,3,5,blueberry_2.jpg,4,1,blueberry_2,blueberry,2,plants
p027,3,5,broccoli_2.jpg,5,6,broccoli_2,broccoli,2,plants
p027,3,5,cabbage_2.jpg,3,6,cabbage_2,cabbage,2,plants
p027,3,5,cactus_2.jpg,1,5,cactus_2,cactus,2,plants
p027,3,5,cherry_2.jpg,10,6,cherry_2,cherry,2,plants
p027,3,5,flower_2.jpg,7,6,flower_2,flower,2,plants
p027,3,5,grass_2.jpg,1,2,grass_2,grass,2,plants
p027,3,5,leaf_2.jpg,10,4,leaf_2,leaf,2,plants
p027,3,5,peanut_2.jpg,3,2,peanut_2,peanut,2,plants
p027,3,5,tree_2.jpg,10,3,tree_2,tree,2,plants
p027,3,6,acorn_1.jpg,2,4,acorn_1,acorn,1,plants
p027,3,6,apple_1.jpg,7,4,apple_1,apple,1,plants
p027,3,6,blueberry_1.jpg,3,1,blueberry_1,blueberry,1,plants
p027,3,6,broccoli_1.jpg,4,6,broccoli_1,broccoli,1,plants
p027,3,6,cabbage_1.jpg,10,1,cabbage_1,cabbage,1,plants
p027,3,6,cactus_1.jpg,8,1,cactus_1,cactus,1,plants
p027,3,6,cherry_1.jpg,7,6,cherry_1,cherry,1,plants
p027,3,6,flower_1.jpg,5,1,flower_1,flower,1,plants
p027,3,6,grass_1.jpg,5,3,grass_1,grass,1,plants
p027,3,6,leaf_1.jpg,10,5,leaf_1,leaf,1,plants
p027,3,6,peanut_1.jpg,3,4,peanut_1,peanut,1,plants
p027,3,6,tree_1.jpg,10,6,tree_1,tree,1,plants
p028,1,1,angry_3.jpg,10,1,angry_3,angry,3,emotions
p028,1,1,angry_4.jpg,10,4,angry_4,angry,4,emotions
p028,1,1,disgust_3.jpg,9,5,disgust_3,disgust,3,emotions
p028,1,1,disgust_4.jpg,9,3,disgust_4,disgust,4,emotions
p028,1,1,fearful_3.jpg,10,6,fearful_3,fearful,3,emotions
p028,1,1,fearful_4.jpg,9,6,fearful_4,fearful,4,emotions
p028,1,1,happy_3.jpg,9,2,happy_3,happy,3,emotions
p028,1,1,happy_4.jpg,9,1,happy_4,happy,4,emotions
p028,1,1,sad_3.jpg,10,2,sad_3,sad,3,emotions
p028,1,1,sad_4.jpg,10,5,sad_4,sad,4,emotions
p028,1,1,surprise_3.jpg,9,4,surprise_3,surprise,3,emotions
p028,1,1,surprise_4.jpg,10,3,surprise_4,surprise,4,emotions
p028,1,2,angry_1.jpg,10,3,angry_1,angry,1,emotions
p028,1,2,angry_2.jpg,9,3,angry_2,angry,2,emotions
p028,1,2,disgust_1.jpg,10,6,disgust_1,disgust,1,emotions
p028,1,2,disgust_2.jpg,10,4,disgust_2,disgust,2,emotions
p028,1,2,fearful_1.jpg,9,2,fearful_1,fearful,1,emotions
p028,1,2,fearful_2.jpg,9,5,fearful_2,fearful,2,emotions
p028,1,2,happy_1.jpg,10,2,happy_1,happy,1,emotions
p028,1,2,happy_2.jpg,9,6,happy_2,happy,2,emotions
p028,1,2,sad_1.jpg,9,4,sad_1,sad,1,emotions
p028,1,2,sad_2.jpg,10,5,sad_2,sad,2,emotions
p028,1,2,surprise_1.jpg,9,1,surprise_1,surprise,1,emotions
p028,1,2,surprise_2.jpg,10,1,surprise_2,surprise,2,emotions
p028,2,3,butterfly_2.jpg,4,3,butterfly_2,butterfly,2,animals
p028,2,3,dolphin_2.jpg,10,2,dolphin_2,dolphin,2,animals
p028,2,3,fish_2.jpg,6,3,fish_2,fish,2,animals
p028,2,3,fox_2.jpg,1,1,fox_2,fox,2,animals
p028,2,3,horse_2.jpg,5,6,horse_2,horse,2,animals
p028,2,3,ladybug_2.jpg,10,3,ladybug_2,ladybug,2,animals
p028,2,3,lion_2.jpg,10,1,lion_2,lion,2,animals
p028,2,3,peacock_2.jpg,2,5,peacock_2,peacock,2,animals
p028,2,3,pigeon_2.jpg,9,3,pigeon_2,pigeon,2,animals
p028,2,3,sheep_2.jpg,4,6,sheep_2,sheep,2,animals
p028,2,3,squirrel_2.jpg,2,2,squirrel_2,squirrel,2,animals
p028,2,3,wolf_2.jpg,5,4,wolf_2,wolf,2,animals
p028,2,4,butterfly_1.jpg,1,6,butterfly_1,butterfly,1,animals
p028,2,4,dolphin_1.jpg,5,2,dolphin_1,dolphin,1,animals
p028,2,4,fish_1.jpg,4,6,fish_1,fish,1,animals
p028,2,4,fox_1.jpg,5,5,fox_1,fox,1,animals
p028,2,4,horse_1.jpg,8,3,horse_1,horse,1,animals
p028,2,4,ladybug_1.jpg,4,2,ladybug_1,ladybug,1,animals
p028,2,4,lion_1.jpg,6,6,lion_1,lion,1,animals
p028,2,4,peacock_1.jpg,3,3,peacock_1,peacock,1,animals
p028,2,4,pigeon_1.jpg,7,2,pigeon_1,pigeon,1,animals
p028,2,4,sheep_1.jpg,1,1,sheep_1,sheep,1,animals
p028,2,4,squirrel_1.jpg,10,6,squirrel_1,squirrel,1,animals
p028,2,4,wolf_1.jpg,10,1,wolf_1,wolf,1,animals
p028,3,5,acorn_2.jpg,5,4,acorn_2,acorn,2,plants
p028,3,5,apple_2.jpg,1,4,apple_2,apple,2,plants
p028,3,5,blueberry_2.jpg,5,5,blueberry_2,blueberry,2,plants
p028,3,5,broccoli_2.jpg,2,6,broccoli_2,broccoli,2,plants
p028,3,5,cabbage_2.jpg,10,6,cabbage_2,cabbage,2,plants
p028,3,5,cactus_2.jpg,4,3,cactus_2,cactus,2,plants
p028,3,5,cherry_2.jpg,1,1,cherry_2,cherry,2,plants
p028,3,5,flower_2.jpg,5,1,flower_2,flower,2,plants
p028,3,5,grass_2.jpg,9,6,grass_2,grass,2,plants
p028,3,5,leaf_2.jpg,10,1,leaf_2,leaf,2,plants
p028,3,5,peanut_2.jpg,7,3,peanut_2,peanut,2,plants
p028,3,5,tree_2.jpg,1,6,tree_2,tree,2,plants
p028,3,6,acorn_1.jpg,3,3,acorn_1,acorn,1,plants
p028,3,6,apple_1.jpg,7,1,apple_1,apple,1,plants
p028,3,6,blueberry_1.jpg,1,1,blueberry_1,blueberry,1,plants
p028,3,6,broccoli_1.jpg,5,6,broccoli_1,broccoli,1,plants
p028,3,6,cabbage_1.jpg,5,2,cabbage_1,cabbage,1,plants
p028,3,6,cactus_1.jpg,10,1,cactus_1,cactus,1,plants
p028,3,6,cherry_1.jpg,8,3,cherry_1,cherry,1,plants
p028,3,6,flower_1.jpg,8,4,flower_1,flower,1,plants
p028,3,6,grass_1.jpg,1,6,grass_1,grass,1,plants
p028,3,6,leaf_1.jpg,7,6,leaf_1,leaf,1,plants
p028,3,6,peanut_1.jpg,10,6,peanut_1,peanut,1,plants
p028,3,6,tree_1.jpg,5,3,tree_1,tree,1,plants
p029,1,1,angry_3.jpg,8,4,angry_3,angry,3,emotions
p029,1,1,angry_4.jpg,1,1,angry_4,angry,4,emotions
p029,1,1,disgust_3.jpg,2,1,disgust_3,disgust,3,emotions
p029,1,1,disgust_4.jpg,10,6,disgust_4,disgust,4,emotions
p029,1,1,fearful_3.jpg,10,1,fearful_3,fearful,3,emotions
p029,1,1,fearful_4.jpg,10,2,fearful_4,fearful,4,emotions
p029,1,1,happy_3.jpg,5,3,happy_3,happy,3,emotions
p029,1,1,happy_4.jpg,4,6,happy_4,happy,4,emotions
p029,1,1,sad_3.jpg,2,4,sad_3,sad,3,emotions
p029,1,1,sad_4.jpg,2,3,sad_4,sad,4,emotions
p029,1,1,surprise_3.jpg,6,1,surprise_3,surprise,3,emotions
p029,1,1,surprise_4.jpg,1,6,surprise_4,surprise,4,emotions
p029,1,2,angry_1.jpg,3,1,angry_1,angry,1,emotions
p029,1,2,angry_2.jpg,4,1,angry_2,angry,2,emotions
p029,1,2,disgust_1.jpg,6,6,disgust_1,disgust,1,emotions
p029,1,2,disgust_2.jpg,5,6,disgust_2,disgust,2,emotions
p029,1,2,fearful_1.jpg,7,1,fearful_1,fearful,1,emotions
p029,1,2,fearful_2.jpg,6,1,fearful_2,fearful,2,emotions
p029,1,2,happy_1.jpg,7,4,happy_1,happy,1,emotions
p029,1,2,happy_2.jpg,8,4,happy_2,happy,2,emotions
p029,1,2,sad_1.jpg,2,4,sad_1,sad,1,emotions
p029,1,2,sad_2.jpg,3,4,sad_2,sad,2,emotions
p029,1,2,surprise_1.jpg,10,2,surprise_1,surprise,1,emotions
p029,1,2,surprise_2.jpg,10,1,surprise_2,surprise,2,emotions
p029,2,3,butterfly_2.jpg,3,6,butterfly_2,butterfly,2,animals
p029,2,3,dolphin_2.jpg,5,1,dolphin_2,dolphin,2,animals
p029,2,3,fish_2.jpg,3,1,fish_2,fish,2,animals
p029,2,3,fox_2.jpg,8,2,fox_2,fox,2,animals
p029,2,3,horse_2.jpg,10,1,horse_2,horse,2,animals
p029,2,3,ladybug_2.jpg,1,6,ladybug_2,ladybug,2,animals
p029,2,3,lion_2.jpg,1,2,lion_2,lion,2,animals
p029,2,3,peacock_2.jpg,3,4,peacock_2,peacock,2,animals
p029,2,3,pigeon_2.jpg,4,6,pigeon_2,pigeon,2,animals
p029,2,3,sheep_2.jpg,7,3,sheep_2,sheep,2,animals
p029,2,3,squirrel_2.jpg,7,6,squirrel_2,squirrel,2,animals
p029,2,3,wolf_2.jpg,10,4,wolf_2,wolf,2,animals
p029,2,4,butterfly_1.jpg,3,6,butterfly_1,butterfly,1,animals
p029,2,4,dolphin_1.jpg,8,1,dolphin_1,dolphin,1,animals
p029,2,4,fish_1.jpg,6,1,fish_1,fish,1,animals
p029,2,4,fox_1.jpg,8,4,fox_1,fox,1,animals
p029,2,4,horse_1.jpg,10,4,horse_1,horse,1,animals
p029,2,4,ladybug_1.jpg,1,6,ladybug_1,ladybug,1,animals
p029,2,4,lion_1.jpg,7,6,lion_1,lion,1,animals
p029,2,4,peacock_1.jpg,2,2,peacock_1,peacock,1,animals
p029,2,4,pigeon_1.jpg,5,2,pigeon_1,pigeon,1,animals
p029,2,4,sheep_1.jpg,9,2,sheep_1,sheep,1,animals
p029,2,4,squirrel_1.jpg,6,4,squirrel_1,squirrel,1,animals
p029,2,4,wolf_1.jpg,9,5,wolf_1,wolf,1,animals
p029,3,5,acorn_2.jpg,9,2,acorn_2,acorn,2,plants
p029,3,5,apple_2.jpg,7,3,apple_2,apple,2,plants
p029,3,5,blueberry_2.jpg,8,3,blueberry_2,blueberry,2,plants
p029,3,5,broccoli_2.jpg,5,3,broccoli_2,broccoli,2,plants
p029,3,5,cabbage_2.jpg,10,3,cabbage_2,cabbage,2,plants
p029,3,5,cactus_2.jpg,1,6,cactus_2,cactus,2,plants
p029,3,5,cherry_2.jpg,6,3,cherry_2,cherry,2,plants
p029,3,5,flower_2.jpg,1,1,flower_2,flower,2,plants
p029,3,5,grass_2.jpg,7,1,grass_2,grass,2,plants
p029,3,5,leaf_2.jpg,9,1,leaf_2,leaf,2,plants
p029,3,5,peanut_2.jpg,10,6,peanut_2,peanut,2,plants
p029,3,5,tree_2.jpg,10,1,tree_2,tree,2,plants
p029,3,6,acorn_1.jpg,9,5,acorn_1,acorn,1,plants
p029,3,6,apple_1.jpg,10,4,apple_1,apple,1,plants
p029,3,6,blueberry_1.jpg,6,4,blueberry_1,blueberry,1,plants
p029,3,6,broccoli_1.jpg,4,4,broccoli_1,broccoli,1,plants
p029,3,6,cabbage_1.jpg,3,5,cabbage_1,cabbage,1,plants
p029,3,6,cactus_1.jpg,9,1,cactus_1,cactus,1,plants
p029,3,6,cherry_1.jpg,8,4,cherry_1,cherry,1,plants
p029,3,6,flower_1.jpg,4,2,flower_1,flower,1,plants
p029,3,6,grass_1.jpg,6,2,grass_1,grass,1,plants
p029,3,6,leaf_1.jpg,8,2,leaf_1,leaf,1,plants
p029,3,6,peanut_1.jpg,2,4,peanut_1,peanut,1,plants
p029,3,6,tree_1.jpg,6,1,tree_1,tree,1,plants
p030,1,1,angry_3.jpg,2,3,angry_3,angry,3,emotions
p030,1,1,angry_4.jpg,2,4,angry_4,angry,4,emotions
p030,1,1,disgust_3.jpg,7,5,disgust_3,disgust,3,emotions
p030,1,1,disgust_4.jpg,5,5,disgust_4,disgust,4,emotions
p030,1,1,fearful_3.jpg,9,3,fearful_3,fearful,3,emotions
p030,1,1,fearful_4.jpg,9,2,fearful_4,fearful,4,emotions
p030,1,1,happy_3.jpg,10,6,happy_3,happy,3,emotions
p030,1,1,happy_4.jpg,9,6,happy_4,happy,4,emotions
p030,1,1,sad_3.jpg,6,5,sad_3,sad,3,emotions
p030,1,1,sad_4.jpg,2,6,sad_4,sad,4,emotions
p030,1,1,surprise_3.jpg,6,1,surprise_3,surprise,3,emotions
p030,1,1,surprise_4.jpg,5,1,surprise_4,surprise,4,emotions
p030,1,2,angry_1.jpg,9,1,angry_1,angry,1,emotions
p030,1,2,angry_2.jpg,9,2,angry_2,angry,2,emotions
p030,1,2,disgust_1.jpg,9,3,disgust_1,disgust,1,emotions
p030,1,2,disgust_2.jpg,9,6,disgust_2,disgust,2,emotions
p030,1,2,fearful_1.jpg,5,6,fearful_1,fearful,1,emotions
p030,1,2,fearful_2.jpg,6,6,fearful_2,fearful,2,emotions
p030,1,2,happy_1.jpg,2,6,happy_1,happy,1,emotions
p030,1,2,happy_2.jpg,2,5,happy_2,happy,2,emotions
p030,1,2,sad_1.jpg,2,3,sad_1,sad,1,emotions
p030,1,2,sad_2.jpg,2,2,sad_2,sad,2,emotions
p030,1,2,surprise_1.jpg,6,1,surprise_1,surprise,1,emotions
p030,1,2,surprise_2.jpg,5,1,surprise_2,surprise,2,emotions
p030,2,3,acorn_2.jpg,9,3,acorn_2,acorn,2,plants
p030,2,3,apple_2.jpg,2,2,apple_2,apple,2,plants
p030,2,3,blueberry_2.jpg,2,6,blueberry_2,blueberry,2,plants
p030,2,3,broccoli_2.jpg,7,5,broccoli_2,broccoli,2,plants
p030,2,3,cabbage_2.jpg,7,6,cabbage_2,cabbage,2,plants
p030,2,3,cactus_2.jpg,9,6,cactus_2,cactus,2,plants
p030,2,3,cherry_2.jpg,2,3,cherry_2,cherry,2,plants
p030,2,3,flower_2.jpg,6,1,flower_2,flower,2,plants
p030,2,3,grass_2.jpg,8,5,grass_2,grass,2,plants
p030,2,3,leaf_2.jpg,8,6,leaf_2,leaf,2,plants
p030,2,3,peanut_2.jpg,9,2,peanut_2,peanut,2,plants
p030,2,3,tree_2.jpg,9,5,tree_2,tree,2,plants
p030,2,4,acorn_1.jpg,2,6,acorn_1,acorn,1,plants
p030,2,4,apple_1.jpg,10,1,apple_1,apple,1,plants
p030,2,4,blueberry_1.jpg,1,1,blueberry_1,blueberry,1,plants
p030,2,4,broccoli_1.jpg,10,6,broccoli_1,broccoli,1,plants
p030,2,4,cabbage_1.jpg,8,5,cabbage_1,cabbage,1,plants
p030,2,4,cactus_1.jpg,8,6,cactus_1,cactus,1,plants
p030,2,4,cherry_1.jpg,9,1,cherry_1,cherry,1,plants
p030,2,4,flower_1.jpg,4,3,flower_1,flower,1,plants
p030,2,4,grass_1.jpg,9,6,grass_1,grass,1,plants
p030,2,4,leaf_1.jpg,10,5,leaf_1,leaf,1,plants
p030,2,4,peanut_1.jpg,1,6,peanut_1,peanut,1,plants
p030,2,4,tree_1.jpg,9,5,tree_1,tree,1,plants
p030,3,5,butterfly_2.jpg,1,1,butterfly_2,butterfly,2,animals
p030,3,5,dolphin_2.jpg,4,1,dolphin_2,dolphin,2,animals
p030,3,5,fish_2.jpg,2,2,fish_2,fish,2,animals
p030,3,5,fox_2.jpg,10,1,fox_2,fox,2,animals
p030,3,5,horse_2.jpg,3,2,horse_2,horse,2,animals
p030,3,5,ladybug_2.jpg,3,1,ladybug_2,ladybug,2,animals
p030,3,5,lion_2.jpg,10,4,lion_2,lion,2,animals
p030,3,5,peacock_2.jpg,2,1,peacock_2,peacock,2,animals
p030,3,5,pigeon_2.jpg,10,3,pigeon_2,pigeon,2,animals
p030,3,5,sheep_2.jpg,1,2,sheep_2,sheep,2,animals
p030,3,5,squirrel_2.jpg,4,2,squirrel_2,squirrel,2,animals
p030,3,5,wolf_2.jpg,10,2,wolf_2,wolf,2,animals
p030,3,6,butterfly_1.jpg,10,2,butterfly_1,butterfly,1,animals
p030,3,6,dolphin_1.jpg,10,5,dolphin_1,dolphin,1,animals
p030,3,6,fish_1.jpg,1,1,fish_1,fish,1,animals
p030,3,6,fox_1.jpg,1,2,fox_1,fox,1,animals
p030,3,6,horse_1.jpg,10,3,horse_1,horse,1,animals
p030,3,6,ladybug_1.jpg,10,4,ladybug_1,ladybug,1,animals
p030,3,6,lion_1.jpg,1,3,lion_1,lion,1,animals
p030,3,6,peacock_1.jpg,10,1,peacock_1,peacock,1,animals
p030,3,6,pigeon_1.jpg,1,5,pigeon_1,pigeon,1,animals
p030,3,6,sheep_1.jpg,10,6,sheep_1,sheep,1,animals
p030,3,6,squirrel_1.jpg,1,4,squirrel_1,squirrel,1,animals
p030,3,6,wolf_1.jpg,1,6,wolf_1,wolf,1,animals
p031,1,1,acorn_2.jpg,4,2,acorn_2,acorn,2,plants
p031,1,1,apple_2.jpg,5,5,apple_2,apple,2,plants
p031,1,1,blueberry_2.jpg,6,6,blueberry_2,blueberry,2,plants
p031,1,1,broccoli_2.jpg,9,2,broccoli_2,broccoli,2,plants
p031,1,1,cabbage_2.jpg,8,4,cabbage_2,cabbage,2,plants
p031,1,1,cactus_2.jpg,2,4,cactus_2,cactus,2,plants
p031,1,1,cherry_2.jpg,6,5,cherry_2,cherry,2,plants
p031,1,1,flower_2.jpg,6,2,flower_2,flower,2,plants
p031,1,1,grass_2.jpg,3,4,grass_2,grass,2,plants
p031,1,1,leaf_2.jpg,3,5,leaf_2,leaf,2,plants
p031,1,1,peanut_2.jpg,3,2,peanut_2,peanut,2,plants
p031,1,1,tree_2.jpg,2,5,tree_2,tree,2,plants
p031,1,2,acorn_1.jpg,8,3,acorn_1,acorn,1,plants
p031,1,2,apple_1.jpg,5,5,apple_1,apple,1,plants
p031,1,2,blueberry_1.jpg,6,5,blueberry_1,blueberry,1,plants
p031,1,2,broccoli_1.jpg,6,2,broccoli_1,broccoli,1,plants
p031,1,2,cabbage_1.jpg,6,1,cabbage_1,cabbage,1,plants
p031,1,2,cactus_1.jpg,3,4,cactus_1,cactus,1,plants
p031,1,2,cherry_1.jpg,5,6,cherry_1,cherry,1,plants
p031,1,2,flower_1.jpg,2,4,flower_1,flower,1,plants
p031,1,2,grass_1.jpg,2,3,grass_1,grass,1,plants
p031,1,2,leaf_1.jpg,3,3,leaf_1,leaf,1,plants
p031,1,2,peanut_1.jpg,8,4,peanut_1,peanut,1,plants
p031,1,2,tree_1.jpg,2,5,tree_1,tree,1,plants
p031,2,3,butterfly_2.jpg,1,1,butterfly_2,butterfly,2,animals
p031,2,3,dolphin_2.jpg,4,3,dolphin_2,dolphin,2,animals
p031,2,3,fish_2.jpg,4,4,fish_2,fish,2,animals
p031,2,3,fox_2.jpg,9,1,fox_2,fox,2,animals
p031,2,3,horse_2.jpg,8,3,horse_2,horse,2,animals
p031,2,3,ladybug_2.jpg,1,2,ladybug_2,ladybug,2,animals
p031,2,3,lion_2.jpg,10,2,lion_2,lion,2,animals
p031,2,3,peacock_2.jpg,2,3,peacock_2,peacock,2,animals
p031,2,3,pigeon_2.jpg,2,4,pigeon_2,pigeon,2,animals
p031,2,3,sheep_2.jpg,6,6,sheep_2,sheep,2,animals
p031,2,3,squirrel_2.jpg,4,1,squirrel_2,squirrel,2,animals
p031,2,3,wolf_2.jpg,10,1,wolf_2,wolf,2,animals
p031,2,4,butterfly_1.jpg,1,2,butterfly_1,butterfly,1,animals
p031,2,4,dolphin_1.jpg,5,1,dolphin_1,dolphin,1,animals
p031,2,4,fish_1.jpg,4,1,fish_1,fish,1,animals
p031,2,4,fox_1.jpg,10,2,fox_1,fox,1,animals
p031,2,4,horse_1.jpg,7,6,horse_1,horse,1,animals
p031,2,4,ladybug_1.jpg,1,1,ladybug_1,ladybug,1,animals
p031,2,4,lion_1.jpg,10,1,lion_1,lion,1,animals
p031,2,4,peacock_1.jpg,3,3,peacock_1,peacock,1,animals
p031,2,4,pigeon_1.jpg,3,4,pigeon_1,pigeon,1,animals
p031,2,4,sheep_1.jpg,3,6,sheep_1,sheep,1,animals
p031,2,4,squirrel_1.jpg,7,3,squirrel_1,squirrel,1,animals
p031,2,4,wolf_1.jpg,9,1,wolf_1,wolf,1,animals
p031,3,5,angry_3.jpg,10,2,angry_3,angry,3,emotions
p031,3,5,angry_4.jpg,10,1,angry_4,angry,4,emotions
p031,3,5,disgust_3.jpg,2,6,disgust_3,disgust,3,emotions
p031,3,5,disgust_4.jpg,1,6,disgust_4,disgust,4,emotions
p031,3,5,fearful_3.jpg,4,4,fearful_3,fearful,3,emotions
p031,3,5,fearful_4.jpg,4,3,fearful_4,fearful,4,emotions
p031,3,5,happy_3.jpg,10,6,happy_3,happy,3,emotions
p031,3,5,happy_4.jpg,9,6,happy_4,happy,4,emotions
p031,3,5,sad_3.jpg,1,1,sad_3,sad,3,emotions
p031,3,5,sad_4.jpg,1,2,sad_4,sad,4,emotions
p031,3,5,surprise_3.jpg,5,1,surprise_3,surprise,3,emotions
p031,3,5,surprise_4.jpg,6,1,surprise_4,surprise,4,emotions
p031,3,6,angry_1.jpg,10,6,angry_1,angry,1,emotions
p031,3,6,angry_2.jpg,10,5,angry_2,angry,2,emotions
p031,3,6,disgust_1.jpg,5,2,disgust_1,disgust,1,emotions
p031,3,6,disgust_2.jpg,1,6,disgust_2,disgust,2,emotions
p031,3,6,fearful_1.jpg,9,1,fearful_1,fearful,1,emotions
p031,3,6,fearful_2.jpg,10,1,fearful_2,fearful,2,emotions
p031,3,6,happy_1.jpg,3,4,happy_1,happy,1,emotions
p031,3,6,happy_2.jpg,3,3,happy_2,happy,2,emotions
p031,3,6,sad_1.jpg,2,1,sad_1,sad,1,emotions
p031,3,6,sad_2.jpg,1,1,sad_2,sad,2,emotions
p031,3,6,surprise_1.jpg,5,6,surprise_1,surprise,1,emotions
p031,3,6,surprise_2.jpg,6,6,surprise_2,surprise,2,emotions
p033,1,1,butterfly_1.jpg,2,3,butterfly_1,butterfly,1,animals
p033,1,1,dolphin_1.jpg,10,6,dolphin_1,dolphin,1,animals
p033,1,1,fish_1.jpg,7,1,fish_1,fish,1,animals
p033,1,1,fox_1.jpg,8,4,fox_1,fox,1,animals
p033,1,1,horse_1.jpg,5,6,horse_1,horse,1,animals
p033,1,1,ladybug_1.jpg,10,3,ladybug_1,ladybug,1,animals
p033,1,1,lion_1.jpg,5,1,lion_1,lion,1,animals
p033,1,1,peacock_1.jpg,9,1,peacock_1,peacock,1,animals
p033,1,1,pigeon_1.jpg,7,6,pigeon_1,pigeon,1,animals
p033,1,1,sheep_1.jpg,2,4,sheep_1,sheep,1,animals
p033,1,1,squirrel_1.jpg,2,1,squirrel_1,squirrel,1,animals
p033,1,1,wolf_1.jpg,8,3,wolf_1,wolf,1,animals
p033,1,2,butterfly_2.jpg,10,6,butterfly_2,butterfly,2,animals
p033,1,2,dolphin_2.jpg,6,2,dolphin_2,dolphin,2,animals
p033,1,2,fish_2.jpg,10,3,fish_2,fish,2,animals
p033,1,2,fox_2.jpg,9,4,fox_2,fox,2,animals
p033,1,2,horse_2.jpg,2,5,horse_2,horse,2,animals
p033,1,2,ladybug_2.jpg,10,1,ladybug_2,ladybug,2,animals
p033,1,2,lion_2.jpg,8,2,lion_2,lion,2,animals
p033,1,2,peacock_2.jpg,5,6,peacock_2,peacock,2,animals
p033,1,2,pigeon_2.jpg,8,5,pigeon_2,pigeon,2,animals
p033,1,2,sheep_2.jpg,1,3,sheep_2,sheep,2,animals
p033,1,2,squirrel_2.jpg,3,1,squirrel_2,squirrel,2,animals
p033,1,2,wolf_2.jpg,4,3,wolf_2,wolf,2,animals
p033,2,3,angry_1.jpg,4,3,angry_1,angry,1,emotions
p033,2,3,angry_2.jpg,6,6,angry_2,angry,2,emotions
p033,2,3,disgust_1.jpg,8,6,disgust_1,disgust,1,emotions
p033,2,3,disgust_2.jpg,5,5,disgust_2,disgust,2,emotions
p033,2,3,fearful_1.jpg,10,2,fearful_1,fearful,1,emotions
p033,2,3,fearful_2.jpg,8,3,fearful_2,fearful,2,emotions
p033,2,3,happy_1.jpg,9,1,happy_1,happy,1,emotions
p033,2,3,happy_2.jpg,10,4,happy_2,happy,2,emotions
p033,2,3,sad_1.jpg,6,1,sad_1,sad,1,emotions
p033,2,3,sad_2.jpg,3,6,sad_2,sad,2,emotions
p033,2,3,surprise_1.jpg,2,2,surprise_1,surprise,1,emotions
p033,2,3,surprise_2.jpg,8,5,surprise_2,surprise,2,emotions
p033,2,4,angry_3.jpg,4,4,angry_3,angry,3,emotions
p033,2,4,angry_4.jpg,4,5,angry_4,angry,4,emotions
p033,2,4,disgust_3.jpg,6,4,disgust_3,disgust,3,emotions
p033,2,4,disgust_4.jpg,5,4,disgust_4,disgust,4,emotions
p033,2,4,fearful_3.jpg,1,4,fearful_3,fearful,3,emotions
p033,2,4,fearful_4.jpg,7,4,fearful_4,fearful,4,emotions
p033,2,4,happy_3.jpg,8,4,happy_3,happy,3,emotions
p033,2,4,happy_4.jpg,2,4,happy_4,happy,4,emotions
p033,2,4,sad_3.jpg,9,4,sad_3,sad,3,emotions
p033,2,4,sad_4.jpg,10,4,sad_4,sad,4,emotions
p033,2,4,surprise_3.jpg,6,5,surprise_3,surprise,3,emotions
p033,2,4,surprise_4.jpg,3,4,surprise_4,surprise,4,emotions
p033,3,5,acorn_1.jpg,6,6,acorn_1,acorn,1,plants
p033,3,5,apple_1.jpg,10,2,apple_1,apple,1,plants
p033,3,5,blueberry_1.jpg,1,2,blueberry_1,blueberry,1,plants
p033,3,5,broccoli_1.jpg,7,6,broccoli_1,broccoli,1,plants
p033,3,5,cabbage_1.jpg,7,1,cabbage_1,cabbage,1,plants
p033,3,5,cactus_1.jpg,3,6,cactus_1,cactus,1,plants
p033,3,5,cherry_1.jpg,1,4,cherry_1,cherry,1,plants
p033,3,5,flower_1.jpg,5,1,flower_1,flower,1,plants
p033,3,5,grass_1.jpg,10,4,grass_1,grass,1,plants
p033,3,5,leaf_1.jpg,2,1,leaf_1,leaf,1,plants
p033,3,5,peanut_1.jpg,10,6,peanut_1,peanut,1,plants
p033,3,5,tree_1.jpg,10,1,tree_1,tree,1,plants
p033,3,6,acorn_2.jpg,4,1,acorn_2,acorn,2,plants
p033,3,6,apple_2.jpg,8,6,apple_2,apple,2,plants
p033,3,6,blueberry_2.jpg,6,4,blueberry_2,blueberry,2,plants
p033,3,6,broccoli_2.jpg,10,1,broccoli_2,broccoli,2,plants
p033,3,6,cabbage_2.jpg,6,2,cabbage_2,cabbage,2,plants
p033,3,6,cactus_2.jpg,8,3,cactus_2,cactus,2,plants
p033,3,6,cherry_2.jpg,1,6,cherry_2,cherry,2,plants
p033,3,6,flower_2.jpg,10,5,flower_2,flower,2,plants
p033,3,6,grass_2.jpg,10,3,grass_2,grass,2,plants
p033,3,6,leaf_2.jpg,1,1,leaf_2,leaf,2,plants
p033,3,6,peanut_2.jpg,4,5,peanut_2,peanut,2,plants
p033,3,6,tree_2.jpg,1,3,tree_2,tree,2,plants
p034,1,1,butterfly_1.jpg,3,3,butterfly_1,butterfly,1,animals
p034,1,1,dolphin_1.jpg,7,2,dolphin_1,dolphin,1,animals
p034,1,1,fish_1.jpg,6,2,fish_1,fish,1,animals
p034,1,1,fox_1.jpg,9,5,fox_1,fox,1,animals
p034,1,1,horse_1.jpg,9,2,horse_1,horse,1,animals
p034,1,1,ladybug_1.jpg,3,2,ladybug_1,ladybug,1,animals
p034,1,1,lion_1.jpg,1,5,lion_1,lion,1,animals
p034,1,1,peacock_1.jpg,3,4,peacock_1,peacock,1,animals
p034,1,1,pigeon_1.jpg,3,5,pigeon_1,pigeon,1,animals
p034,1,1,sheep_1.jpg,9,4,sheep_1,sheep,1,animals
p034,1,1,squirrel_1.jpg,9,6,squirrel_1,squirrel,1,animals
p034,1,1,wolf_1.jpg,9,3,wolf_1,wolf,1,animals
p034,1,2,butterfly_2.jpg,10,2,butterfly_2,butterfly,2,animals
p034,1,2,dolphin_2.jpg,1,3,dolphin_2,dolphin,2,animals
p034,1,2,fish_2.jpg,1,2,fish_2,fish,2,animals
p034,1,2,fox_2.jpg,8,3,fox_2,fox,2,animals
p034,1,2,horse_2.jpg,3,2,horse_2,horse,2,animals
p034,1,2,ladybug_2.jpg,10,3,ladybug_2,ladybug,2,animals
p034,1,2,lion_2.jpg,8,5,lion_2,lion,2,animals
p034,1,2,peacock_2.jpg,3,6,peacock_2,peacock,2,animals
p034,1,2,pigeon_2.jpg,4,6,pigeon_2,pigeon,2,animals
p034,1,2,sheep_2.jpg,3,4,sheep_2,sheep,2,animals
p034,1,2,squirrel_2.jpg,3,3,squirrel_2,squirrel,2,animals
p034,1,2,wolf_2.jpg,8,4,wolf_2,wolf,2,animals
p034,2,3,acorn_1.jpg,6,3,acorn_1,acorn,1,plants
p034,2,3,apple_1.jpg,2,2,apple_1,apple,1,plants
p034,2,3,blueberry_1.jpg,2,6,blueberry_1,blueberry,1,plants
p034,2,3,broccoli_1.jpg,2,5,broccoli_1,broccoli,1,plants
p034,2,3,cabbage_1.jpg,2,3,cabbage_1,cabbage,1,plants
p034,2,3,cactus_1.jpg,8,2,cactus_1,cactus,1,plants
p034,2,3,cherry_1.jpg,2,4,cherry_1,cherry,1,plants
p034,2,3,flower_1.jpg,10,3,flower_1,flower,1,plants
p034,2,3,grass_1.jpg,10,2,grass_1,grass,1,plants
p034,2,3,leaf_1.jpg,6,5,leaf_1,leaf,1,plants
p034,2,3,peanut_1.jpg,6,2,peanut_1,peanut,1,plants
p034,2,3,tree_1.jpg,6,4,tree_1,tree,1,plants
p034,2,4,acorn_2.jpg,3,5,acorn_2,acorn,2,plants
p034,2,4,apple_2.jpg,5,2,apple_2,apple,2,plants
p034,2,4,blueberry_2.jpg,5,3,blueberry_2,blueberry,2,plants
p034,2,4,broccoli_2.jpg,5,5,broccoli_2,broccoli,2,plants
p034,2,4,cabbage_2.jpg,5,1,cabbage_2,cabbage,2,plants
p034,2,4,cactus_2.jpg,8,3,cactus_2,cactus,2,plants
p034,2,4,cherry_2.jpg,5,4,cherry_2,cherry,2,plants
p034,2,4,flower_2.jpg,7,5,flower_2,flower,2,plants
p034,2,4,grass_2.jpg,7,6,grass_2,grass,2,plants
p034,2,4,leaf_2.jpg,10,3,leaf_2,leaf,2,plants
p034,2,4,peanut_2.jpg,3,3,peanut_2,peanut,2,plants
p034,2,4,tree_2.jpg,8,1,tree_2,tree,2,plants
p034,3,5,angry_1.jpg,2,3,angry_1,angry,1,emotions
p034,3,5,angry_2.jpg,2,4,angry_2,angry,2,emotions
p034,3,5,disgust_1.jpg,2,5,disgust_1,disgust,1,emotions
p034,3,5,disgust_2.jpg,7,5,disgust_2,disgust,2,emotions
p034,3,5,fearful_1.jpg,5,3,fearful_1,fearful,1,emotions
p034,3,5,fearful_2.jpg,5,4,fearful_2,fearful,2,emotions
p034,3,5,happy_1.jpg,9,4,happy_1,happy,1,emotions
p034,3,5,happy_2.jpg,9,3,happy_2,happy,2,emotions
p034,3,5,sad_1.jpg,7,4,sad_1,sad,1,emotions
p034,3,5,sad_2.jpg,7,3,sad_2,sad,2,emotions
p034,3,5,surprise_1.jpg,5,2,surprise_1,surprise,1,emotions
p034,3,5,surprise_2.jpg,5,5,surprise_2,surprise,2,emotions
p034,3,6,angry_3.jpg,1,2,angry_3,angry,3,emotions
p034,3,6,angry_4.jpg,1,1,angry_4,angry,4,emotions
p034,3,6,disgust_3.jpg,1,3,disgust_3,disgust,3,emotions
p034,3,6,disgust_4.jpg,1,4,disgust_4,disgust,4,emotions
p034,3,6,fearful_3.jpg,5,2,fearful_3,fearful,3,emotions
p034,3,6,fearful_4.jpg,5,1,fearful_4,fearful,4,emotions
p034,3,6,happy_3.jpg,10,2,happy_3,happy,3,emotions
p034,3,6,happy_4.jpg,10,1,happy_4,happy,4,emotions
p034,3,6,sad_3.jpg,3,1,sad_3,sad,3,emotions
p034,3,6,sad_4.jpg,3,2,sad_4,sad,4,emotions
p034,3,6,surprise_3.jpg,8,2,surprise_3,surprise,3,emotions
p034,3,6,surprise_4.jpg,8,1,surprise_4,surprise,4,emotions
